#
# A fatal error has been detected by the Java Runtime Environment:
#
#  SIGSEGV (0xb) at pc=0x00007f0db1fb0089, pid=25105, tid=25968
#
# JRE version: OpenJDK Runtime Environment JBR-21.0.11+10-1163.116-jcef (21.0.11+10) (build 21.0.11+10-b1163.116)
# Java VM: OpenJDK 64-Bit Server VM JBR-21.0.11+10-1163.116-jcef (21.0.11+10-b1163.116, mixed mode, sharing, tiered, compressed oops, compressed class ptrs, g1 gc, linux-amd64)
# Problematic frame:
# C  [libc.so.6+0x1b0089]
#
# Core dump will be written. Default location: Core dumps may be processed with "/usr/lib/systemd/systemd-coredump %P %u %g %s %t %c %h %d %F %I" (or dumping to /home/arcady/Documents/cove/app/desktop/core.25105)
#
# If you would like to submit a bug report, please visit:
#   https://youtrack.jetbrains.com/issues/JBR
# The crash happened outside the Java Virtual Machine in native code.
# See problematic frame for where to report the bug.
#

---------------  S U M M A R Y ------------

Command Line: -Dcompose.reload.argfile=/home/arcady/Documents/cove/app/desktop/build/run/main/main.argfile -Dcompose.reload.build.continuous=false -Dcompose.reload.build.warmup=true -Dcompose.reload.buildSystem=Gradle -Dcompose.reload.devToolsClasspath=/home/arcady/.gradle/caches/modules-2/files-2.1/org.jetbrains.compose.hot-reload/hot-reload-devtools/1.1.1/bc27016efe338fc35c213cac2349d477adc08095/hot-reload-devtools-1.1.1.jar:/home/arcady/.gradle/caches/modules-2/files-2.1/org.jetbrains.compose.hot-reload/hot-reload-devtools-api/1.1.1/78295e7e36c6e1258d87e238865978a1a980da99/hot-reload-devtools-api-1.1.1.jar:/home/arcady/.gradle/caches/modules-2/files-2.1/org.jetbrains.compose.hot-reload/hot-reload-orchestration/1.1.1/7b5f9ed6f49115dd0ab30a91bd22214f101d23f/hot-reload-orchestration-1.1.1.jar:/home/arcady/.gradle/caches/modules-2/files-2.1/org.jetbrains.compose.hot-reload/hot-reload-core/1.1.1/f31266b5813648696560864a541a2fe784a0a671/hot-reload-core-1.1.1.jar:/home/arcady/.gradle/caches/modules-2/files-2.1/org.jetbrains.compose.hot-reload/hot-reload-runtime-api-jvm/1.1.1/61c13a79480c55140cbd9fe1ca651d86efcbee7/hot-reload-runtime-api-jvm-1.1.1.jar:/home/arcady/.gradle/caches/modules-2/files-2.1/org.jetbrains.compose.desktop/desktop-jvm/1.10.0/42facd9840309ac4eb841a986c5d1b97d2780471/desktop-jvm-1.10.0.jar:/home/arcady/.gradle/caches/modules-2/files-2.1/org.jetbrains.compose.components/components-resources-desktop/1.10.0/c6115b607f77e9d033de360f989850d3824bf112/library-desktop-1.10.0.jar:/home/arcady/.gradle/caches/modules-2/files-2.1/io.sellmair/evas-compose-jvm/1.4.0/a89b78f345d4a21a29c295820e4aa931aec1b93b/evas-compose-jvm-1.4.0.jar:/home/arcady/.gradle/caches/modules-2/files-2.1/io.sellmair/evas-jvm/1.4.0/3c6955af5c56c65290575b2b998ec166c5079de4/evas-jvm-1.4.0.jar:/home/arcady/.gradle/caches/modules-2/files-2.1/org.jetbrains.skiko/skiko-awt-runtime-linux-x64/0.9.37.3/aa9d80683c4b8fd560e22eb53a70b335e8281b66/skiko-awt-runtime-linux-x64-0.9.37.3.jar:/home/arcady/.gradle/caches/modules-2/files-2.1/org.jetbrains.compose.material3/material3-desktop/1.9.0/19004c4eb3dc6618eb66a076bbe3d7e1a2e7b85/material3-desktop-1.9.0.jar:/home/arcady/.gradle/caches/modules-2/files-2.1/org.jetbrains-Dcompose.reload.devToolsDetached=false -Dcompose.reload.devToolsEnabled=true -Dcompose.reload.devToolsHeadless=false -Dcompose.reload.devToolsTransparencyEnabled=false -Dcompose.reload.dirtyResolveDepthLimit=5 -Dcompose.reload.effectsEnabled=true -Dcompose.reload.isActive=true -Dcompose.reload.launchMode=GradleBlocking -Dcompose.reload.logLevel=Info -Dcompose.reload.logStdout=false -Dcompose.reload.mainClass=com.coveninja.cove.desktop.MainKt -Dcompose.reload.pidFile=/home/arcady/Documents/cove/app/desktop/build/run/main/main.pid -Dcompose.reload.staticsReinitializeMode=AllDirty -Dcompose.reload.virtualMethodResolveEnabled=true -Dgradle.build.project=:desktop -Dgradle.build.root=/home/arcady/Documents/cove/app -Dgradle.build.task=hotReloadMain -Dgradle.offline.mode=false -Dorg.gradle.java.home=/home/arcady/.local/share/JetBrains/Toolbox/apps/intellij-idea/jbr -XX:+IgnoreUnrecognizedVMOptions -XX:+AllowEnhancedClassRedefinition -javaagent:/home/arcady/.gradle/caches/modules-2/files-2.1/org.jetbrains.compose.hot-reload/hot-reload-agent/1.1.1/15bff959a6459c2786e055fba794266fade25ade/hot-reload-agent-1.1.1.jar -Dfile.encoding=UTF-8 -Duser.country=US -Duser.language=en -Duser.variant -Dawt.toolkit.name=XToolkit com.coveninja.cove.desktop.MainKt

Host: AMD Ryzen 5 3600 6-Core Processor, 12 cores, 31G, CachyOS
Time: Mon Aug 10 20:39:21 2026 +03 elapsed time: 165.350346 seconds (0d 0h 2m 45s)

---------------  T H R E A D  ---------------

Current thread (0x00007f0cd908e900):  JavaThread "cove-mpv-render" daemon [_thread_in_native, id=25968, stack(0x00007f0ced5f3000,0x00007f0ced6f3000) (1024K)]

Stack: [0x00007f0ced5f3000,0x00007f0ced6f3000],  sp=0x00007f0ced6eff98,  free space=1011k
Native frames: (J=compiled Java code, j=interpreted, Vv=VM code, C=native code)
C  [libc.so.6+0x1b0089]
C  [libmpv.so+0x146bf5]
Java frames: (J=compiled Java code, j=interpreted, Vv=VM code)
J 13221  com.sun.jna.Native.invokeInt(Lcom/sun/jna/Function;JI[Ljava/lang/Object;)I (0 bytes) @ 0x00007f0da0d0a521 [0x00007f0da0d0a4a0+0x0000000000000081]
J 20121 c2 com.sun.jna.Function.invoke([Ljava/lang/Object;Ljava/lang/Class;ZI)Ljava/lang/Object; (789 bytes) @ 0x00007f0da0633ce4 [0x00007f0da06339e0+0x0000000000000304]
J 17725 c2 com.sun.jna.Function.invoke(Ljava/lang/reflect/Method;[Ljava/lang/Class;Ljava/lang/Class;[Ljava/lang/Object;Ljava/util/Map;)Ljava/lang/Object; (542 bytes) @ 0x00007f0da10f8444 [0x00007f0da10f7da0+0x00000000000006a4]
J 20018 c2 com.sun.jna.Library$Handler.invoke(Ljava/lang/Object;Ljava/lang/reflect/Method;[Ljava/lang/Object;)Ljava/lang/Object; (394 bytes) @ 0x00007f0da1173700 [0x00007f0da11735c0+0x0000000000000140]
J 20150 c1 jdk.proxy2.$Proxy5.mpv_render_context_render(Lcom/sun/jna/Pointer;Lcom/sun/jna/Pointer;)I jdk.proxy2 (43 bytes) @ 0x00007f0d98a46dc4 [0x00007f0d98a46980+0x0000000000000444]
J 18090 c1 com.coveninja.cove.desktop.player.MpvSoftwarePlayer.renderFrame()V (476 bytes) @ 0x00007f0d9a24e1f4 [0x00007f0d9a24c820+0x00000000000019d4]
J 20092 c1 com.coveninja.cove.desktop.player.MpvSoftwarePlayer.requestRender$lambda$0(Lcom/coveninja/cove/desktop/player/MpvSoftwarePlayer;)V (238 bytes) @ 0x00007f0d98a08e54 [0x00007f0d98a08de0+0x0000000000000074]
J 20091 c1 com.coveninja.cove.desktop.player.MpvSoftwarePlayer$$Lambda+0x00007f0d3072a1b0.run()V (8 bytes) @ 0x00007f0d98a0f6c4 [0x00007f0d98a0f640+0x0000000000000084]
J 18068 c1 java.util.concurrent.ThreadPoolExecutor.runWorker(Ljava/util/concurrent/ThreadPoolExecutor$Worker;)V java.base@21.0.11 (187 bytes) @ 0x00007f0d98e7442c [0x00007f0d98e73aa0+0x000000000000098c]
j  java.util.concurrent.ThreadPoolExecutor$Worker.run()V+5 java.base@21.0.11
j  java.lang.Thread.runWith(Ljava/lang/Object;Ljava/lang/Runnable;)V+5 java.base@21.0.11
j  java.lang.Thread.run()V+19 java.base@21.0.11
v  ~StubRoutines::call_stub 0x00007f0d9ff37cc6

siginfo: si_signo: 11 (SIGSEGV), si_code: 1 (SEGV_MAPERR), si_addr: 0x00007f0c5fb2b230

Registers:
RAX=0x00007f0c5fb2b230, RBX=0x0000000000000002, RCX=0x000000000000085b, RDX=0x000000000000216c
RSP=0x00007f0ced6eff98, RBP=0x00007f0ced6f02b0, RSI=0x0000000000000000, RDI=0x00007f0c5fb2b230
R8 =0x00007f0ced6f0060, R9 =0x0000000000000000, R10=0x0000000000000001, R11=0x000004cc0000085b
R12=0x00007f0ced6f0060, R13=0x000000000000009f, R14=0x000000000000085b, R15=0x00007f0ced6f0060
RIP=0x00007f0db1fb0089, EFLAGS=0x0000000000010287, CSGSFS=0x002b000000000033, ERR=0x0000000000000006
  TRAPNO=0x000000000000000e

XMM[0]=0x0000000000000000 0x0000000000000000
XMM[1]=0x0000000000000000 0x0000000000000000
XMM[2]=0x000003f700000000 0x0000000008000000
XMM[3]=0x0000000000000000 0x0000000000000000
XMM[4]=0x0000000000000000 0x0000000000000000
XMM[5]=0x0000000000000000 0x0000000000000000
XMM[6]=0x0000000000000000 0x0000000000000000
XMM[7]=0x0000000000000000 0x0000000000000000
XMM[8]=0x0000000000000000 0x0000000000000000
XMM[9]=0x3fe0000000000000 0x3fe6e2eb1c432ca5
XMM[10]=0x0000000000000000 0xbfc8aad9c1dccadb
XMM[11]=0x3fe6e2eb1c432ca5 0xbfdd10d75c23a21b
XMM[12]=0xbfbd5498f88cd492 0x3fb27bb2fec56d5d
XMM[13]=0xbfa779451ee2ef29 0xbfdd10d75c23a21b
XMM[14]=0xbfbd5498f88cd492 0xbfbd5498f88cd492
XMM[15]=0x0000000000000000 0xbfbd5498f88cd492
  MXCSR=0x00001faf


Register to memory mapping:

RAX=0x00007f0c5fb2b230 is an unknown value
RBX=0x0000000000000002 is an unknown value
RCX=0x000000000000085b is an unknown value
RDX=0x000000000000216c is an unknown value
RSP=0x00007f0ced6eff98 is pointing into the stack for thread: 0x00007f0cd908e900
RBP=0x00007f0ced6f02b0 is pointing into the stack for thread: 0x00007f0cd908e900
RSI=0x0 is null
RDI=0x00007f0c5fb2b230 is an unknown value
R8 =0x00007f0ced6f0060 is pointing into the stack for thread: 0x00007f0cd908e900
R9 =0x0 is null
R10=0x0000000000000001 is an unknown value
R11=0x000004cc0000085b is an unknown value
R12=0x00007f0ced6f0060 is pointing into the stack for thread: 0x00007f0cd908e900
R13=0x000000000000009f is an unknown value
R14=0x000000000000085b is an unknown value
R15=0x00007f0ced6f0060 is pointing into the stack for thread: 0x00007f0cd908e900

Top of Stack: (sp=0x00007f0ced6eff98)
0x00007f0ced6eff98:   00007f0cfad46583 0000000000000000   .e..............
0x00007f0ced6effa8:   0808000008100000 0000003000000018   ............0...
0x00007f0ced6effb8:   00000001ed6f0090 00007f0ced6effd0   ..o.......n.....
0x00007f0ced6effc8:   d997c3eff1bb3500 00007f0c00000001   .5..............
0x00007f0ced6effd8:   00007f0ced6f0060 0000000000000000   `.o.............
0x00007f0ced6effe8:   00007f0ced6f0020 0000000000000000    .o.............
0x00007f0ced6efff8:   00007f0ced6f0060 00007f0dac7e5460   `.o.....`T~.....
0x00007f0ced6f0008:   00007f0ced6f0050 0000000000000000   P.o.............
0x00007f0ced6f0018:   0000000000000000 0000000000000000   ................
0x00007f0ced6f0028:   0000000000000000 0000000000000000   ................
0x00007f0ced6f0038:   0000000000000000 00007f0dac7e5460   ........`T~.....
0x00007f0ced6f0048:   d997c3eff1bb3500 0000000100000000   .5..............
0x00007f0ced6f0058:   00007f0dacf7f150 0000009f0000085b   P.......[.......
0x00007f0ced6f0068:   00000000000003f7 0000000000000000   ................
0x00007f0ced6f0078:   0000085b00000000 000000000000009f   ....[...........
0x00007f0ced6f0088:   0000000000000000 0000000200000003   ................
0x00007f0ced6f0098:   0000000000000000 0000000000000000   ................
0x00007f0ced6f00a8:   0000000000000000 0000000000000000   ................
0x00007f0ced6f00b8:   0000000000000000 0000000000000000   ................
0x00007f0ced6f00c8:   0000000000000000 0000000000000000   ................
0x00007f0ced6f00d8:   0000000000000000 0000000000000000   ................
0x00007f0ced6f00e8:   0000000000000000 0000000000000000   ................
0x00007f0ced6f00f8:   0000000000000000 0000000000000000   ................
0x00007f0ced6f0108:   0000000000000000 0000000000000000   ................
0x00007f0ced6f0118:   0000000000000000 0000000000000000   ................
0x00007f0ced6f0128:   0000000000000000 000000020000000c   ................
0x00007f0ced6f0138:   0000000000000000 0000000000000000   ................
0x00007f0ced6f0148:   0000000000000000 0000000000000000   ................
0x00007f0ced6f0158:   0000000100000000 0000000000000002   ................
0x00007f0ced6f0168:   0000000000000000 0000000000000000   ................
0x00007f0ced6f0178:   0000000000000000 0000049f000003f7   ................
0x00007f0ced6f0188:   0000200101000001 0000000000000000   ..... ..........

Instructions: (pc=0x00007f0db1fb0089)
0x00007f0db1faff89:   c3 a4 fa ff 0f 1f 00 f3 0f 1e fa 48 c1 e2 02 c5
0x00007f0db1faff99:   f9 6e c6 48 89 f8 c4 e2 79 58 c0 48 83 fa 20 0f
0x00007f0db1faffa9:   82 77 01 00 00 c4 e2 7d 58 c0 eb 35 66 66 2e 0f
0x00007f0db1faffb9:   1f 84 00 00 00 00 00 f3 0f 1e fa 48 39 d1 0f 82
0x00007f0db1faffc9:   83 a4 fa ff 0f 1f 00 f3 0f 1e fa c5 f9 6e c6 48
0x00007f0db1faffd9:   89 f8 48 83 fa 20 0f 82 3b 01 00 00 c4 e2 7d 78
0x00007f0db1faffe9:   c0 48 83 fa 40 0f 87 95 00 00 00 c5 fe 7f 44 17
0x00007f0db1fafff9:   e0 c5 fe 7f 07 c5 f8 77 c3 0f 1f 00 66 66 2e 0f
0x00007f0db1fb0009:   1f 84 00 00 00 00 00 f3 0f 1e fa 48 39 d1 0f 82
0x00007f0db1fb0019:   33 a4 fa ff 66 90 66 66 2e 0f 1f 84 00 00 00 00
0x00007f0db1fb0029:   00 66 66 2e 0f 1f 84 00 00 00 00 00 66 66 2e 0f
0x00007f0db1fb0039:   1f 84 00 00 00 00 00 f3 0f 1e fa c5 f9 6e c6 48
0x00007f0db1fb0049:   89 f8 48 83 fa 20 0f 82 cb 00 00 00 c4 e2 7d 78
0x00007f0db1fb0059:   c0 48 83 fa 40 77 20 c5 fe 7f 07 c5 fe 7f 44 17
0x00007f0db1fb0069:   e0 c5 f8 77 c3 66 90 c5 fe 7f 47 c0 c5 fe 7f 47
0x00007f0db1fb0079:   e0 c5 f8 77 c3 66 90 48 3b 15 89 d1 09 00 77 77
0x00007f0db1fb0089:   c5 fe 7f 07 c5 fe 7f 47 20 48 01 d7 48 81 fa 80
0x00007f0db1fb0099:   00 00 00 76 d2 c5 fe 7f 40 40 c5 fe 7f 40 60 48
0x00007f0db1fb00a9:   83 c7 80 48 81 fa 00 01 00 00 76 2b 48 8d 90 80
0x00007f0db1fb00b9:   00 00 00 48 83 e2 e0 c5 fd 7f 02 c5 fd 7f 42 20
0x00007f0db1fb00c9:   c5 fd 7f 42 40 c5 fd 7f 42 60 48 83 ea 80 48 39
0x00007f0db1fb00d9:   fa 72 e4 0f 1f 40 00 c5 fe 7f 07 c5 fe 7f 47 20
0x00007f0db1fb00e9:   c5 fe 7f 47 40 c5 fe 7f 47 60 c5 f8 77 c3 66 0f
0x00007f0db1fb00f9:   1f 84 00 00 00 00 00 48 3b 15 89 41 0a 00 73 77
0x00007f0db1fb0109:   40 0f b6 c6 48 89 d1 48 89 fa f3 aa 48 89 d0 c5
0x00007f0db1fb0119:   f8 77 c3 0f 1f 40 00 c4 e2 79 78 c0 83 fa 10 7d
0x00007f0db1fb0129:   16 83 fa 08 7d 21 83 fa 04 7d 2c 83 fa 01 7f 37
0x00007f0db1fb0139:   7c 03 40 88 37 c3 90 c5 fa 7f 07 c5 fa 7f 44 17
0x00007f0db1fb0149:   f0 c3 0f 1f 44 00 00 c5 f9 d6 07 c5 f9 d6 44 17
0x00007f0db1fb0159:   f8 c3 0f 1f 44 00 00 c5 f9 7e 07 c5 f9 7e 44 17
0x00007f0db1fb0169:   fc c3 0f 1f 44 00 00 40 88 37 40 88 77 01 40 88
0x00007f0db1fb0179:   74 17 ff c3 0f 1f 00 c5 fe 7f 07 48 8d 54 17 80


Stack slot to memory mapping:

stack at sp + 0 slots: 0x00007f0cfad46583: <offset 0x0000000000146583> in /usr/lib/libmpv.so at 0x00007f0cfac00000
stack at sp + 1 slots: 0x0 is null
stack at sp + 2 slots: 0x0808000008100000 is an unknown value
stack at sp + 3 slots: 0x0000003000000018 is an unknown value
stack at sp + 4 slots: 0x00000001ed6f0090 is an unknown value
stack at sp + 5 slots: 0x00007f0ced6effd0 is pointing into the stack for thread: 0x00007f0cd908e900
stack at sp + 6 slots: 0xd997c3eff1bb3500 is an unknown value
stack at sp + 7 slots: 0x00007f0c00000001 is an unknown value


Compiled method (n/a) 165354 13221     n 0       com.sun.jna.Native::invokeInt (native)
 total in heap  [0x00007f0da0d0a310,0x00007f0da0d0a6c0] = 944
 relocation     [0x00007f0da0d0a468,0x00007f0da0d0a4a0] = 56
 main code      [0x00007f0da0d0a4a0,0x00007f0da0d0a6b4] = 532
 stub code      [0x00007f0da0d0a6b4,0x00007f0da0d0a6b8] = 4
 oops           [0x00007f0da0d0a6b8,0x00007f0da0d0a6c0] = 8

[Constant Pool (empty)]

[MachCode]
[Entry Point]
  # {method} {0x00007f0d2d994988} 'invokeInt' '(Lcom/sun/jna/Function;JI[Ljava/lang/Object;)I' in 'com/sun/jna/Native'
  # parm0:    rsi:rsi   = 'com/sun/jna/Function'
  # parm1:    rdx:rdx   = long
  # parm2:    rcx       = int
  # parm3:    r8:r8     = '[Ljava/lang/Object;'
  #           [sp+0x50]  (sp of caller)
  0x00007f0da0d0a4a0: 448b 5608 | 49bb 0000 | 002e 0d7f | 0000 4d03 | d349 3bc2 | 0f84 0600 

  0x00007f0da0d0a4b8: ;   {runtime_call ic_miss_stub}
  0x00007f0da0d0a4b8: 0000 e9c1 | ab27 ff90 
[Verified Entry Point]
  0x00007f0da0d0a4c0: 8984 2400 | c0fe ff55 | 488b ec48 | 83ec 4090 | 4181 7f20 | 6f00 0000 

  0x00007f0da0d0a4d8: ;   {runtime_call StubRoutines (final stubs)}
  0x00007f0da0d0a4d8: 7405 e8c1 | 0f26 ff4c | 8944 2418 | 4983 f800 | 4c8d 4c24 | 184c 0f44 | 4c24 184c | 8bc1 488b 
  0x00007f0da0d0a4f8: ca48 8934 | 2448 83fe | 0048 8d14 | 2448 0f44 

  0x00007f0da0d0a508: ;   {oop(a 'java/lang/Class'{0x000000060e073da8} = 'com/sun/jna/Native')}
  0x00007f0da0d0a508: 1424 49be | a83d 070e | 0600 0000 | 4c89 7424 | 304c 8d74 | 2430 498b | f6c5 f877 

  0x00007f0da0d0a524: ;   {internal_word}
  0x00007f0da0d0a524: 49ba 21a5 | d0a0 0d7f | 0000 4d89 | 97a8 0300 | 0049 89a7 | a003 0000 

  0x00007f0da0d0a53c: ;   {external_word}
  0x00007f0da0d0a53c: 803d 9a8d | 0111 000f | 843c 0000 | 0056 5251 | 4150 4151 

  0x00007f0da0d0a550: ;   {metadata({method} {0x00007f0d2d994988} 'invokeInt' '(Lcom/sun/jna/Function;JI[Ljava/lang/Object;)I' in 'com/sun/jna/Native')}
  0x00007f0da0d0a550: 48be 8849 | 992d 0d7f | 0000 498b | ff40 f6c4 | 0f0f 8412 | 0000 0048 

  0x00007f0da0d0a568: ;   {runtime_call SharedRuntime::dtrace_method_entry(JavaThread*, Method*)}
  0x00007f0da0d0a568: 83ec 08e8 | f030 8c10 | 4883 c408 | e905 0000 

  0x00007f0da0d0a578: ;   {runtime_call SharedRuntime::dtrace_method_entry(JavaThread*, Method*)}
  0x00007f0da0d0a578: 00e8 e230 | 8c10 4159 | 4158 595a | 5e49 8dbf | c003 0000 | 41c7 874c | 0400 0004 

  0x00007f0da0d0a594: ;   {runtime_call Java_com_sun_jna_Native_invokeInt}
  0x00007f0da0d0a594: 0000 0048 | b860 af00 | fb0c 7f00 | 00ff d0c5 | f877 41c7 | 874c 0400 | 0005 0000 | 00f0 8344 
  0x00007f0da0d0a5b4: 24c0 0049 | 3baf 5004 | 0000 0f87 | 0e00 0000 | 4183 bf48 | 0400 0000 | 0f84 2400 | 0000 c5f8 
  0x00007f0da0d0a5d4: 7748 8945 | f849 8bff | 4c8b e448 | 83ec 0048 

  0x00007f0da0d0a5e4: ;   {runtime_call JavaThread::check_special_condition_for_native_trans(JavaThread*)}
  0x00007f0da0d0a5e4: 83e4 f0e8 | d4a6 4210 | 498b e44d | 33e4 488b | 45f8 41c7 | 874c 0400 | 0008 0000 | 0041 83bf 
  0x00007f0da0d0a604: c804 0000 | 020f 847f 

  0x00007f0da0d0a60c: ;   {external_word}
  0x00007f0da0d0a60c: 0000 0080 | 3dc7 8c01 | 1100 0f84 | 3600 0000 | 4889 45f8 

  0x00007f0da0d0a620: ;   {metadata({method} {0x00007f0d2d994988} 'invokeInt' '(Lcom/sun/jna/Function;JI[Ljava/lang/Object;)I' in 'com/sun/jna/Native')}
  0x00007f0da0d0a620: 48be 8849 | 992d 0d7f | 0000 498b | ff40 f6c4 | 0f0f 8412 | 0000 0048 

  0x00007f0da0d0a638: ;   {runtime_call SharedRuntime::dtrace_method_exit(JavaThread*, Method*)}
  0x00007f0da0d0a638: 83ec 08e8 | 3030 8c10 | 4883 c408 | e905 0000 

  0x00007f0da0d0a648: ;   {runtime_call SharedRuntime::dtrace_method_exit(JavaThread*, Method*)}
  0x00007f0da0d0a648: 00e8 2230 | 8c10 488b | 45f8 49c7 | 87a0 0300 | 0000 0000 | 0049 c787 | a803 0000 | 0000 0000 
  0x00007f0da0d0a668: c5f8 7749 | 8b8f 3004 | 0000 c781 | 0001 0000 | 0000 0000 | c949 837f | 0800 0f85 | 0100 0000 
  0x00007f0da0d0a688: ;   {runtime_call StubRoutines (initial stubs)}
  0x00007f0da0d0a688: c3e9 72d5 | 22ff c5f8 | 7748 8945 | f84c 8be4 | 4883 ec00 | 4883 e4f0 

  0x00007f0da0d0a6a0: ;   {runtime_call SharedRuntime::reguard_yellow_pages()}
  0x00007f0da0d0a6a0: e89b 3e8c | 1049 8be4 | 4d33 e448 | 8b45 f8e9 | 5bff ffff 
[Stub Code]
  0x00007f0da0d0a6b4: f4f4 f4f4 
[/MachCode]


Compiled method (c2) 165363 20121       4       com.sun.jna.Function::invoke (789 bytes)
 total in heap  [0x00007f0da0633790,0x00007f0da0634728] = 3992
 relocation     [0x00007f0da06338e8,0x00007f0da06339e0] = 248
 main code      [0x00007f0da06339e0,0x00007f0da0634100] = 1824
 stub code      [0x00007f0da0634100,0x00007f0da0634160] = 96
 oops           [0x00007f0da0634160,0x00007f0da06341f8] = 152
 metadata       [0x00007f0da06341f8,0x00007f0da0634260] = 104
 scopes data    [0x00007f0da0634260,0x00007f0da0634458] = 504
 scopes pcs     [0x00007f0da0634458,0x00007f0da0634638] = 480
 dependencies   [0x00007f0da0634638,0x00007f0da0634650] = 24
 handler table  [0x00007f0da0634650,0x00007f0da0634710] = 192
 nul chk table  [0x00007f0da0634710,0x00007f0da0634728] = 24

[Constant Pool (empty)]

[MachCode]
[Entry Point]
  # {method} {0x00007f0d2da03cd8} 'invoke' '([Ljava/lang/Object;Ljava/lang/Class;ZI)Ljava/lang/Object;' in 'com/sun/jna/Function'
  # this:     rsi:rsi   = 'com/sun/jna/Function'
  # parm0:    rdx:rdx   = '[Ljava/lang/Object;'
  # parm1:    rcx:rcx   = 'java/lang/Class'
  # parm2:    r8        = boolean
  # parm3:    r9        = int
  #           [sp+0x40]  (sp of caller)
  0x00007f0da06339e0: 448b 5608 | 49bb 0000 | 002e 0d7f | 0000 4d03 | d349 3bc2 

  0x00007f0da06339f4: ;   {runtime_call ic_miss_stub}
  0x00007f0da06339f4: 0f85 8616 | 95ff 6690 | 0f1f 4000 
[Verified Entry Point]
  0x00007f0da0633a00: 8984 2400 | c0fe ff55 | 4883 ec30 | 4181 7f20 | 6f00 0000 | 0f85 dc06 | 0000 488b | de4c 8bda 
  0x00007f0da0633a20: 450f b6d1 | 41c1 e207 | 440b 560c 

  0x00007f0da0633a2c: ; implicit exception: dispatches to 0x00007f0da0634064
  0x00007f0da0633a2c: 488b 7910 | 488b 5610 

  0x00007f0da0633a34: ;   {oop(a 'java/lang/Class'{0x000000060c40b8d0} = void)}
  0x00007f0da0633a34: 49b9 d0b8 | 400c 0600 | 0000 493b | c90f 8412 

  0x00007f0da0633a44: ;   {oop(a 'java/lang/Class'{0x000000060c433878} = 'java/lang/Void')}
  0x00007f0da0633a44: 0300 0049 | b978 3843 | 0c06 0000 | 0049 3bc9 | 0f84 8f03 

  0x00007f0da0633a58: ;   {oop(a 'java/lang/Class'{0x000000060c401230} = boolean)}
  0x00007f0da0633a58: 0000 49b9 | 3012 400c | 0600 0000 | 493b c90f | 849f 0300 

  0x00007f0da0633a6c: ;   {oop(a 'java/lang/Class'{0x000000060c426d60} = 'java/lang/Boolean')}
  0x00007f0da0633a6c: 0049 b960 | 6d42 0c06 | 0000 0049 | 3bc9 0f84 | b003 0000 

  0x00007f0da0633a80: ;   {oop(a 'java/lang/Class'{0x000000060c4013f0} = byte)}
  0x00007f0da0633a80: 49b9 f013 | 400c 0600 | 0000 493b | c90f 84c1 

  0x00007f0da0633a90: ;   {oop(a 'java/lang/Class'{0x000000060c557038} = 'java/lang/Byte')}
  0x00007f0da0633a90: 0300 0049 | b938 7055 | 0c06 0000 | 0049 3bc9 | 0f84 d203 

  0x00007f0da0633aa4: ;   {oop(a 'java/lang/Class'{0x000000060c401460} = short)}
  0x00007f0da0633aa4: 0000 49b9 | 6014 400c | 0600 0000 | 493b c90f | 84e3 0300 

  0x00007f0da0633ab8: ;   {oop(a 'java/lang/Class'{0x000000060c53be18} = 'java/lang/Short')}
  0x00007f0da0633ab8: 0049 b918 | be53 0c06 | 0000 0049 | 3bc9 0f84 | f403 0000 

  0x00007f0da0633acc: ;   {oop(a 'java/lang/Class'{0x000000060c4012a0} = char)}
  0x00007f0da0633acc: 49b9 a012 | 400c 0600 | 0000 493b | c90f 8405 

  0x00007f0da0633adc: ;   {oop(a 'java/lang/Class'{0x000000060c433958} = 'java/lang/Character')}
  0x00007f0da0633adc: 0400 0049 | b958 3943 | 0c06 0000 | 0049 3bc9 | 0f84 1604 

  0x00007f0da0633af0: ;   {oop(a 'java/lang/Class'{0x000000060c4014d0} = int)}
  0x00007f0da0633af0: 0000 49b9 | d014 400c | 0600 0000 | 493b c90f | 84d2 0100 

  0x00007f0da0633b04: ;   {oop(a 'java/lang/Class'{0x000000060c426a88} = 'java/lang/Integer')}
  0x00007f0da0633b04: 0049 b988 | 6a42 0c06 | 0000 0049 | 3bc9 0f84 | 3c04 0000 

  0x00007f0da0633b18: ;   {oop(a 'java/lang/Class'{0x000000060c401540} = long)}
  0x00007f0da0633b18: 49b9 4015 | 400c 0600 | 0000 493b | c90f 859d | 0000 0041 | 8bca 4d8b 

  0x00007f0da0633b30: ;   {static_call}
  0x00007f0da0633b30: c366 90e8 

  0x00007f0da0633b34: ; ImmutableOopMap {}
                      ;*invokestatic invokeLong {reexecute=0 rethrow=0 return_oop=0}
                      ; - com.sun.jna.Function::invoke@251 (line 431)
  0x00007f0da0633b34: 0807 8300 

  0x00007f0da0633b38: ;   {other}
  0x00007f0da0633b38: 0f1f 8400 | a803 0000 | 488b e848 | 83f8 807c | 0648 83f8 | 7f7e 4549 | 8b87 b801 | 0000 4c8b 
  0x00007f0da0633b58: d049 83c2 | 184d 3b97 | c801 0000 | 0f83 6302 | 0000 4d89 | 97b8 0100 | 0041 0f18 | 8200 0100 
  0x00007f0da0633b78: 0048 c700 | 0100 0000 

  0x00007f0da0633b80: ;   {metadata('java/lang/Long')}
  0x00007f0da0633b80: c740 0850 | 0404 0044 | 8960 0c48 | 8968 10e9 | 3001 0000 | 448b d841 | 8dab 8000 | 0000 81fd 
  0x00007f0da0633ba0: 0001 0000 | 0f83 a604 | 0000 4d63 

  0x00007f0da0633bac: ;   {oop(a 'java/lang/Long'[256] {0x000000060c69dce0})}
  0x00007f0da0633bac: d349 bbe0 | dc69 0c06 | 0000 0047 | 8b9c 9310 | 0200 004b | 8d04 dce9 | fc00 0000 

  0x00007f0da0633bc8: ;   {oop(a 'java/lang/Class'{0x000000060c425000} = 'java/lang/Long')}
  0x00007f0da0633bc8: 49b9 0050 | 420c 0600 | 0000 493b | c90f 849d 

  0x00007f0da0633bd8: ;   {oop(a 'java/lang/Class'{0x000000060c401310} = float)}
  0x00007f0da0633bd8: 0300 0049 | b910 1340 | 0c06 0000 | 0049 3bc9 | 0f84 ae03 

  0x00007f0da0633bec: ;   {oop(a 'java/lang/Class'{0x000000060c538908} = 'java/lang/Float')}
  0x00007f0da0633bec: 0000 49b9 | 0889 530c | 0600 0000 | 493b c90f | 84bf 0300 

  0x00007f0da0633c00: ;   {oop(a 'java/lang/Class'{0x000000060c401380} = double)}
  0x00007f0da0633c00: 0049 b980 | 1340 0c06 | 0000 0049 | 3bc9 0f84 | d003 0000 

  0x00007f0da0633c14: ;   {oop(a 'java/lang/Class'{0x000000060c5389f0} = 'java/lang/Double')}
  0x00007f0da0633c14: 49b9 f089 | 530c 0600 | 0000 493b | c90f 84e1 

  0x00007f0da0633c24: ;   {oop(a 'java/lang/Class'{0x000000060c400330} = 'java/lang/String')}
  0x00007f0da0633c24: 0300 0049 | b930 0340 | 0c06 0000 | 0049 3bc9 | 0f84 4001 

  0x00007f0da0633c38: ;   {oop(a 'java/lang/Class'{0x000000060e073f38} = 'com/sun/jna/WString')}
  0x00007f0da0633c38: 0000 49b9 | 383f 070e | 0600 0000 | 493b c90f | 84df 0300 | 004c 8b4f 

  0x00007f0da0633c50: ;   {metadata('com/sun/jna/Pointer')}
  0x00007f0da0633c50: 3848 bf00 | 7871 300d | 7f00 004c | 3bcf 0f85 | c802 0000 | 418b ca4d 

  0x00007f0da0633c68: ;   {static_call}
  0x00007f0da0633c68: 8bc3 90e8 

  0x00007f0da0633c6c: ; ImmutableOopMap {}
                      ;*invokestatic invokePointer {reexecute=0 rethrow=0 return_oop=0}
                      ; - com.sun.jna.Function::invokePointer@7 (line 500)
                      ; - com.sun.jna.Function::invoke@397 (line 444)
  0x00007f0da0633c6c: d0dd 6f00 

  0x00007f0da0633c70: ;   {other}
  0x00007f0da0633c70: 0f1f 8400 | e004 0001 | 488b e848 | 85c0 0f84 | ef00 0000 | 498b 87b8 | 0100 004c | 8bd0 4983 
  0x00007f0da0633c90: c218 4d3b | 97c8 0100 | 000f 83f6 | 0000 004d | 8997 b801 | 0000 410f | 1882 0001 | 0000 48c7 
  0x00007f0da0633cb0: 0001 0000 

  0x00007f0da0633cb4: ;   {metadata('com/sun/jna/Pointer')}
  0x00007f0da0633cb4: 00c7 4008 | 0078 7102 | 4489 600c | 4889 6810 | 4883 c430 

  0x00007f0da0633cc8: ;   {poll_return}
  0x00007f0da0633cc8: 5d49 3ba7 | 5004 0000 | 0f87 0a04 | 0000 c341 | 8bca 4d8b 

  0x00007f0da0633cdc: ;   {static_call}
  0x00007f0da0633cdc: c366 90e8 

  0x00007f0da0633ce0: ; ImmutableOopMap {}
                      ;*invokestatic invokeInt {reexecute=0 rethrow=0 return_oop=0}
                      ; - com.sun.jna.Function::invoke@218 (line 429)
  0x00007f0da0633ce0: dc67 6d00 

  0x00007f0da0633ce4: ;   {other}
  0x00007f0da0633ce4: 0f1f 8400 | 5405 0002 | 8be8 448d | 9080 0000 | 0041 81fa | 0001 0000 | 723d 498b | 87b8 0100 
  0x00007f0da0633d04: 004c 8bd0 | 4983 c210 | 4d3b 97c8 | 0100 000f | 8398 0000 | 004d 8997 | b801 0000 | 410f 1882 
  0x00007f0da0633d24: 0001 0000 | 48c7 0001 

  0x00007f0da0633d2c: ;   {metadata('java/lang/Integer')}
  0x00007f0da0633d2c: 0000 00c7 | 4008 e8bb | 0200 8968 | 0ceb 894c 

  0x00007f0da0633d3c: ;   {oop(a 'java/lang/Integer'[256] {0x000000060c76ac80})}
  0x00007f0da0633d3c: 63d0 49bb | 80ac 760c | 0600 0000 | 478b 9c93 | 1002 0000 | 4b8d 04dc | e96b ffff | ff41 8bca 
  0x00007f0da0633d5c: ;   {static_call}
  0x00007f0da0633d5c: 4d8b c3e8 

  0x00007f0da0633d60: ; ImmutableOopMap {}
                      ;*invokestatic invokeVoid {reexecute=0 rethrow=0 return_oop=0}
                      ; - com.sun.jna.Function::invoke@45 (line 418)
  0x00007f0da0633d60: dcae f2ff 

  0x00007f0da0633d64: ;   {other}
  0x00007f0da0633d64: 0f1f 8400 | d405 0003 | 33c0 e951 | ffff ff33 | c0e9 4aff | ffff 4533 | c041 8bd2 

  0x00007f0da0633d80: ;   {optimized virtual_call}
  0x00007f0da0633d80: 498b cbe8 

  0x00007f0da0633d84: ; ImmutableOopMap {}
                      ;*invokespecial invokeString {reexecute=0 rethrow=0 return_oop=1}
                      ; - com.sun.jna.Function::invoke@340 (line 437)
  0x00007f0da0633d84: a503 0000 

  0x00007f0da0633d88: ;   {other}
  0x00007f0da0633d88: 0f1f 8400 | f805 0004 | e92f ffff 

  0x00007f0da0633d94: ;   {metadata('com/sun/jna/Pointer')}
  0x00007f0da0633d94: ff48 be00 | 7871 300d 

  0x00007f0da0633d9c: ;   {runtime_call _new_instance_Java}
  0x00007f0da0633d9c: 7f00 00e8 

  0x00007f0da0633da0: ; ImmutableOopMap {}
                      ;*new {reexecute=0 rethrow=0 return_oop=1}
                      ; - com.sun.jna.Function::invokePointer@21 (line 501)
                      ; - com.sun.jna.Function::invoke@397 (line 444)
  0x00007f0da0633da0: 5ce1 a1ff 

  0x00007f0da0633da4: ;   {other}
  0x00007f0da0633da4: 0f1f 8400 | 1406 0005 | e90f ffff 

  0x00007f0da0633db0: ;   {metadata('java/lang/Integer')}
  0x00007f0da0633db0: ff48 bee8 | bb02 2e0d 

  0x00007f0da0633db8: ;   {runtime_call _new_instance_Java}
  0x00007f0da0633db8: 7f00 00e8 

  0x00007f0da0633dbc: ; ImmutableOopMap {}
                      ;*new {reexecute=0 rethrow=0 return_oop=1}
                      ; - java.lang.Integer::valueOf@23 (line 1083)
                      ; - com.sun.jna.Function::invoke@221 (line 429)
  0x00007f0da0633dbc: 40e1 a1ff 

  0x00007f0da0633dc0: ;   {other}
  0x00007f0da0633dc0: 0f1f 8400 | 3006 0006 | e969 ffff 

  0x00007f0da0633dcc: ;   {metadata('java/lang/Long')}
  0x00007f0da0633dcc: ff48 be50 | 0404 2e0d 

  0x00007f0da0633dd4: ;   {runtime_call _new_instance_Java}
  0x00007f0da0633dd4: 7f00 00e8 

  0x00007f0da0633dd8: ; ImmutableOopMap {}
                      ;*new {reexecute=0 rethrow=0 return_oop=1}
                      ; - java.lang.Long::valueOf@31 (line 1207)
                      ; - com.sun.jna.Function::invoke@254 (line 431)
  0x00007f0da0633dd8: 24e1 a1ff 

  0x00007f0da0633ddc: ;   {other}
  0x00007f0da0633ddc: 0f1f 8400 | 4c06 0007 | e9a2 fdff | ffbe 45ff | ffff 488b | eb4c 891c | 2444 8954 | 2410 4889 
  0x00007f0da0633dfc: ;   {runtime_call UncommonTrapBlob}
  0x00007f0da0633dfc: 4c24 18e8 

  0x00007f0da0633e00: ; ImmutableOopMap {rbp=Oop [0]=Oop [24]=Oop }
                      ;*if_acmpne {reexecute=1 rethrow=0 return_oop=0}
                      ; - (reexecute) com.sun.jna.Function::invoke@34 (line 417)
  0x00007f0da0633e00: fc70 95ff 

  0x00007f0da0633e04: ;   {other}
  0x00007f0da0633e04: 0f1f 8400 | 7406 0008 | be45 ffff | ff48 8beb | 4c89 1c24 | 4489 5424 | 1048 894c 

  0x00007f0da0633e20: ;   {runtime_call UncommonTrapBlob}
  0x00007f0da0633e20: 2418 90e8 

  0x00007f0da0633e24: ; ImmutableOopMap {rbp=Oop [0]=Oop [24]=Oop }
                      ;*if_acmpeq {reexecute=1 rethrow=0 return_oop=0}
                      ; - (reexecute) com.sun.jna.Function::invoke@58 (line 420)
  0x00007f0da0633e24: d870 95ff 

  0x00007f0da0633e28: ;   {other}
  0x00007f0da0633e28: 0f1f 8400 | 9806 0009 | be45 ffff | ff48 8beb | 4c89 1c24 | 4489 5424 | 1048 894c 

  0x00007f0da0633e44: ;   {runtime_call UncommonTrapBlob}
  0x00007f0da0633e44: 2418 90e8 

  0x00007f0da0633e48: ; ImmutableOopMap {rbp=Oop [0]=Oop [24]=Oop }
                      ;*if_acmpne {reexecute=1 rethrow=0 return_oop=0}
                      ; - (reexecute) com.sun.jna.Function::invoke@64 (line 420)
  0x00007f0da0633e48: b470 95ff 

  0x00007f0da0633e4c: ;   {other}
  0x00007f0da0633e4c: 0f1f 8400 | bc06 000a | be45 ffff | ff48 8beb | 4c89 1c24 | 4489 5424 | 1048 894c 

  0x00007f0da0633e68: ;   {runtime_call UncommonTrapBlob}
  0x00007f0da0633e68: 2418 90e8 

  0x00007f0da0633e6c: ; ImmutableOopMap {rbp=Oop [0]=Oop [24]=Oop }
                      ;*if_acmpeq {reexecute=1 rethrow=0 return_oop=0}
                      ; - (reexecute) com.sun.jna.Function::invoke@98 (line 422)
  0x00007f0da0633e6c: 9070 95ff 

  0x00007f0da0633e70: ;   {other}
  0x00007f0da0633e70: 0f1f 8400 | e006 000b | be45 ffff | ff48 8beb | 4c89 1c24 | 4489 5424 | 1048 894c 

  0x00007f0da0633e8c: ;   {runtime_call UncommonTrapBlob}
  0x00007f0da0633e8c: 2418 90e8 

  0x00007f0da0633e90: ; ImmutableOopMap {rbp=Oop [0]=Oop [24]=Oop }
                      ;*if_acmpne {reexecute=1 rethrow=0 return_oop=0}
                      ; - (reexecute) com.sun.jna.Function::invoke@105 (line 422)
  0x00007f0da0633e90: 6c70 95ff 

  0x00007f0da0633e94: ;   {other}
  0x00007f0da0633e94: 0f1f 8400 | 0407 000c | be45 ffff | ff48 8beb | 4c89 1c24 | 4489 5424 | 1048 894c 

  0x00007f0da0633eb0: ;   {runtime_call UncommonTrapBlob}
  0x00007f0da0633eb0: 2418 90e8 

  0x00007f0da0633eb4: ; ImmutableOopMap {rbp=Oop [0]=Oop [24]=Oop }
                      ;*if_acmpeq {reexecute=1 rethrow=0 return_oop=0}
                      ; - (reexecute) com.sun.jna.Function::invoke@132 (line 424)
  0x00007f0da0633eb4: 4870 95ff 

  0x00007f0da0633eb8: ;   {other}
  0x00007f0da0633eb8: 0f1f 8400 | 2807 000d | be45 ffff | ff48 8beb | 4c89 1c24 | 4489 5424 | 1048 894c 

  0x00007f0da0633ed4: ;   {runtime_call UncommonTrapBlob}
  0x00007f0da0633ed4: 2418 90e8 

  0x00007f0da0633ed8: ; ImmutableOopMap {rbp=Oop [0]=Oop [24]=Oop }
                      ;*if_acmpne {reexecute=1 rethrow=0 return_oop=0}
                      ; - (reexecute) com.sun.jna.Function::invoke@139 (line 424)
  0x00007f0da0633ed8: 2470 95ff 

  0x00007f0da0633edc: ;   {other}
  0x00007f0da0633edc: 0f1f 8400 | 4c07 000e | be45 ffff | ff48 8beb | 4c89 1c24 | 4489 5424 | 1048 894c 

  0x00007f0da0633ef8: ;   {runtime_call UncommonTrapBlob}
  0x00007f0da0633ef8: 2418 90e8 

  0x00007f0da0633efc: ; ImmutableOopMap {rbp=Oop [0]=Oop [24]=Oop }
                      ;*if_acmpeq {reexecute=1 rethrow=0 return_oop=0}
                      ; - (reexecute) com.sun.jna.Function::invoke@166 (line 426)
  0x00007f0da0633efc: 0070 95ff 

  0x00007f0da0633f00: ;   {other}
  0x00007f0da0633f00: 0f1f 8400 | 7007 000f | be45 ffff | ff48 8beb | 4c89 1c24 | 4489 5424 | 1048 894c 

  0x00007f0da0633f1c: ;   {runtime_call UncommonTrapBlob}
  0x00007f0da0633f1c: 2418 90e8 

  0x00007f0da0633f20: ; ImmutableOopMap {rbp=Oop [0]=Oop [24]=Oop }
                      ;*if_acmpne {reexecute=1 rethrow=0 return_oop=0}
                      ; - (reexecute) com.sun.jna.Function::invoke@173 (line 426)
  0x00007f0da0633f20: dc6f 95ff 

  0x00007f0da0633f24: ;   {other}
  0x00007f0da0633f24: 0f1f 8400 | 9407 0010 | be45 ffff | ff48 8beb | 4c89 1c24 | 4889 4c24 | 0844 8944 | 2410 4489 
  0x00007f0da0633f44: ;   {runtime_call UncommonTrapBlob}
  0x00007f0da0633f44: 5424 14e8 

  0x00007f0da0633f48: ; ImmutableOopMap {rbp=Oop [0]=Oop [8]=Oop }
                      ;*ifeq {reexecute=1 rethrow=0 return_oop=0}
                      ; - (reexecute) com.sun.jna.Function::invoke@390 (line 443)
  0x00007f0da0633f48: b46f 95ff 

  0x00007f0da0633f4c: ;   {other}
  0x00007f0da0633f4c: 0f1f 8400 | bc07 0011 | be45 ffff | ff48 8beb | 4c89 1c24 | 4489 5424 | 1048 894c 

  0x00007f0da0633f68: ;   {runtime_call UncommonTrapBlob}
  0x00007f0da0633f68: 2418 90e8 

  0x00007f0da0633f6c: ; ImmutableOopMap {rbp=Oop [0]=Oop [24]=Oop }
                      ;*if_acmpne {reexecute=1 rethrow=0 return_oop=0}
                      ; - (reexecute) com.sun.jna.Function::invoke@207 (line 428)
  0x00007f0da0633f6c: 906f 95ff 

  0x00007f0da0633f70: ;   {other}
  0x00007f0da0633f70: 0f1f 8400 | e007 0012 | be45 ffff | ff48 8beb | 4c89 1c24 | 4489 5424 | 1048 894c 

  0x00007f0da0633f8c: ;   {runtime_call UncommonTrapBlob}
  0x00007f0da0633f8c: 2418 90e8 

  0x00007f0da0633f90: ; ImmutableOopMap {rbp=Oop [0]=Oop [24]=Oop }
                      ;*if_acmpne {reexecute=1 rethrow=0 return_oop=0}
                      ; - (reexecute) com.sun.jna.Function::invoke@240 (line 430)
  0x00007f0da0633f90: 6c6f 95ff 

  0x00007f0da0633f94: ;   {other}
  0x00007f0da0633f94: 0f1f 8400 | 0408 0013 | be45 ffff | ff48 8beb | 4c89 1c24 | 4489 5424 | 1048 894c 

  0x00007f0da0633fb0: ;   {runtime_call UncommonTrapBlob}
  0x00007f0da0633fb0: 2418 90e8 

  0x00007f0da0633fb4: ; ImmutableOopMap {rbp=Oop [0]=Oop [24]=Oop }
                      ;*if_acmpeq {reexecute=1 rethrow=0 return_oop=0}
                      ; - (reexecute) com.sun.jna.Function::invoke@266 (line 432)
  0x00007f0da0633fb4: 486f 95ff 

  0x00007f0da0633fb8: ;   {other}
  0x00007f0da0633fb8: 0f1f 8400 | 2808 0014 | be45 ffff | ff48 8beb | 4c89 1c24 | 4489 5424 | 1048 894c 

  0x00007f0da0633fd4: ;   {runtime_call UncommonTrapBlob}
  0x00007f0da0633fd4: 2418 90e8 

  0x00007f0da0633fd8: ; ImmutableOopMap {rbp=Oop [0]=Oop [24]=Oop }
                      ;*if_acmpne {reexecute=1 rethrow=0 return_oop=0}
                      ; - (reexecute) com.sun.jna.Function::invoke@273 (line 432)
  0x00007f0da0633fd8: 246f 95ff 

  0x00007f0da0633fdc: ;   {other}
  0x00007f0da0633fdc: 0f1f 8400 | 4c08 0015 | be45 ffff | ff48 8beb | 4c89 1c24 | 4489 5424 | 1048 894c 

  0x00007f0da0633ff8: ;   {runtime_call UncommonTrapBlob}
  0x00007f0da0633ff8: 2418 90e8 

  0x00007f0da0633ffc: ; ImmutableOopMap {rbp=Oop [0]=Oop [24]=Oop }
                      ;*if_acmpeq {reexecute=1 rethrow=0 return_oop=0}
                      ; - (reexecute) com.sun.jna.Function::invoke@299 (line 434)
  0x00007f0da0633ffc: 006f 95ff 

  0x00007f0da0634000: ;   {other}
  0x00007f0da0634000: 0f1f 8400 | 7008 0016 | be45 ffff | ff48 8beb | 4c89 1c24 | 4489 5424 | 1048 894c 

  0x00007f0da063401c: ;   {runtime_call UncommonTrapBlob}
  0x00007f0da063401c: 2418 90e8 

  0x00007f0da0634020: ; ImmutableOopMap {rbp=Oop [0]=Oop [24]=Oop }
                      ;*if_acmpne {reexecute=1 rethrow=0 return_oop=0}
                      ; - (reexecute) com.sun.jna.Function::invoke@306 (line 434)
  0x00007f0da0634020: dc6e 95ff 

  0x00007f0da0634024: ;   {other}
  0x00007f0da0634024: 0f1f 8400 | 9408 0017 | be45 ffff | ff48 8beb | 4c89 1c24 | 4489 5424 | 1048 894c 

  0x00007f0da0634040: ;   {runtime_call UncommonTrapBlob}
  0x00007f0da0634040: 2418 90e8 

  0x00007f0da0634044: ; ImmutableOopMap {rbp=Oop [0]=Oop [24]=Oop }
                      ;*if_acmpne {reexecute=1 rethrow=0 return_oop=0}
                      ; - (reexecute) com.sun.jna.Function::invoke@352 (line 438)
  0x00007f0da0634044: b86e 95ff 

  0x00007f0da0634048: ;   {other}
  0x00007f0da0634048: 0f1f 8400 | b808 0018 | bee4 ffff 

  0x00007f0da0634054: ;   {runtime_call UncommonTrapBlob}
  0x00007f0da0634054: ff66 90e8 

  0x00007f0da0634058: ; ImmutableOopMap {}
                      ;*aaload {reexecute=0 rethrow=0 return_oop=0}
                      ; - java.lang.Long::valueOf@29 (line 1205)
                      ; - com.sun.jna.Function::invoke@254 (line 431)
  0x00007f0da0634058: a46e 95ff 

  0x00007f0da063405c: ;   {other}
  0x00007f0da063405c: 0f1f 8400 | cc08 0019 | be45 ffff | ff48 8beb | 4889 1424 | 4489 5424 | 1048 894c 

  0x00007f0da0634078: ;   {runtime_call UncommonTrapBlob}
  0x00007f0da0634078: 2418 90e8 

  0x00007f0da063407c: ; ImmutableOopMap {rbp=Oop [0]=Oop [24]=Oop }
                      ;*ifnull {reexecute=1 rethrow=0 return_oop=0}
                      ; - (reexecute) com.sun.jna.Function::invoke@20 (line 417)
  0x00007f0da063407c: 806e 95ff 

  0x00007f0da0634080: ;   {other}
  0x00007f0da0634080: 0f1f 8400 | f008 001a | bef4 ffff | ff48 8beb | 4c89 1c24 | 4489 4424 | 1044 8954 | 2414 4889 
  0x00007f0da06340a0: ;   {runtime_call UncommonTrapBlob}
  0x00007f0da06340a0: 4c24 18e8 

  0x00007f0da06340a4: ; ImmutableOopMap {rbp=Oop [0]=Oop [24]=Oop }
                      ;*invokevirtual isAssignableFrom {reexecute=0 rethrow=0 return_oop=0}
                      ; - com.sun.jna.Function::invoke@387 (line 443)
  0x00007f0da06340a4: 586e 95ff 

  0x00007f0da06340a8: ;   {other}
  0x00007f0da06340a8: 0f1f 8400 | 1809 001b | 488b f0eb | 2148 8bf0 | eb1c 488b | f0eb 1748 | 8bf0 eb12 | 488b f0eb 
  0x00007f0da06340c8: 0d48 8bf0 | eb08 488b | f0eb 0348 | 8bf0 4883 

  0x00007f0da06340d8: ;   {runtime_call _rethrow_Java}
  0x00007f0da06340d8: c430 5de9 | 20ea a1ff 

  0x00007f0da06340e0: ;   {internal_word}
  0x00007f0da06340e0: 49ba c93c | 63a0 0d7f | 0000 4d89 | 9768 0400 

  0x00007f0da06340f0: ;   {runtime_call SafepointBlob}
  0x00007f0da06340f0: 00e9 0a7f 

  0x00007f0da06340f4: ;   {runtime_call StubRoutines (final stubs)}
  0x00007f0da06340f4: 95ff e8a5 | 7393 ffe9 | 1af9 ffff 
[Stub Code]
  0x00007f0da0634100: ;   {no_reloc}
  0x00007f0da0634100: 48bb 0000 | 0000 0000 

  0x00007f0da0634108: ;   {runtime_call nmethod}
  0x00007f0da0634108: 0000 e9fb 

  0x00007f0da063410c: ;   {static_stub}
  0x00007f0da063410c: ffff ff48 | bb00 0000 | 0000 0000 

  0x00007f0da0634118: ;   {runtime_call nmethod}
  0x00007f0da0634118: 00e9 fbff 

  0x00007f0da063411c: ;   {static_stub}
  0x00007f0da063411c: ffff 48bb | 0000 0000 | 0000 0000 

  0x00007f0da0634128: ;   {runtime_call nmethod}
  0x00007f0da0634128: e9fb ffff 

  0x00007f0da063412c: ;   {static_stub}
  0x00007f0da063412c: ff48 bbe0 | 47a0 2d0d 

  0x00007f0da0634134: ;   {runtime_call I2C/C2I adapters}
  0x00007f0da0634134: 7f00 00e9 | b20f 93ff 

  0x00007f0da063413c: ;   {static_stub}
  0x00007f0da063413c: 48bb 0000 | 0000 0000 

  0x00007f0da0634144: ;   {runtime_call nmethod}
  0x00007f0da0634144: 0000 e9fb 

  0x00007f0da0634148: ;   {runtime_call ExceptionBlob}
  0x00007f0da0634148: ffff ffe9 | 3093 a1ff 
[Deopt Handler Code]
  0x00007f0da0634150: e800 0000 | 0048 832c 

  0x00007f0da0634158: ;   {runtime_call DeoptimizationBlob}
  0x00007f0da0634158: 2405 e941 | 7195 fff4 
[/MachCode]


Compiled method (c2) 165375 17725       4       com.sun.jna.Function::invoke (542 bytes)
 total in heap  [0x00007f0da10f7a90,0x00007f0da10f9e70] = 9184
 relocation     [0x00007f0da10f7be8,0x00007f0da10f7d90] = 424
 main code      [0x00007f0da10f7da0,0x00007f0da10f9020] = 4736
 stub code      [0x00007f0da10f9020,0x00007f0da10f90b0] = 144
 oops           [0x00007f0da10f90b0,0x00007f0da10f90d0] = 32
 metadata       [0x00007f0da10f90d0,0x00007f0da10f91d0] = 256
 scopes data    [0x00007f0da10f91d0,0x00007f0da10f99e8] = 2072
 scopes pcs     [0x00007f0da10f99e8,0x00007f0da10f9c88] = 672
 dependencies   [0x00007f0da10f9c88,0x00007f0da10f9cc0] = 56
 handler table  [0x00007f0da10f9cc0,0x00007f0da10f9e40] = 384
 nul chk table  [0x00007f0da10f9e40,0x00007f0da10f9e70] = 48

[Constant Pool (empty)]

[MachCode]
[Entry Point]
  # {method} {0x00007f0d2da03650} 'invoke' '(Ljava/lang/reflect/Method;[Ljava/lang/Class;Ljava/lang/Class;[Ljava/lang/Object;Ljava/util/Map;)Ljava/lang/Object;' in 'com/sun/jna/Function'
  # this:     rsi:rsi   = 'com/sun/jna/Function'
  # parm0:    rdx:rdx   = 'java/lang/reflect/Method'
  # parm1:    rcx:rcx   = '[Ljava/lang/Class;'
  # parm2:    r8:r8     = 'java/lang/Class'
  # parm3:    r9:r9     = '[Ljava/lang/Object;'
  # parm4:    rdi:rdi   = 'java/util/Map'
  #           [sp+0x80]  (sp of caller)
  0x00007f0da10f7da0: 448b 5608 | 49bb 0000 | 002e 0d7f | 0000 4d03 | d349 3bc2 

  0x00007f0da10f7db4: ;   {runtime_call ic_miss_stub}
  0x00007f0da10f7db4: 0f85 c6d2 | e8fe 6690 | 0f1f 4000 
[Verified Entry Point]
  0x00007f0da10f7dc0: 8984 2400 | c0fe ff55 | 4883 ec70 | 4181 7f20 | 6f00 0000 | 0f85 3c12 | 0000 4889 | 7c24 2849 
  0x00007f0da10f7de0: 8be9 4c89 | 4424 2048 | 894c 2418 | 4889 5424 | 1048 8974 | 2408 498b | 87b8 0100 | 004c 8bd0 
  0x00007f0da10f7e00: 4983 c210 | 4d3b 97c8 | 0100 000f | 831a 0d00 | 004d 8997 | b801 0000 | 410f 1882 | 0001 0000 
  0x00007f0da10f7e20: 48c7 0001 | 0000 0041 | 0f18 8240 

  0x00007f0da10f7e2c: ;   {metadata('java/lang/Object'[])}
  0x00007f0da10f7e2c: 0100 00c7 | 4008 7813 | 0000 410f | 1882 8001 | 0000 4489 | 600c 4885 | ed0f 84ce | 0c00 0044 
  0x00007f0da10f7e4c: 8b5d 0c41 | 81fb 0001 | 0000 0f8f | 740f 0000 | 4963 d341 | 81fb 0000 | 0400 0f87 | e10c 0000 
  0x00007f0da10f7e6c: 498b 9fb8 | 0100 004c | 8d14 9517 | 0000 0049 | 83e2 f84c | 8bc3 4d03 | c24d 3b87 | c801 0000 
  0x00007f0da10f7e8c: 0f83 bb0c | 0000 4d89 | 87b8 0100 | 0041 0f18 | 8000 0100 | 0048 c703 | 0100 0000 | 410f 1880 
  0x00007f0da10f7eac: 4001 0000 

  0x00007f0da10f7eb0: ;   {metadata('java/lang/Object'[])}
  0x00007f0da10f7eb0: c743 0878 | 1300 0044 | 895b 0c41 | 0f18 8080 | 0100 0045 | 85db 7626 | 488b fd48 | 83c7 1048 
  0x00007f0da10f7ed0: 8bf3 4883 | c610 c5f8 | 7749 bae0 | a2f6 9f0d | 7f00 0041 

  0x00007f0da10f7ee4: ;   {other}
  0x00007f0da10f7ee4: ffd2 0f1f | 8400 0000 | 0000 4889 | 5c24 4048 | 896c 2430 | 4c8b 5c24 | 2845 8b53 

  0x00007f0da10f7f00: ;   {metadata('java/util/HashMap')}
  0x00007f0da10f7f00: 0841 81fa | b824 0c00 | 0f85 ba0d | 0000 4d8b | d345 8b5a | 2445 85db | 0f84 7f02 | 0000 478b 
  0x00007f0da10f7f20: 44dc 0c45 | 85c0 0f86 | 040f 0000 | 4f8d 0cdc 

  0x00007f0da10f7f30: ;   {oop("type-mapper"{0x000000060e014930})}
  0x00007f0da10f7f30: 41ff c849 | bb30 4901 | 0e06 0000 | 0045 8b5b | 0c45 85db | 0f84 1508 | 0000 418b | cbc1 e910 
  0x00007f0da10f7f50: 4133 cb44 | 23c1 448b | d947 8b44 | 8110 4585 | c00f 8436 | 0200 0043 | 8b4c c40c | 4b8d 2cc4 
  0x00007f0da10f7f70: 413b cb0f | 85c9 0100 | 0047 8b4c 

  0x00007f0da10f7f7c: ;   {oop("type-mapper"{0x000000060e014930})}
  0x00007f0da10f7f7c: c410 4181 | f926 29c0 | c174 5444 | 8944 244c | 4489 5c24 | 484c 8954 | 2438 48ff | 7424 3048 
  0x00007f0da10f7f9c: 8f44 2428 | 498b d148 

  0x00007f0da10f7fa4: ;   {oop("type-mapper"{0x000000060e014930})}
  0x00007f0da10f7fa4: c1e2 0348 | be30 4901 | 0e06 0000 | 0066 6690 

  0x00007f0da10f7fb4: ;   {optimized virtual_call}
  0x00007f0da10f7fb4: c5f8 77e8 

  0x00007f0da10f7fb8: ; ImmutableOopMap {rbp=Oop [8]=Oop [16]=Oop [24]=Oop [32]=Oop [40]=Oop [56]=Oop [64]=Oop [76]=NarrowOop }
                      ;*invokevirtual equals {reexecute=0 rethrow=0 return_oop=0}
                      ; - java.util.HashMap::getNode@63 (line 578)
                      ; - java.util.HashMap::get@2 (line 564)
                      ; - com.sun.jna.Function::invoke@54 (line 338)
  0x00007f0da10f7fb8: c4d3 e8fe 

  0x00007f0da10f7fbc: ;   {other}
  0x00007f0da10f7fbc: 0f1f 8400 | 2c05 0000 | 85c0 0f84 | 5d01 0000 | 48ff 7424 | 2848 8f44 | 2430 4c8b | 5424 3844 
  0x00007f0da10f7fdc: 8b45 1445 | 85c0 0f84 | b501 0000 | 478b 5cc4 

  0x00007f0da10f7fec: ;   {metadata('com/sun/jna/TypeMapper')}
  0x00007f0da10f7fec: 0848 b8c8 | 3172 300d | 7f00 0048 | be00 0000 | 2e0d 7f00 | 0049 03f3 | 4c8b 5e20 | 4c3b d80f 
  0x00007f0da10f800c: 852d 0800 | 004f 8d1c | c44c 895c | 2448 e986 | 0100 008b 

  0x00007f0da10f8020: ;   {metadata('com/sun/jna/Structure$ByReference'[])}
  0x00007f0da10f8020: 6c24 2081 | fdd0 7175 | 020f 8456 | 0500 0048 | 8b74 2428 

  0x00007f0da10f8034: ;   {metadata('com/sun/jna/Structure$ByReference'[])}
  0x00007f0da10f8034: 48b8 d071 | 7530 0d7f | 0000 4833 | ff4c 8b9e | a000 0000 | 498b d348 | c1e2 270f | 8921 0000 
  0x00007f0da10f8054: 00f3 480f | b8d2 488b | 5e28 483b | 04d3 7415 | 490f bae3 | 1973 0b49 

  0x00007f0da10f806c: ;   {runtime_call StubRoutines (compiler stubs)}
  0x00007f0da10f806c: c1cb 18e8 | 838b ebfe | eb03 48ff | c748 85ff | 0f84 0305 | 0000 8b6c | 2408 448b | 5c24 0c8b 
  0x00007f0da10f808c: 5c24 18ff | c341 3bdb | 0f8c e103 | 0000 488b | 4424 10c5 | f877 4883 

  0x00007f0da10f80a4: ;   {poll_return}
  0x00007f0da10f80a4: c470 5d49 | 3ba7 5004 | 0000 0f87 | 4c0f 0000 | c366 6666 | 0f1f 8400 | 0000 0000 | 448b c5e9 
  0x00007f0da10f80c4: 2302 0000 | 48ff 7424 | 2848 8f44 | 2430 448b | 4c24 5447 | 8b5c cc18 | 4585 db74 | 4047 8b44 
  0x00007f0da10f80e4: ;   {metadata('java/util/HashMap$TreeNode')}
  0x00007f0da10f80e4: cc08 4181 | f8d8 dd2b | 000f 8535 | 0800 0048 | 8bf5 8b54 

  0x00007f0da10f80f8: ;   {oop("allow-objects"{0x000000060e014948})}
  0x00007f0da10f80f8: 2450 48b9 | 4849 010e | 0600 0000 

  0x00007f0da10f8104: ;   {optimized virtual_call}
  0x00007f0da10f8104: c5f8 77e8 

  0x00007f0da10f8108: ; ImmutableOopMap {[8]=Oop [16]=Oop [24]=Oop [32]=Oop [48]=Oop [64]=Oop [72]=Oop }
                      ;*invokevirtual getTreeNode {reexecute=0 rethrow=0 return_oop=1}
                      ; - java.util.HashMap::getNode@95 (line 582)
                      ; - java.util.HashMap::get@2 (line 564)
                      ; - com.sun.jna.Function::invoke@71 (line 339)
  0x00007f0da10f8108: 74d2 e8fe 

  0x00007f0da10f810c: ;   {other}
  0x00007f0da10f810c: 0f1f 8400 | 7c06 0001 | 4885 c074 | 0848 8be8 | e941 0100 | 0045 33c9 | e961 0100 | 0048 ff74 
  0x00007f0da10f812c: 2428 488f | 4424 304c | 8b54 2438 | 448b 5c24 | 4844 8b44 | 244c 438b | 4cc4 1885 | c974 5247 
  0x00007f0da10f814c: 8b4c c408 

  0x00007f0da10f8150: ;   {metadata('java/util/HashMap$TreeNode')}
  0x00007f0da10f8150: 4181 f9d8 | dd2b 000f | 853f 0700 | 004c 8954 | 2428 488b | f541 8bd3 

  0x00007f0da10f8168: ;   {oop("type-mapper"{0x000000060e014930})}
  0x00007f0da10f8168: 48b9 3049 | 010e 0600 | 0000 6690 

  0x00007f0da10f8174: ;   {optimized virtual_call}
  0x00007f0da10f8174: c5f8 77e8 

  0x00007f0da10f8178: ; ImmutableOopMap {[8]=Oop [16]=Oop [24]=Oop [32]=Oop [40]=Oop [48]=Oop [64]=Oop }
                      ;*invokevirtual getTreeNode {reexecute=0 rethrow=0 return_oop=1}
                      ; - java.util.HashMap::getNode@95 (line 582)
                      ; - java.util.HashMap::get@2 (line 564)
                      ; - com.sun.jna.Function::invoke@54 (line 338)
  0x00007f0da10f8178: 04d2 e8fe 

  0x00007f0da10f817c: ;   {other}
  0x00007f0da10f817c: 0f1f 8400 | ec06 0002 | 4885 c075 | 074c 8b54 | 2428 eb0d | 488b e84c | 8b54 2428 | e93e feff 
  0x00007f0da10f819c: ff45 33db | 4c89 5c24 | 4845 8b5a | 2445 85db | 0f84 6fff | ffff 438b | 6cdc 0c85 | ed0f 86bd 
  0x00007f0da10f81bc: 0c00 00ff | cd4f 8d04 

  0x00007f0da10f81c4: ;   {oop("allow-objects"{0x000000060e014948})}
  0x00007f0da10f81c4: dc49 ba48 | 4901 0e06 | 0000 0045 | 8b52 0c45 | 85d2 0f84 | f905 0000 | 458b da41 | c1eb 1045 
  0x00007f0da10f81e4: 33da 4123 | eb44 895c | 2450 458b | 4ca8 1045 | 85c9 0f84 | 25ff ffff | 478b 5ccc | 0c4b 8d2c 
  0x00007f0da10f8204: cc44 3b5c | 2450 0f85 | c7fe ffff | 478b 54cc 

  0x00007f0da10f8214: ;   {oop("allow-objects"{0x000000060e014948})}
  0x00007f0da10f8214: 1041 81fa | 2929 c0c1 | 7444 4489 | 4c24 5448 | ff74 2430 | 488f 4424 | 2849 8bd2 | 48c1 e203 
  0x00007f0da10f8234: ;   {oop("allow-objects"{0x000000060e014948})}
  0x00007f0da10f8234: 48be 4849 | 010e 0600 | 0000 6690 

  0x00007f0da10f8240: ;   {optimized virtual_call}
  0x00007f0da10f8240: c5f8 77e8 

  0x00007f0da10f8244: ; ImmutableOopMap {rbp=Oop [8]=Oop [16]=Oop [24]=Oop [32]=Oop [40]=Oop [64]=Oop [72]=Oop [84]=NarrowOop }
                      ;*invokevirtual equals {reexecute=0 rethrow=0 return_oop=0}
                      ; - java.util.HashMap::getNode@63 (line 578)
                      ; - java.util.HashMap::get@2 (line 564)
                      ; - com.sun.jna.Function::invoke@71 (line 339)
  0x00007f0da10f8244: 38d1 e8fe 

  0x00007f0da10f8248: ;   {other}
  0x00007f0da10f8248: 0f1f 8400 | b807 0003 | 85c0 0f84 | 70fe ffff | 48ff 7424 | 2848 8f44 | 2430 448b | 5d14 4585 
  0x00007f0da10f8268: db0f 84b2 | feff ff47 | 8b44 dc08 

  0x00007f0da10f8274: ;   {metadata('java/lang/Boolean')}
  0x00007f0da10f8274: 4181 f848 | 6b00 000f | 85a0 feff | ff4f 8d14 | dc45 0fb6 | 4a0c 4c8b | 5424 4041 | 8b6a 0c85 
  0x00007f0da10f8294: ed0f 8605 | 0100 004c | 8b5c 2410 

  0x00007f0da10f82a0: ; implicit exception: dispatches to 0x00007f0da10f8fa0
  0x00007f0da10f82a0: 458b 5320 | 4181 e280 | 0000 0045 | 85d2 0f85 | 340b 0000 | 4c8b 5424 | 1845 8b42 | 0c45 85c0 
  0x00007f0da10f82c0: 0f86 a209 | 0000 8d4d | ff41 3bc8 | 0f83 9609 | 0000 3bcd | 0f83 8e09 | 0000 4533 | c04c 8954 
  0x00007f0da10f82e0: 2428 4489 | 4c24 1c89 | 6c24 5444 | 8944 2418 | 4963 e848 | c1e5 024c | 8b54 2428 | 458b 542a 
  0x00007f0da10f8300: 1049 c1e2 | 0348 8b74 | 2408 488b | 5424 4041 | 8bc8 4c8b | 4424 104c | 8b4c 2448 | 8b7c 241c 
  0x00007f0da10f8320: 4c89 1424 

  0x00007f0da10f8324: ;   {optimized virtual_call}
  0x00007f0da10f8324: c5f8 77e8 

  0x00007f0da10f8328: ; ImmutableOopMap {[8]=Oop [16]=Oop [32]=Oop [40]=Oop [48]=Oop [64]=Oop [72]=Oop }
                      ;*invokespecial convertArgument {reexecute=0 rethrow=0 return_oop=1}
                      ; - com.sun.jna.Function::invoke@188 (line 348)
  0x00007f0da10f8328: b4bb cbff 

  0x00007f0da10f832c: ;   {other}
  0x00007f0da10f832c: 0f1f 8400 | 9c08 0004 | 4c8b e84c | 8b54 2440 | 498d 5c2a | 1041 807f | 4000 0f85 | fc06 0000 
  0x00007f0da10f834c: 4d8b d58b | 6c24 18ff | c54d 8bc5 | 49c1 e803 | 4489 034c | 8bdb 4d33 | d349 c1ea | 164d 85d2 
  0x00007f0da10f836c: 741f 4d85 | ed74 1a49 | c1eb 0948 | bf00 9055 | 930d 7f00 | 0049 03fb | 803f 020f | 85f1 0600 
  0x00007f0da10f838c: 003b 6c24 | 540f 8c29 | fdff ff44 | 8b4c 241c | 8b6c 2454 | 4c8b 5424 | 204d 85d2 | 0f84 2107 
  0x00007f0da10f83ac: 0000 498b | 7210 4885 | f674 644c 

  0x00007f0da10f83b8: ;   {metadata('com/sun/jna/NativeMapped')}
  0x00007f0da10f83b8: 8b5e 2048 | b8e8 d371 | 300d 7f00 | 004c 3bd8 | 0f84 ca08 | 0000 483b | f00f 84c1 | 0800 0048 
  0x00007f0da10f83d8: 33ff 4c8b | 9ea0 0000 | 0049 8bd3 | 48c1 e220 | 0f89 2100 | 0000 f348 | 0fb8 d248 | 8b5e 2848 
  0x00007f0da10f83f8: 3b04 d374 | 1549 0fba | e320 730b | 49c1 cb1f 

  0x00007f0da10f8408: ;   {runtime_call StubRoutines (compiler stubs)}
  0x00007f0da10f8408: e8ea 87eb | feeb 0348 | ffc7 4885 | ff0f 847d | 0800 004c | 8b5c 2448 | 4d85 db0f | 8524 0900 
  0x00007f0da10f8428: 0048 8b74 | 2408 488b | 5424 4049 | 8bca 458b | c145 33c9 

  0x00007f0da10f843c: ;   {optimized virtual_call}
  0x00007f0da10f843c: c5f8 77e8 

  0x00007f0da10f8440: ; ImmutableOopMap {[8]=Oop [16]=Oop [32]=Oop [48]=Oop [64]=Oop }
                      ;*invokevirtual invoke {reexecute=0 rethrow=0 return_oop=1}
                      ; - com.sun.jna.Function::invoke@271 (line 364)
  0x00007f0da10f8440: bcb5 53ff 

  0x00007f0da10f8444: ;   {other}
  0x00007f0da10f8444: 0f1f 8400 | b409 0005 | 4889 4424 | 104c 8b54 | 2430 4d85 | d20f 843b | fcff ff45 | 8b5a 0c45 
  0x00007f0da10f8464: 85db 0f86 | 2efc ffff | 458d 53ff | 453b d30f | 833b 0900 | 0033 db4c | 8b54 2430 | 458b 449a 
  0x00007f0da10f8484: 1045 85c0 | 0f84 01fc | ffff 438b | 74c4 0848 | b900 0000 | 2e0d 7f00 | 0048 03ce | 4c8b 5138 
  0x00007f0da10f84a4: ;   {metadata('com/sun/jna/Structure')}
  0x00007f0da10f84a4: 49b9 30a4 | 7130 0d7f | 0000 4d3b | d10f 8434 | 0700 003b | dd0f 834d | 0700 004c | 8b54 2440 
  0x00007f0da10f84c4: 458b 4c9a | 1047 8b54 | cc08 4889 | 4c24 2889 | 7424 2044 | 8944 241c | 895c 2418 | 4489 5c24 
  0x00007f0da10f84e4: 0c89 6c24 | 084c 8b59 | 404c 895c | 2438 48be | 0000 002e | 0d7f 0000 | 4903 f24c 

  0x00007f0da10f8500: ;   {metadata('com/sun/jna/Function$PostCallRead')}
  0x00007f0da10f8500: 8b5e 2049 | b860 2972 | 300d 7f00 | 004d 3bd8 | 0f85 c701 

  0x00007f0da10f8514: ;   {metadata('com/sun/jna/StringArray')}
  0x00007f0da10f8514: 0000 4181 | fa00 c074 | 020f 85e1 | 0900 004b | 8d34 cc44 | 8b54 241c | 49c1 e203 | 4c89 5424 
  0x00007f0da10f8534: 4866 6690 

  0x00007f0da10f8538: ;   {optimized virtual_call}
  0x00007f0da10f8538: c5f8 77e8 

  0x00007f0da10f853c: ; ImmutableOopMap {[16]=Oop [28]=NarrowOop [48]=Oop [64]=Oop [72]=Oop }
                      ;*invokeinterface read {reexecute=0 rethrow=0 return_oop=0}
                      ; - com.sun.jna.Function::invoke@405 (line 387)
  0x00007f0da10f853c: ef0a 0000 

  0x00007f0da10f8540: ;   {other}
  0x00007f0da10f8540: 0f1f 8400 | b00a 0006 | 4c8b 5424 | 4044 8b5c | 2418 478b | 549a 1047 | 8b5c d408 

  0x00007f0da10f855c: ;   {metadata('com/sun/jna/Function$PointerArray')}
  0x00007f0da10f855c: 4181 fbe0 | c474 020f | 85e8 0100 | 004c 8b5c | 2428 4d8b 

  0x00007f0da10f8570: ;   {metadata('com/sun/jna/Structure$ByReference'[])}
  0x00007f0da10f8570: 5b20 49b8 | d071 7530 | 0d7f 0000 | 4d3b d80f | 859a faff | ff4c 8b5c | 2428 4d8b | 5b70 498b 
  0x00007f0da10f8590: 3349 c1e2 | 034c 8954 | 2420 6690 

  0x00007f0da10f859c: ;   {optimized virtual_call}
  0x00007f0da10f859c: c5f8 77e8 

  0x00007f0da10f85a0: ; ImmutableOopMap {[16]=Oop [28]=NarrowOop [32]=Oop [48]=Oop [64]=Oop [72]=Oop }
                      ;*invokevirtual getComponentType {reexecute=0 rethrow=0 return_oop=1}
                      ; - com.sun.jna.Function::invoke@449 (line 391)
  0x00007f0da10f85a0: dccd e8fe 

  0x00007f0da10f85a4: ;   {other}
  0x00007f0da10f85a4: 0f1f 8400 | 140b 0007 | 4889 4424 | 284c 8b54 

  0x00007f0da10f85b4: ;   {metadata('com/sun/jna/Structure'[])}
  0x00007f0da10f85b4: 2438 49bb | 7075 7230 | 0d7f 0000 | 4d3b d30f | 8563 0600 | 004c 8b5c | 2448 458b | 530c 4585 
  0x00007f0da10f85d4: d20f 86a7 | faff ff45 | 8d4a ff45 | 3bca 0f83 | a807 0000 | 458b 4308 

  0x00007f0da10f85ec: ;   {metadata('com/sun/jna/Structure'[])}
  0x00007f0da10f85ec: 4181 f870 | 7572 020f | 8597 0700 | 0033 db4c | 895c 2438 | 4489 5424 | 5066 6666 | 0f1f 8400 
  0x00007f0da10f860c: 0000 0000 | 895c 241c | c1e3 0348 | 63d3 488b | 7424 2066 | 6690 c5f8 | 7748 b8ff | ffff ffff 
  0x00007f0da10f862c: ;   {virtual_call}
  0x00007f0da10f862c: ffff ffe8 

  0x00007f0da10f8630: ; ImmutableOopMap {[16]=Oop [32]=Oop [40]=Oop [48]=Oop [56]=Oop [64]=Oop }
                      ;*invokevirtual getPointer {reexecute=0 rethrow=0 return_oop=1}
                      ; - com.sun.jna.Function::invoke@481 (line 394)
  0x00007f0da10f8630: 4cd0 e8fe 

  0x00007f0da10f8634: ;   {other}
  0x00007f0da10f8634: 0f1f 8400 | a40b 0008 | 4c8b 5424 | 388b 6c24 | 1c4d 8d54 | aa10 458b | 1a4c 8954 | 2448 498b 
  0x00007f0da10f8654: d348 c1e2 | 0348 8b74 | 2428 488b | c848 8b6c | 2438 6690 

  0x00007f0da10f8668: ;   {static_call}
  0x00007f0da10f8668: c5f8 77e8 

  0x00007f0da10f866c: ; ImmutableOopMap {rbp=Oop [72]=Derived_oop_rbp [16]=Oop [32]=Oop [40]=Oop [48]=Oop [56]=Oop [64]=Oop }
                      ;*invokestatic updateStructureByReference {reexecute=0 rethrow=0 return_oop=1}
                      ; - com.sun.jna.Function::invoke@499 (line 395)
  0x00007f0da10f866c: 10d3 e8fe 

  0x00007f0da10f8670: ;   {other}
  0x00007f0da10f8670: 0f1f 8400 | e00b 0009 | 488b d841 | 807f 4000 | 0f85 3603 | 0000 4c8b | d38b 6c24 | 1cff c54c 
  0x00007f0da10f8690: 8bdb 49c1 | eb03 4c8b | 4424 4845 | 8918 4d8b | d84d 33d3 | 49c1 ea16 | 4d85 d274 | 1f48 85db 
  0x00007f0da10f86b0: 741a 49c1 | eb09 48bf | 0090 5593 | 0d7f 0000 | 4903 fb80 | 3f02 0f85 | 2b03 0000 | 8bdd 3b6c 
  0x00007f0da10f86d0: 2450 0f8c | 38ff ffff | e9a5 f9ff 

  0x00007f0da10f86dc: ;   {metadata('com/sun/jna/Function$PostCallRead')}
  0x00007f0da10f86dc: ff48 b860 | 2972 300d | 7f00 0048 | 33ff 4c8b | 9ea0 0000 | 0049 8bd3 | 48c1 e233 | 0f89 2100 
  0x00007f0da10f86fc: 0000 f348 | 0fb8 d248 | 8b5e 2848 | 3b04 d374 | 1549 0fba | e30d 730b | 49c1 cb0c 

  0x00007f0da10f8718: ;   {runtime_call StubRoutines (compiler stubs)}
  0x00007f0da10f8718: e8da 84eb | feeb 0348 | ffc7 4885 | ff0f 84eb | fdff ff4c | 8b54 2438 

  0x00007f0da10f8730: ;   {metadata('com/sun/jna/Structure'[])}
  0x00007f0da10f8730: 49bb 7075 | 7230 0d7f | 0000 4d3b | d30f 8459 | 0700 0044 | 8b5c 240c | 8b5c 2418 | e93e f9ff 
  0x00007f0da10f8750: ff44 8b5c | 240c 8b5c | 2418 e930 

  0x00007f0da10f875c: ;   {oop("type-mapper"{0x000000060e014930})}
  0x00007f0da10f875c: f9ff ff49 | bb30 4901 | 0e06 0000 | 0045 0fb6 | 5b11 4585 | db0f 8588 | 0300 004c | 894c 2438 
  0x00007f0da10f877c: 4489 4424 | 2849 8bea 

  0x00007f0da10f8784: ;   {oop([B{0x000000060d3ede10})}
  0x00007f0da10f8784: 48be 10de | 3e0d 0600 | 0000 6690 

  0x00007f0da10f8790: ;   {static_call}
  0x00007f0da10f8790: c5f8 77e8 

  0x00007f0da10f8794: ; ImmutableOopMap {rbp=Oop [8]=Oop [16]=Oop [24]=Oop [32]=Oop [48]=Oop [56]=Oop [64]=Oop }
                      ;*invokestatic hashCode {reexecute=0 rethrow=0 return_oop=0}
                      ; - java.lang.String::hashCode@27 (line 2358)
                      ; - java.util.HashMap::hash@9 (line 338)
                      ; - java.util.HashMap::getNode@23 (line 576)
                      ; - java.util.HashMap::get@2 (line 564)
                      ; - com.sun.jna.Function::invoke@54 (line 338)
  0x00007f0da10f8794: e8d1 e8fe 

  0x00007f0da10f8798: ;   {other}
  0x00007f0da10f8798: 0f1f 8400 | 080d 000a | 85c0 0f84 | de03 0000 

  0x00007f0da10f87a8: ;   {oop("type-mapper"{0x000000060e014930})}
  0x00007f0da10f87a8: 49ba 3049 | 010e 0600 | 0000 4189 | 420c 448b | d841 c1eb | 1044 33d8 | 448b 4424 | 2845 23c3 
  0x00007f0da10f87c8: 4c8b d54c | 8b4c 2438 | e984 f7ff 

  0x00007f0da10f87d4: ;   {oop("allow-objects"{0x000000060e014948})}
  0x00007f0da10f87d4: ff49 ba48 | 4901 0e06 | 0000 0045 | 0fb6 5211 | 4585 d20f | 851d 0300 | 004c 8944 

  0x00007f0da10f87f0: ;   {oop([B{0x000000060d3ede30})}
  0x00007f0da10f87f0: 2428 48be | 30de 3e0d | 0600 0000 

  0x00007f0da10f87fc: ;   {static_call}
  0x00007f0da10f87fc: c5f8 77e8 

  0x00007f0da10f8800: ; ImmutableOopMap {[8]=Oop [16]=Oop [24]=Oop [32]=Oop [40]=Oop [48]=Oop [64]=Oop [72]=Oop }
                      ;*invokestatic hashCode {reexecute=0 rethrow=0 return_oop=0}
                      ; - java.lang.String::hashCode@27 (line 2358)
                      ; - java.util.HashMap::hash@9 (line 338)
                      ; - java.util.HashMap::getNode@23 (line 576)
                      ; - java.util.HashMap::get@2 (line 564)
                      ; - com.sun.jna.Function::invoke@71 (line 339)
  0x00007f0da10f8800: 7cd1 e8fe 

  0x00007f0da10f8804: ;   {other}
  0x00007f0da10f8804: 0f1f 8400 | 740d 000b | 85c0 0f84 | 9403 0000 

  0x00007f0da10f8814: ;   {oop("allow-objects"{0x000000060e014948})}
  0x00007f0da10f8814: 49ba 4849 | 010e 0600 | 0000 4189 | 420c 448b | d041 c1ea | 1044 33d0 | 4123 ea4c | 8b44 2428 
  0x00007f0da10f8834: 4489 5424 | 50e9 b0f9 | ffff 4833 | ff4c 8b9e | a000 0000 | 498b d348 | c1e2 140f | 8921 0000 
  0x00007f0da10f8854: 00f3 480f | b8d2 488b | 5e28 483b | 04d3 7415 | 490f bae3 | 2c73 0b49 

  0x00007f0da10f886c: ;   {runtime_call StubRoutines (compiler stubs)}
  0x00007f0da10f886c: c1cb 2be8 | 8383 ebfe | eb03 48ff | c748 85ff | 0f84 8ff7 | ffff bede | ffff ff41 | 8be8 6690 
  0x00007f0da10f888c: ;   {runtime_call UncommonTrapBlob}
  0x00007f0da10f888c: c5f8 77e8 

  0x00007f0da10f8890: ; ImmutableOopMap {rbp=NarrowOop }
                      ;*checkcast {reexecute=0 rethrow=0 return_oop=0}
                      ; - com.sun.jna.Function::invoke@59 (line 338)
  0x00007f0da10f8890: 6c26 e9fe 

  0x00007f0da10f8894: ;   {other}
  0x00007f0da10f8894: 0f1f 8400 | 040e 000c | 498d 2ccc | 8b4d 0c41 | 3bcb 741b | 4d8b 8f58 | 0400 008b 

  0x00007f0da10f88b0: ; ImmutableOopMap {r10=Oop rbx=NarrowOop [8]=Oop [16]=Oop [24]=Oop [32]=Oop [48]=Oop [64]=Oop }
                      ;*ifnonnull {reexecute=1 rethrow=0 return_oop=0}
                      ; - (reexecute) java.util.HashMap::getNode@145 (line 587)
                      ; - java.util.HashMap::get@2 (line 564)
                      ; - com.sun.jna.Function::invoke@54 (line 338)
                      ;   {poll}
  0x00007f0da10f88b0: 5d18 4185 | 0185 db0f | 84e0 f8ff | ff49 8d2c | dceb dd44 

  0x00007f0da10f88c4: ;   {oop("type-mapper"{0x000000060e014930})}
  0x00007f0da10f88c4: 8b4d 1041 | 81f9 2629 | c0c1 0f84 | 07f7 ffff | 4489 5c24 | 484c 8954 | 2438 48ff | 7424 3048 
  0x00007f0da10f88e4: 8f44 2428 | 498b d148 

  0x00007f0da10f88ec: ;   {oop("type-mapper"{0x000000060e014930})}
  0x00007f0da10f88ec: c1e2 0348 | be30 4901 | 0e06 0000 | 0066 6690 

  0x00007f0da10f88fc: ;   {optimized virtual_call}
  0x00007f0da10f88fc: c5f8 77e8 

  0x00007f0da10f8900: ; ImmutableOopMap {rbp=Oop [8]=Oop [16]=Oop [24]=Oop [32]=Oop [40]=Oop [56]=Oop [64]=Oop }
                      ;*invokevirtual equals {reexecute=0 rethrow=0 return_oop=0}
                      ; - java.util.HashMap::getNode@128 (line 585)
                      ; - java.util.HashMap::get@2 (line 564)
                      ; - com.sun.jna.Function::invoke@54 (line 338)
  0x00007f0da10f8900: 7cca e8fe 

  0x00007f0da10f8904: ;   {other}
  0x00007f0da10f8904: 0f1f 8400 | 740e 000e | 85c0 0f84 | a005 0000 | 48ff 7424 | 2848 8f44 | 2430 4c8b | 5424 38e9 
  0x00007f0da10f8924: b3f6 ffff | 4b8d 2cdc | 448b 450c | 443b 4424 | 5074 1b4d | 8b8f 5804 | 0000 8b4d 

  0x00007f0da10f8940: ; ImmutableOopMap {rcx=NarrowOop [8]=Oop [16]=Oop [24]=Oop [32]=Oop [48]=Oop [64]=Oop [72]=Oop }
                      ;*ifnonnull {reexecute=1 rethrow=0 return_oop=0}
                      ; - (reexecute) java.util.HashMap::getNode@145 (line 587)
                      ; - java.util.HashMap::get@2 (line 564)
                      ; - com.sun.jna.Function::invoke@71 (line 339)
                      ;   {poll}
  0x00007f0da10f8940: 1841 8501 | 85c9 0f84 | d5f7 ffff | 498d 2ccc | ebda 448b 

  0x00007f0da10f8954: ;   {oop("allow-objects"{0x000000060e014948})}
  0x00007f0da10f8954: 5d10 4181 | fb29 29c0 | c10f 84ff | f8ff ff49 | 8bd3 48c1 

  0x00007f0da10f8968: ;   {oop("allow-objects"{0x000000060e014948})}
  0x00007f0da10f8968: e203 48be | 4849 010e | 0600 0000 

  0x00007f0da10f8974: ;   {optimized virtual_call}
  0x00007f0da10f8974: c5f8 77e8 

  0x00007f0da10f8978: ; ImmutableOopMap {rbp=Oop [8]=Oop [16]=Oop [24]=Oop [32]=Oop [48]=Oop [64]=Oop [72]=Oop }
                      ;*invokevirtual equals {reexecute=0 rethrow=0 return_oop=0}
                      ; - java.util.HashMap::getNode@128 (line 585)
                      ; - java.util.HashMap::get@2 (line 564)
                      ; - com.sun.jna.Function::invoke@71 (line 339)
  0x00007f0da10f8978: 04ca e8fe 

  0x00007f0da10f897c: ;   {other}
  0x00007f0da10f897c: 0f1f 8400 | ec0e 0010 | 85c0 0f85 | d6f8 ffff | be45 ffff | ff48 ff74 | 2430 488f | 4424 284c 
  0x00007f0da10f899c: 8b5c 2440 | 4c89 5c24 | 3089 4424 | 4466 6690 

  0x00007f0da10f89ac: ;   {runtime_call UncommonTrapBlob}
  0x00007f0da10f89ac: c5f8 77e8 

  0x00007f0da10f89b0: ; ImmutableOopMap {rbp=Oop [8]=Oop [16]=Oop [24]=Oop [32]=Oop [40]=Oop [48]=Oop [72]=Oop }
                      ;*ifeq {reexecute=1 rethrow=0 return_oop=0}
                      ; - (reexecute) java.util.HashMap::getNode@131 (line 585)
                      ; - java.util.HashMap::get@2 (line 564)
                      ; - com.sun.jna.Function::invoke@71 (line 339)
  0x00007f0da10f89b0: 4c25 e9fe 

  0x00007f0da10f89b4: ;   {other}
  0x00007f0da10f89b4: 0f1f 8400 | 240f 0011 | 4c8b 5424 | 4845 8b12 | 4585 d20f | 84b9 fcff | ff4d 8b5f | 2849 8bfa 
  0x00007f0da10f89d4: 48c1 e703 | 4d85 db0f | 84ea 0100 | 004d 8b57 | 384b 897c | 1af8 4983 | c3f8 4d89 | 5f28 e98f 
  0x00007f0da10f89f4: fcff ff4d | 8b57 584d | 8b5f 48f0 | 8344 24c0 | 0080 3f00 | 0f84 befc | ffff 4488 | 274d 85db 
  0x00007f0da10f8a14: 7520 498b | f7c5 f877 | 49ba 2090 | fcb0 0d7f | 0000 41ff 

  0x00007f0da10f8a28: ;   {other}
  0x00007f0da10f8a28: d20f 1f84 | 0000 0000 | 00e9 96fc | ffff 4b89 | 7c1a f849 | 83c3 f84d | 895f 48e9 | 84fc ffff 
  0x00007f0da10f8a48: 448b 1b45 | 85db 0f84 | f8f8 ffff | 4d8b 5728 | 498b fb48 | c1e7 034d | 85d2 0f84 | e001 0000 
  0x00007f0da10f8a68: 4d8b 5f38 | 4b89 7c13 | f849 83c2 | f84d 8957 | 28e9 cef8 | ffff 4d8b | 5758 4d8b | 5f48 f083 
  0x00007f0da10f8a88: 4424 c000 | 803f 000f | 84f8 f8ff | ff44 8827 | 4d85 db75 | 2049 8bf7 | c5f8 7749 | ba20 90fc 
  0x00007f0da10f8aa8: b00d 7f00 | 0041 ffd2 

  0x00007f0da10f8ab0: ;   {other}
  0x00007f0da10f8ab0: 0f1f 8400 | 0000 0000 | e9d0 f8ff | ff4b 897c | 1af8 4983 | c3f8 4d89 | 5f48 e9be | f8ff ff41 
  0x00007f0da10f8ad0: 807f 4000 | 0f85 3202 

  0x00007f0da10f8ad8: ;   {oop(a 'java/lang/NullPointerException'{0x000000060be60260})}
  0x00007f0da10f8ad8: 0000 49ba | 6002 e60b | 0600 0000 | 4589 6214 | eb05 eb00 | 4c8b d049 | 8bf2 c5f8 | 7748 83c4 
  0x00007f0da10f8af8: ;   {runtime_call _rethrow_Java}
  0x00007f0da10f8af8: 705d e901 | a0f5 fe45 | 33c0 4533 | dbe9 4ff4 | ffff 33ed | 4533 db44 | 895c 2450 | e9d5 f6ff 
  0x00007f0da10f8b18: ff48 8944 | 2440 4533 | d24c 8954 | 2430 e9cd 

  0x00007f0da10f8b28: ;   {metadata('java/lang/Object'[])}
  0x00007f0da10f8b28: f3ff ff48 | be78 1300 | 2e0d 7f00 | 0033 d290 

  0x00007f0da10f8b38: ;   {runtime_call _new_array_Java}
  0x00007f0da10f8b38: c5f8 77e8 

  0x00007f0da10f8b3c: ; ImmutableOopMap {rbp=Oop [8]=Oop [16]=Oop [24]=Oop [32]=Oop [40]=Oop }
                      ;*anewarray {reexecute=0 rethrow=0 return_oop=1}
                      ; - com.sun.jna.Function::invoke@1 (line 329)
  0x00007f0da10f8b3c: c096 f5fe 

  0x00007f0da10f8b40: ;   {other}
  0x00007f0da10f8b40: 0f1f 8400 | b010 0012 | e9f5 f2ff | ff48 8954 | 2438 4489 

  0x00007f0da10f8b54: ;   {metadata('java/lang/Object'[])}
  0x00007f0da10f8b54: 5c24 3048 | be78 1300 | 2e0d 7f00 | 0041 8bd3 

  0x00007f0da10f8b64: ;   {runtime_call _new_array_Java}
  0x00007f0da10f8b64: c5f8 77e8 

  0x00007f0da10f8b68: ; ImmutableOopMap {rbp=Oop [8]=Oop [16]=Oop [24]=Oop [32]=Oop [40]=Oop }
                      ;*anewarray {reexecute=0 rethrow=0 return_oop=1}
                      ; - com.sun.jna.Function::invoke@33 (line 334)
  0x00007f0da10f8b68: 9496 f5fe 

  0x00007f0da10f8b6c: ;   {other}
  0x00007f0da10f8b6c: 0f1f 8400 | dc10 0013 | 448b 5c24 | 3048 8b54 | 2438 488b | d8e9 3df3 

  0x00007f0da10f8b84: ;   {oop("type-mapper"{0x000000060e014930})}
  0x00007f0da10f8b84: ffff 49ba | 3049 010e | 0600 0000 | 41c6 4211 | 0145 33c0 | 4533 db4c | 8bd5 4c8b | 4c24 38e9 
  0x00007f0da10f8ba4: b1f3 ffff 

  0x00007f0da10f8ba8: ;   {oop("allow-objects"{0x000000060e014948})}
  0x00007f0da10f8ba8: 49ba 4849 | 010e 0600 | 0000 41c6 | 4211 0133 | ed4c 8b44 | 2428 4533 | db44 895c | 2450 e923 
  0x00007f0da10f8bc8: f6ff ff49 | 8bf7 c5f8 | 7749 ba00 | 90fc b00d | 7f00 0041 

  0x00007f0da10f8bdc: ;   {other}
  0x00007f0da10f8bdc: ffd2 0f1f | 8400 0000 | 0000 e99b | faff ffbe | 45ff ffff | 895c 2418 | 4489 4424 | 1c66 6690 
  0x00007f0da10f8bfc: ;   {runtime_call UncommonTrapBlob}
  0x00007f0da10f8bfc: c5f8 77e8 

  0x00007f0da10f8c00: ; ImmutableOopMap {[16]=Oop [28]=NarrowOop [48]=Oop [64]=Oop }
                      ;*ifeq {reexecute=1 rethrow=0 return_oop=0}
                      ; - (reexecute) com.sun.jna.Function::invoke@364 (line 382)
  0x00007f0da10f8c00: fc22 e9fe 

  0x00007f0da10f8c04: ;   {other}
  0x00007f0da10f8c04: 0f1f 8400 | 7411 0014 | bee4 ffff | ff44 8944 | 241c 895c | 2428 6690 

  0x00007f0da10f8c1c: ;   {runtime_call UncommonTrapBlob}
  0x00007f0da10f8c1c: c5f8 77e8 

  0x00007f0da10f8c20: ; ImmutableOopMap {[16]=Oop [28]=NarrowOop [48]=Oop [64]=Oop }
                      ;*aaload {reexecute=0 rethrow=0 return_oop=0}
                      ; - com.sun.jna.Function::invoke@390 (line 386)
  0x00007f0da10f8c20: dc22 e9fe 

  0x00007f0da10f8c24: ;   {other}
  0x00007f0da10f8c24: 0f1f 8400 | 9411 0015 | bede ffff | ff8b 6c24 | 1c66 6690 

  0x00007f0da10f8c38: ;   {runtime_call UncommonTrapBlob}
  0x00007f0da10f8c38: c5f8 77e8 

  0x00007f0da10f8c3c: ; ImmutableOopMap {rbp=NarrowOop }
                      ;*checkcast {reexecute=0 rethrow=0 return_oop=0}
                      ; - com.sun.jna.Function::invoke@456 (line 392)
  0x00007f0da10f8c3c: c022 e9fe 

  0x00007f0da10f8c40: ;   {other}
  0x00007f0da10f8c40: 0f1f 8400 | b011 0016 | 498b f7c5 | f877 49ba | 0090 fcb0 | 0d7f 0000 

  0x00007f0da10f8c58: ;   {other}
  0x00007f0da10f8c58: 41ff d20f | 1f84 0000 | 0000 00e9 | e4f6 ffff | be76 ffff | ff48 ff74 | 2430 488f | 4424 2848 
  0x00007f0da10f8c78: ff74 2440 | 488f 4424 | 3044 894c | 2440 6690 

  0x00007f0da10f8c88: ;   {runtime_call UncommonTrapBlob}
  0x00007f0da10f8c88: c5f8 77e8 

  0x00007f0da10f8c8c: ; ImmutableOopMap {[8]=Oop [16]=Oop [24]=Oop [32]=Oop [40]=Oop [48]=Oop [72]=Oop }
                      ;*if_icmpge {reexecute=1 rethrow=0 return_oop=0}
                      ; - (reexecute) com.sun.jna.Function::invoke@129 (line 342)
  0x00007f0da10f8c8c: 7022 e9fe 

  0x00007f0da10f8c90: ;   {other}
  0x00007f0da10f8c90: 0f1f 8400 | 0012 0017 | be45 ffff | ff48 8b6c | 2408 4c8b | 5c24 104c | 895c 2408 | 4c89 5424 
  0x00007f0da10f8cb0: 1044 894c | 2428 6690 

  0x00007f0da10f8cb8: ;   {runtime_call UncommonTrapBlob}
  0x00007f0da10f8cb8: c5f8 77e8 

  0x00007f0da10f8cbc: ; ImmutableOopMap {rbp=Oop [8]=Oop [16]=Oop [48]=Oop [64]=Oop }
                      ;*ifeq {reexecute=1 rethrow=0 return_oop=0}
                      ; - (reexecute) com.sun.jna.Function::invoke@210 (line 353)
  0x00007f0da10f8cbc: 4022 e9fe 

  0x00007f0da10f8cc0: ;   {other}
  0x00007f0da10f8cc0: 0f1f 8400 | 3012 0018 | bede ffff | ff48 8b6c | 2408 4c8b | 5424 104c | 8954 2408 | 4c8b 5424 
  0x00007f0da10f8ce0: 184c 8954 | 2410 4c8b | 5424 204c | 8954 2418 | 48ff 7424 | 3048 8f44 | 2420 6690 

  0x00007f0da10f8cfc: ;   {runtime_call UncommonTrapBlob}
  0x00007f0da10f8cfc: c5f8 77e8 

  0x00007f0da10f8d00: ; ImmutableOopMap {rbp=Oop [8]=Oop [16]=Oop [24]=Oop [32]=Oop [40]=Oop [64]=Oop }
                      ;*invokeinterface get {reexecute=0 rethrow=0 return_oop=0}
                      ; - com.sun.jna.Function::invoke@54 (line 338)
  0x00007f0da10f8d00: fc21 e9fe 

  0x00007f0da10f8d04: ;   {other}
  0x00007f0da10f8d04: 0f1f 8400 | 7412 0019 

  0x00007f0da10f8d0c: ;   {oop(a 'java/lang/NullPointerException'{0x000000060be60260})}
  0x00007f0da10f8d0c: 49ba 6002 | e60b 0600 | 0000 458b | 5a14 4585 | db0f 84b7 | fdff ff4d | 8b57 2849 | 8bfb 48c1 
  0x00007f0da10f8d2c: e703 4d85 | d20f 84ad | 0100 004d | 8b5f 384b | 897c 13f8 | 4983 c2f8 | 4d89 5728 | e98d fdff 
  0x00007f0da10f8d4c: ffbe 54ff | ffff 488b | 6c24 084c | 8b5c 2410 | 4c89 5c24 | 0848 ff74 | 2430 488f | 4424 1848 
  0x00007f0da10f8d6c: ff74 2440 | 488f 4424 | 2044 894c | 2430 4c89 | 5424 3890 

  0x00007f0da10f8d80: ;   {runtime_call UncommonTrapBlob}
  0x00007f0da10f8d80: c5f8 77e8 

  0x00007f0da10f8d84: ; ImmutableOopMap {rbp=Oop [8]=Oop [24]=Oop [32]=Oop [56]=Oop [72]=Oop }
                      ;*ifnull {reexecute=1 rethrow=0 return_oop=0}
                      ; - (reexecute) com.sun.jna.Function::invoke@235 (line 357)
  0x00007f0da10f8d84: 7821 e9fe 

  0x00007f0da10f8d88: ;   {other}
  0x00007f0da10f8d88: 0f1f 8400 | f812 001a | be76 ffff | ff48 8b6c | 2430 4c89 | 5c24 3044 | 8954 241c 

  0x00007f0da10f8da4: ;   {runtime_call UncommonTrapBlob}
  0x00007f0da10f8da4: c5f8 77e8 

  0x00007f0da10f8da8: ; ImmutableOopMap {rbp=Oop [16]=Oop [32]=Oop [40]=Oop [48]=Oop [64]=Oop }
                      ;*if_icmpge {reexecute=1 rethrow=0 return_oop=0}
                      ; - (reexecute) com.sun.jna.Function::invoke@469 (line 393)
  0x00007f0da10f8da8: 5421 e9fe 

  0x00007f0da10f8dac: ;   {other}
  0x00007f0da10f8dac: 0f1f 8400 | 1c13 001b | be76 ffff | ff44 895c | 2418 6690 

  0x00007f0da10f8dc0: ;   {runtime_call UncommonTrapBlob}
  0x00007f0da10f8dc0: c5f8 77e8 

  0x00007f0da10f8dc4: ; ImmutableOopMap {[16]=Oop [48]=Oop [64]=Oop }
                      ;*if_icmpge {reexecute=1 rethrow=0 return_oop=0}
                      ; - (reexecute) com.sun.jna.Function::invoke@341 (line 378)
  0x00007f0da10f8dc4: 3821 e9fe 

  0x00007f0da10f8dc8: ;   {other}
  0x00007f0da10f8dc8: 0f1f 8400 | 3813 001c | be45 ffff | ff41 8beb 

  0x00007f0da10f8dd8: ;   {runtime_call UncommonTrapBlob}
  0x00007f0da10f8dd8: c5f8 77e8 

  0x00007f0da10f8ddc: ; ImmutableOopMap {}
                      ;*if_icmple {reexecute=1 rethrow=0 return_oop=0}
                      ; - (reexecute) com.sun.jna.Function::invoke@17 (line 331)
  0x00007f0da10f8ddc: 2021 e9fe 

  0x00007f0da10f8de0: ;   {other}
  0x00007f0da10f8de0: 0f1f 8400 | 5013 001d | be45 ffff | ff48 8b6c | 2408 4c89 | 5c24 084c | 8b5c 2418 | 4c89 5c24 
  0x00007f0da10f8e00: 104c 8b5c | 2420 4c89 | 5c24 1848 | ff74 2430 | 488f 4424 | 2044 894c | 2438 4489 | 5424 3c90 
  0x00007f0da10f8e20: ;   {runtime_call UncommonTrapBlob}
  0x00007f0da10f8e20: c5f8 77e8 

  0x00007f0da10f8e24: ; ImmutableOopMap {rbp=Oop [8]=Oop [16]=Oop [24]=Oop [32]=Oop [64]=Oop [72]=Oop }
                      ;*ifeq {reexecute=1 rethrow=0 return_oop=0}
                      ; - (reexecute) java.lang.reflect.Executable::isVarArgs@8 (line 532)
                      ; - java.lang.reflect.Method::isVarArgs@1 (line 677)
                      ; - com.sun.jna.VarArgsChecker$RealVarArgsChecker::isVarArgs@1 (line 47)
                      ; - com.sun.jna.Function::isVarArgs@4 (line 802)
                      ; - com.sun.jna.Function::invoke@92 (line 340)
  0x00007f0da10f8e24: d820 e9fe 

  0x00007f0da10f8e28: ;   {other}
  0x00007f0da10f8e28: 0f1f 8400 | 9813 001e | be45 ffff | ff48 8b6c | 2408 4c8b | 5c24 104c | 895c 2408 | 4c8b 5c24 
  0x00007f0da10f8e48: 184c 895c | 2410 4c8b | 5c24 204c | 895c 2418 | 48ff 7424 | 3048 8f44 | 2420 4c89 | 5424 2844 
  0x00007f0da10f8e68: 8944 2438 

  0x00007f0da10f8e6c: ;   {runtime_call UncommonTrapBlob}
  0x00007f0da10f8e6c: c5f8 77e8 

  0x00007f0da10f8e70: ; ImmutableOopMap {rbp=Oop [8]=Oop [16]=Oop [24]=Oop [32]=Oop [40]=Oop [64]=Oop }
                      ;*ifle {reexecute=1 rethrow=0 return_oop=0}
                      ; - (reexecute) java.util.HashMap::getNode@14 (line 575)
                      ; - java.util.HashMap::get@2 (line 564)
                      ; - com.sun.jna.Function::invoke@54 (line 338)
  0x00007f0da10f8e70: 8c20 e9fe 

  0x00007f0da10f8e74: ;   {other}
  0x00007f0da10f8e74: 0f1f 8400 | e413 001f | be45 ffff | ff48 ff74 | 2430 488f | 4424 2890 

  0x00007f0da10f8e8c: ;   {runtime_call UncommonTrapBlob}
  0x00007f0da10f8e8c: c5f8 77e8 

  0x00007f0da10f8e90: ; ImmutableOopMap {[8]=Oop [16]=Oop [24]=Oop [32]=Oop [40]=Oop [64]=Oop [72]=Oop }
                      ;*ifle {reexecute=1 rethrow=0 return_oop=0}
                      ; - (reexecute) java.util.HashMap::getNode@14 (line 575)
                      ; - java.util.HashMap::get@2 (line 564)
                      ; - com.sun.jna.Function::invoke@71 (line 339)
  0x00007f0da10f8e90: 6c20 e9fe 

  0x00007f0da10f8e94: ;   {other}
  0x00007f0da10f8e94: 0f1f 8400 | 0414 0020 | be45 ffff | ff66 6690 

  0x00007f0da10f8ea4: ;   {runtime_call UncommonTrapBlob}
  0x00007f0da10f8ea4: c5f8 77e8 

  0x00007f0da10f8ea8: ; ImmutableOopMap {[16]=Oop [28]=NarrowOop [48]=Oop [64]=Oop }
                      ;*ifeq {reexecute=1 rethrow=0 return_oop=0}
                      ; - (reexecute) com.sun.jna.Function::invoke@522 (line 399)
  0x00007f0da10f8ea8: 5420 e9fe 

  0x00007f0da10f8eac: ;   {other}
  0x00007f0da10f8eac: 0f1f 8400 | 1c14 0021 | be45 ffff | ff48 ff74 | 2438 488f | 4424 304c | 8b54 2440 | 4c89 5424 
  0x00007f0da10f8ecc: 3889 4424 | 4466 6690 

  0x00007f0da10f8ed4: ;   {runtime_call UncommonTrapBlob}
  0x00007f0da10f8ed4: c5f8 77e8 

  0x00007f0da10f8ed8: ; ImmutableOopMap {rbp=Oop [8]=Oop [16]=Oop [24]=Oop [32]=Oop [40]=Oop [48]=Oop [56]=Oop }
                      ;*ifeq {reexecute=1 rethrow=0 return_oop=0}
                      ; - (reexecute) java.util.HashMap::getNode@131 (line 585)
                      ; - java.util.HashMap::get@2 (line 564)
                      ; - com.sun.jna.Function::invoke@54 (line 338)
  0x00007f0da10f8ed8: 2420 e9fe 

  0x00007f0da10f8edc: ;   {other}
  0x00007f0da10f8edc: 0f1f 8400 | 4c14 0022 | 498b f7c5 | f877 49ba | 0090 fcb0 | 0d7f 0000 

  0x00007f0da10f8ef4: ;   {other}
  0x00007f0da10f8ef4: 41ff d20f | 1f84 0000 | 0000 00e9 | d6fb ffff | bede ffff | ff44 894c | 2420 6690 

  0x00007f0da10f8f10: ;   {runtime_call UncommonTrapBlob}
  0x00007f0da10f8f10: c5f8 77e8 

  0x00007f0da10f8f14: ; ImmutableOopMap {[16]=Oop [28]=NarrowOop [32]=NarrowOop [48]=Oop [64]=Oop }
                      ;*checkcast {reexecute=0 rethrow=0 return_oop=0}
                      ; - com.sun.jna.Function::invoke@402 (line 387)
  0x00007f0da10f8f14: e81f e9fe 

  0x00007f0da10f8f18: ;   {other}
  0x00007f0da10f8f18: 0f1f 8400 | 8814 0023 | e9c7 fbff | ffe9 c2fb | ffff e9bd | fbff ffe9 | b8fb ffff | bef4 ffff 
  0x00007f0da10f8f38: ff89 5c24 | 1844 8944 | 241c 6690 

  0x00007f0da10f8f44: ;   {runtime_call UncommonTrapBlob}
  0x00007f0da10f8f44: c5f8 77e8 

  0x00007f0da10f8f48: ; ImmutableOopMap {[16]=Oop [28]=NarrowOop [48]=Oop [64]=Oop }
                      ;*instanceof {reexecute=0 rethrow=0 return_oop=0}
                      ; - com.sun.jna.Function::invoke@391 (line 386)
  0x00007f0da10f8f48: b41f e9fe 

  0x00007f0da10f8f4c: ;   {other}
  0x00007f0da10f8f4c: 0f1f 8400 | bc14 0024 | bef4 ffff | ff66 6690 

  0x00007f0da10f8f5c: ;   {runtime_call UncommonTrapBlob}
  0x00007f0da10f8f5c: c5f8 77e8 

  0x00007f0da10f8f60: ; ImmutableOopMap {[16]=Oop [28]=NarrowOop [48]=Oop [64]=Oop }
                      ;*instanceof {reexecute=0 rethrow=0 return_oop=0}
                      ; - com.sun.jna.Function::invoke@415 (line 388)
  0x00007f0da10f8f60: 9c1f e9fe 

  0x00007f0da10f8f64: ;   {other}
  0x00007f0da10f8f64: 0f1f 8400 | d414 0025 | e97b fbff | ffe9 76fb | ffff bef6 | ffff ff90 

  0x00007f0da10f8f7c: ;   {runtime_call UncommonTrapBlob}
  0x00007f0da10f8f7c: c5f8 77e8 

  0x00007f0da10f8f80: ; ImmutableOopMap {}
                      ;*invokeinterface get {reexecute=0 rethrow=0 return_oop=0}
                      ; - com.sun.jna.Function::invoke@54 (line 338)
  0x00007f0da10f8f80: 7c1f e9fe 

  0x00007f0da10f8f84: ;   {other}
  0x00007f0da10f8f84: 0f1f 8400 | f414 0026 | e95b fbff | ffe9 56fb | ffff e951 | fbff ffe9 | 4cfb ffff | be45 ffff 
  0x00007f0da10f8fa4: ff48 8b6c | 2408 4c8b | 5424 184c | 8954 2410 | 4c8b 5424 | 204c 8954 | 2418 48ff | 7424 3048 
  0x00007f0da10f8fc4: 8f44 2420 | 48ff 7424 | 4048 8f44 | 2428 4489 | 4c24 384c | 895c 2440 

  0x00007f0da10f8fdc: ;   {runtime_call UncommonTrapBlob}
  0x00007f0da10f8fdc: c5f8 77e8 

  0x00007f0da10f8fe0: ; ImmutableOopMap {rbp=Oop [16]=Oop [24]=Oop [32]=Oop [40]=Oop [64]=Oop [72]=Oop }
                      ;*ifnull {reexecute=1 rethrow=0 return_oop=0}
                      ; - (reexecute) com.sun.jna.Function::invoke@88 (line 340)
  0x00007f0da10f8fe0: 1c1f e9fe 

  0x00007f0da10f8fe4: ;   {other}
  0x00007f0da10f8fe4: 0f1f 8400 | 5415 0027 | e9fb faff | ffe9 f6fa | ffff e9f1 | faff ffe9 | ecfa ffff 

  0x00007f0da10f9000: ;   {internal_word}
  0x00007f0da10f9000: 49ba a780 | 0fa1 0d7f | 0000 4d89 | 9768 0400 

  0x00007f0da10f9010: ;   {runtime_call SafepointBlob}
  0x00007f0da10f9010: 00e9 ea2f 

  0x00007f0da10f9014: ;   {runtime_call StubRoutines (final stubs)}
  0x00007f0da10f9014: e9fe e885 | 24e7 fee9 | baed ffff 
[Stub Code]
  0x00007f0da10f9020: ;   {no_reloc}
  0x00007f0da10f9020: 48bb 0000 | 0000 0000 

  0x00007f0da10f9028: ;   {runtime_call nmethod}
  0x00007f0da10f9028: 0000 e9fb 

  0x00007f0da10f902c: ;   {static_stub}
  0x00007f0da10f902c: ffff ff48 | bb48 98aa | 2d0d 7f00 

  0x00007f0da10f9038: ;   {runtime_call I2C/C2I adapters}
  0x00007f0da10f9038: 00e9 250d 

  0x00007f0da10f903c: ;   {static_stub}
  0x00007f0da10f903c: e9fe 48bb | 0000 0000 | 0000 0000 

  0x00007f0da10f9048: ;   {runtime_call nmethod}
  0x00007f0da10f9048: e9fb ffff 

  0x00007f0da10f904c: ;   {static_stub}
  0x00007f0da10f904c: ff48 bb00 | 0000 0000 

  0x00007f0da10f9054: ;   {runtime_call nmethod}
  0x00007f0da10f9054: 0000 00e9 | fbff ffff 

  0x00007f0da10f905c: ;   {static_stub}
  0x00007f0da10f905c: 48bb 0000 | 0000 0000 

  0x00007f0da10f9064: ;   {runtime_call nmethod}
  0x00007f0da10f9064: 0000 e9fb 

  0x00007f0da10f9068: ;   {static_stub}
  0x00007f0da10f9068: ffff ff48 | bb00 0000 | 0000 0000 

  0x00007f0da10f9074: ;   {runtime_call nmethod}
  0x00007f0da10f9074: 00e9 fbff 

  0x00007f0da10f9078: ;   {static_stub}
  0x00007f0da10f9078: ffff 48bb | 0000 0000 | 0000 0000 

  0x00007f0da10f9084: ;   {runtime_call nmethod}
  0x00007f0da10f9084: e9fb ffff 

  0x00007f0da10f9088: ;   {static_stub}
  0x00007f0da10f9088: ff48 bb00 | 0000 0000 

  0x00007f0da10f9090: ;   {runtime_call nmethod}
  0x00007f0da10f9090: 0000 00e9 | fbff ffff 
[Exception Handler]
  0x00007f0da10f9098: ;   {runtime_call ExceptionBlob}
  0x00007f0da10f9098: e9e3 43f5 | fee8 0000 | 0000 4883 

  0x00007f0da10f90a4: ;   {runtime_call DeoptimizationBlob}
  0x00007f0da10f90a4: 2c24 05e9 | f421 e9fe | f4f4 f4f4 
[/MachCode]


---------------  P R O C E S S  ---------------

Threads class SMR info:
_java_thread_list=0x00007f0d26eead10, length=56, elements={
0x00007f0dac0394c0, 0x00007f0dac140970, 0x00007f0dac143bc0, 0x00007f0dac145140,
0x00007f0dac1468d0, 0x00007f0dac147f20, 0x00007f0dac1494c0, 0x00007f0dac14b000,
0x00007f0dac14c6c0, 0x00007f0dac815e20, 0x00007f0dac81a620, 0x00007f0dac865f30,
0x00007f0d8402c920, 0x00007f0d800089f0, 0x00007f0dac8c3640, 0x00007f0dac90dfe0,
0x00007f0dac914c10, 0x00007f0dacabcc10, 0x00007f0d20004560, 0x00007f0d20089f00,
0x00007f0d74115770, 0x00007f0d84c98ed0, 0x00007f0d849e3870, 0x00007f0d849e5b10,
0x00007f0d849e7150, 0x00007f0d200d5770, 0x00007f0d849ecba0, 0x00007f0d74134500,
0x000055b3d4a8d240, 0x00007f0d1400dbc0, 0x00007f0d70045480, 0x00007f0d74430260,
0x00007f0d743a2ac0, 0x00007f0d744dae80, 0x00007f0d74c930e0, 0x00007f0dad0dc370,
0x00007f0d881689e0, 0x00007f0d1d78e690, 0x00007f0d140395e0, 0x00007f0d8809b330,
0x00007f0dad0e4cd0, 0x00007f0d70015f20, 0x00007f0d84bf1290, 0x00007f0d20149040,
0x00007f0d764af230, 0x00007f0d24b4df90, 0x00007f0d845b4940, 0x00007f0d70d4b9e0,
0x00007f0d840682b0, 0x00007f0d8022ae90, 0x00007f0d8473ab60, 0x00007f0cd908e900,
0x00007f0cd908d4e0, 0x00007f0cd9092b30, 0x00007f0ca8697620, 0x00007f0d24a777c0
}

Java Threads: ( => current thread )
  0x00007f0dac0394c0 JavaThread "main"                              [_thread_blocked, id=25106, stack(0x00007f0db05f8000,0x00007f0db06f8000) (1024K)]
  0x00007f0dac140970 JavaThread "Common-Cleaner"             daemon [_thread_blocked, id=25114, stack(0x00007f0d7ed00000,0x00007f0d7ee00000) (1024K)]
  0x00007f0dac143bc0 JavaThread "Reference Handler"          daemon [_thread_blocked, id=25115, stack(0x00007f0d7ebff000,0x00007f0d7ecff000) (1024K)]
  0x00007f0dac145140 JavaThread "Finalizer"                  daemon [_thread_blocked, id=25116, stack(0x00007f0d7eafe000,0x00007f0d7ebfe000) (1024K)]
  0x00007f0dac1468d0 JavaThread "Signal Dispatcher"          daemon [_thread_blocked, id=25117, stack(0x00007f0d7e9fd000,0x00007f0d7eafd000) (1024K)]
  0x00007f0dac147f20 JavaThread "Service Thread"             daemon [_thread_blocked, id=25118, stack(0x00007f0d7e8fc000,0x00007f0d7e9fc000) (1024K)]
  0x00007f0dac1494c0 JavaThread "Monitor Deflation Thread"   daemon [_thread_blocked, id=25119, stack(0x00007f0d7e7fb000,0x00007f0d7e8fb000) (1024K)]
  0x00007f0dac14b000 JavaThread "C2 CompilerThread0"         daemon [_thread_blocked, id=25120, stack(0x00007f0d7e6fa000,0x00007f0d7e7fa000) (1024K)]
  0x00007f0dac14c6c0 JavaThread "C1 CompilerThread0"         daemon [_thread_blocked, id=25121, stack(0x00007f0d7e5f9000,0x00007f0d7e6f9000) (1024K)]
  0x00007f0dac815e20 JavaThread "process reaper (pid 25123)" daemon [_thread_in_native, id=25124, stack(0x00007f0d8e425000,0x00007f0d8e447000) (136K)]
  0x00007f0dac81a620 JavaThread "DevTools: Stderr"           daemon [_thread_in_native, id=25126, stack(0x00007f0d7e326000,0x00007f0d7e426000) (1024K)]
  0x00007f0dac865f30 JavaThread "Hot Reload Main"            daemon [_thread_blocked, id=25166, stack(0x00007f0d7e427000,0x00007f0d7e527000) (1024K)]
  0x00007f0d8402c920 JavaThread "Orchestration IO: Writer"   daemon [_thread_blocked, id=25173, stack(0x00007f0d7e225000,0x00007f0d7e325000) (1024K)]
  0x00007f0d800089f0 JavaThread "Orchestration IO: Reader"   daemon [_thread_in_native, id=25186, stack(0x00007f0d7e124000,0x00007f0d7e224000) (1024K)]
  0x00007f0dac8c3640 JavaThread "Logger"                     daemon [_thread_blocked, id=25223, stack(0x00007f0d7d619000,0x00007f0d7d719000) (1024K)]
  0x00007f0dac90dfe0 JavaThread "Notification Thread"        daemon [_thread_blocked, id=25224, stack(0x00007f0d7d518000,0x00007f0d7d618000) (1024K)]
  0x00007f0dac914c10 JavaThread "Compose Runtime Analyzer"   daemon [_thread_blocked, id=25225, stack(0x00007f0d7d417000,0x00007f0d7d517000) (1024K)]
  0x00007f0dacabcc10 JavaThread "DefaultDispatcher-worker-2" daemon [_thread_blocked, id=25234, stack(0x00007f0d7cdff000,0x00007f0d7ceff000) (1024K)]
  0x00007f0d20004560 JavaThread "DefaultDispatcher-worker-3" daemon [_thread_blocked, id=25235, stack(0x00007f0d7ccfe000,0x00007f0d7cdfe000) (1024K)]
  0x00007f0d20089f00 JavaThread "DefaultDispatcher-worker-4" daemon [_thread_blocked, id=25236, stack(0x00007f0d7cbfd000,0x00007f0d7ccfd000) (1024K)]
  0x00007f0d74115770 JavaThread "kotlinx.coroutines.DefaultExecutor" daemon [_thread_blocked, id=25275, stack(0x00007f0d7c9fb000,0x00007f0d7cafb000) (1024K)]
  0x00007f0d84c98ed0 JavaThread "Java2D Disposer"            daemon [_thread_blocked, id=25288, stack(0x00007f0d29d25000,0x00007f0d29e25000) (1024K)]
  0x00007f0d849e3870 JavaThread "AWT-XAWT"                   daemon [_thread_in_native, id=25289, stack(0x00007f0d29c24000,0x00007f0d29d24000) (1024K)]
  0x00007f0d849e5b10 JavaThread "AWT-Shutdown"                      [_thread_blocked, id=25290, stack(0x00007f0d29b23000,0x00007f0d29c23000) (1024K)]
  0x00007f0d849e7150 JavaThread "AWT-EventQueue-0"                  [_thread_blocked, id=25291, stack(0x00007f0d29a22000,0x00007f0d29b22000) (1024K)]
  0x00007f0d200d5770 JavaThread "DefaultDispatcher-worker-9" daemon [_thread_blocked, id=25294, stack(0x00007f0d280d8000,0x00007f0d281d8000) (1024K)]
  0x00007f0d849ecba0 JavaThread "DefaultDispatcher-worker-11" daemon [_thread_blocked, id=25296, stack(0x00007f0d1adfd000,0x00007f0d1aefd000) (1024K)]
  0x00007f0d74134500 JavaThread "DefaultDispatcher-worker-14" daemon [_thread_blocked, id=25299, stack(0x00007f0d1aafa000,0x00007f0d1abfa000) (1024K)]
  0x000055b3d4a8d240 JavaThread "DefaultDispatcher-worker-17" daemon [_thread_blocked, id=25302, stack(0x00007f0d1a543000,0x00007f0d1a643000) (1024K)]
  0x00007f0d1400dbc0 JavaThread "DefaultDispatcher-worker-18" daemon [_thread_blocked, id=25303, stack(0x00007f0d1a442000,0x00007f0d1a542000) (1024K)]
  0x00007f0d70045480 JavaThread "DefaultDispatcher-worker-21" daemon [_thread_blocked, id=25306, stack(0x00007f0d1a13f000,0x00007f0d1a23f000) (1024K)]
  0x00007f0d74430260 JavaThread "SystemPropertyWatcher"      daemon [_thread_blocked, id=25307, stack(0x00007f0d1a8f8000,0x00007f0d1a9f8000) (1024K)]
  0x00007f0d743a2ac0 JavaThread "TimerQueue"                 daemon [_thread_blocked, id=25308, stack(0x00007f0d1a7f7000,0x00007f0d1a8f7000) (1024K)]
  0x00007f0d744dae80 JavaThread "Reference Cleaner"          daemon [_thread_blocked, id=25310, stack(0x00007f0d1a03e000,0x00007f0d1a13e000) (1024K)]
  0x00007f0d74c930e0 JavaThread "skiko-dispatcher-to-block-on" daemon [_thread_blocked, id=25321, stack(0x00007f0d07526000,0x00007f0d07626000) (1024K)]
  0x00007f0dad0dc370 JavaThread "skiko-dispatcher-to-block-on" daemon [_thread_blocked, id=25328, stack(0x00007f0cfe28a000,0x00007f0cfe38a000) (1024K)]
  0x00007f0d881689e0 JavaThread "DefaultDispatcher-worker-22" daemon [_thread_blocked, id=25467, stack(0x00007f0cff3a5000,0x00007f0cff4a5000) (1024K)]
  0x00007f0d1d78e690 JavaThread "DefaultDispatcher-worker-23" daemon [_thread_in_native, id=25468, stack(0x00007f0cff2a4000,0x00007f0cff3a4000) (1024K)]
  0x00007f0d140395e0 JavaThread "DefaultDispatcher-worker-7" daemon [_thread_blocked, id=25482, stack(0x00007f0cfcd55000,0x00007f0cfce55000) (1024K)]
  0x00007f0d8809b330 JavaThread "DefaultDispatcher-worker-1" daemon [_thread_blocked, id=25483, stack(0x00007f0cfcc54000,0x00007f0cfcd54000) (1024K)]
  0x00007f0dad0e4cd0 JavaThread "DefaultDispatcher-worker-8" daemon [_thread_blocked, id=25490, stack(0x00007f0cfc54d000,0x00007f0cfc64d000) (1024K)]
  0x00007f0d70015f20 JavaThread "DefaultDispatcher-worker-10" daemon [_thread_blocked, id=25494, stack(0x00007f0cfc149000,0x00007f0cfc249000) (1024K)]
  0x00007f0d84bf1290 JavaThread "DefaultDispatcher-worker-5" daemon [_thread_in_native, id=25502, stack(0x00007f0cfb941000,0x00007f0cfba41000) (1024K)]
  0x00007f0d20149040 JavaThread "DefaultDispatcher-worker-20" daemon [_thread_blocked, id=25508, stack(0x00007f0cfb33b000,0x00007f0cfb43b000) (1024K)]
  0x00007f0d764af230 JavaThread "JNA Cleaner"                daemon [_thread_blocked, id=25511, stack(0x00007f0cee500000,0x00007f0cee600000) (1024K)]
  0x00007f0d24b4df90 JavaThread "DefaultDispatcher-worker-13" daemon [_thread_blocked, id=25919, stack(0x00007f0d7d71a000,0x00007f0d7d81a000) (1024K)]
  0x00007f0d845b4940 JavaThread "DefaultDispatcher-worker-19" daemon [_thread_blocked, id=25924, stack(0x00007f0cedefc000,0x00007f0cedffc000) (1024K)]
  0x00007f0d70d4b9e0 JavaThread "DefaultDispatcher-worker-16" daemon [_thread_blocked, id=25925, stack(0x00007f0ceddfb000,0x00007f0cedefb000) (1024K)]
  0x00007f0d840682b0 JavaThread "DefaultDispatcher-worker-12" daemon [_thread_blocked, id=25929, stack(0x00007f0ced9f7000,0x00007f0cedaf7000) (1024K)]
  0x00007f0d8022ae90 JavaThread "DefaultDispatcher-worker-6" daemon [_thread_blocked, id=25930, stack(0x00007f0ced8f6000,0x00007f0ced9f6000) (1024K)]
  0x00007f0d8473ab60 JavaThread "DefaultDispatcher-worker-15" daemon [_thread_blocked, id=25931, stack(0x00007f0ced7f5000,0x00007f0ced8f5000) (1024K)]
=>0x00007f0cd908e900 JavaThread "cove-mpv-render"            daemon [_thread_in_native, id=25968, stack(0x00007f0ced5f3000,0x00007f0ced6f3000) (1024K)]
  0x00007f0cd908d4e0 JavaThread "cove-mpv-events"            daemon [_thread_in_native, id=25969, stack(0x00007f0cecb5c000,0x00007f0cecc5c000) (1024K)]
  0x00007f0cd9092b30 JavaThread "cove-mpv-state"             daemon [_thread_blocked, id=25970, stack(0x00007f0ceca5b000,0x00007f0cecb5b000) (1024K)]
  0x00007f0ca8697620 JavaThread "C2 CompilerThread1"         daemon [_thread_blocked, id=26880, stack(0x00007f0cfc44c000,0x00007f0cfc54c000) (1024K)]
  0x00007f0d24a777c0 JavaThread "C2 CompilerThread2"         daemon [_thread_blocked, id=26881, stack(0x00007f0d7d316000,0x00007f0d7d416000) (1024K)]
Total: 56

Other Threads:
  0x00007f0dac137a20 VMThread "VM Thread"                           [id=25113, stack(0x00007f0d7f3dc000,0x00007f0d7f4dc000) (1024K)]
  0x00007f0dac1260c0 WatcherThread "VM Periodic Task Thread"        [id=25112, stack(0x00007f0d7f4dd000,0x00007f0d7f5dd000) (1024K)]
  0x00007f0dac063ea0 WorkerThread "GC Thread#0"                     [id=25107, stack(0x00007f0d8e6e6000,0x00007f0d8e7e6000) (1024K)]
  0x00007f0d241ff070 WorkerThread "GC Thread#1"                     [id=25211, stack(0x00007f0d7e023000,0x00007f0d7e123000) (1024K)]
  0x00007f0d241ffb20 WorkerThread "GC Thread#2"                     [id=25212, stack(0x00007f0d7df22000,0x00007f0d7e022000) (1024K)]
  0x00007f0d24200610 WorkerThread "GC Thread#3"                     [id=25213, stack(0x00007f0d7de21000,0x00007f0d7df21000) (1024K)]
  0x00007f0d24201100 WorkerThread "GC Thread#4"                     [id=25214, stack(0x00007f0d7dd20000,0x00007f0d7de20000) (1024K)]
  0x00007f0d24201fe0 WorkerThread "GC Thread#5"                     [id=25215, stack(0x00007f0d7dc1f000,0x00007f0d7dd1f000) (1024K)]
  0x00007f0d24202ec0 WorkerThread "GC Thread#6"                     [id=25216, stack(0x00007f0d7db1e000,0x00007f0d7dc1e000) (1024K)]
  0x00007f0d24204220 WorkerThread "GC Thread#7"                     [id=25217, stack(0x00007f0d7da1d000,0x00007f0d7db1d000) (1024K)]
  0x00007f0d24205140 WorkerThread "GC Thread#8"                     [id=25218, stack(0x00007f0d7d91c000,0x00007f0d7da1c000) (1024K)]
  0x00007f0d24206060 WorkerThread "GC Thread#9"                     [id=25219, stack(0x00007f0d7d81b000,0x00007f0d7d91b000) (1024K)]
  0x00007f0dac074ee0 ConcurrentGCThread "G1 Main Marker"            [id=25108, stack(0x00007f0d8e5e5000,0x00007f0d8e6e5000) (1024K)]
  0x00007f0dac075e80 WorkerThread "G1 Conc#0"                       [id=25109, stack(0x00007f0d8e4e4000,0x00007f0d8e5e4000) (1024K)]
  0x00007f0d80373210 WorkerThread "G1 Conc#1"                       [id=25282, stack(0x00007f0d7c2d6000,0x00007f0d7c3d6000) (1024K)]
  0x00007f0d80374140 WorkerThread "G1 Conc#2"                       [id=25283, stack(0x00007f0d7c1d5000,0x00007f0d7c2d5000) (1024K)]
  0x00007f0dac113800 ConcurrentGCThread "G1 Refine#0"               [id=25110, stack(0x00007f0d7f7f9000,0x00007f0d7f8f9000) (1024K)]
  0x00007f0dac1147c0 ConcurrentGCThread "G1 Service"                [id=25111, stack(0x00007f0d7f6f8000,0x00007f0d7f7f8000) (1024K)]
Total: 18

Threads with active compile tasks:
Total: 0

VM state: not at safepoint (normal execution)

VM Mutex/Monitor currently owned by a thread: None

Heap address: 0x000000060bc00000, size: 8004 MB, Compressed Oops mode: Zero based, Oop shift amount: 3

CDS archive(s) mapped at: [0x00007f0d2e000000-0x00007f0d2fc96000-0x00007f0d2fc96000), size 29974528, SharedBaseAddress: 0x00007f0d2e000000, ArchiveRelocationMode: 1.
Compressed class space mapped at: 0x00007f0d30000000-0x00007f0d70000000, reserved size: 1073741824
Narrow klass base: 0x00007f0d2e000000, Narrow klass shift: 0, Narrow klass range: 0x100000000

GC Precious Log:
 CardTable entry size: 512
 Card Set container configuration: InlinePtr #cards 4 size 8 Array Of Cards #cards 32 size 80 Howl #buckets 8 coarsen threshold 7372 Howl Bitmap #cards 1024 size 144 coarsen threshold 921 Card regions per heap region 1 cards per card region 8192
 CPUs: 12 total, 12 available
 Memory: 32009M
 Large Page Support: Disabled
 NUMA Support: Disabled
 Compressed Oops: Enabled (Zero based)
 Heap Region Size: 4M
 Heap Min Capacity: 8M
 Heap Initial Capacity: 504M
 Heap Max Capacity: 8004M
 Pre-touch: Disabled
 Parallel Workers: 10
 Concurrent Workers: 3
 Concurrent Refinement Workers: 10
 Periodic GC: Disabled

Heap:
 garbage-first heap   total 499712K, used 88181K [0x000000060bc00000, 0x0000000800000000)
  region size 4096K, 2 young (8192K), 1 survivors (4096K)
 Metaspace       used 75775K, committed 76736K, reserved 1179648K
  class space    used 7704K, committed 8128K, reserved 1048576K

Heap Regions: E=young(eden), S=young(survivor), O=old, HS=humongous(starts), HC=humongous(continues), CS=collection set, F=free, TAMS=top-at-mark-start, PB=parsable bottom
|   0|0x000000060bc00000, 0x000000060c000000, 0x000000060c000000|100%| O|  |TAMS 0x000000060bc00000| PB 0x000000060bc00000| Untracked 
|   1|0x000000060c000000, 0x000000060c1e7480, 0x000000060c400000| 47%| O|  |TAMS 0x000000060c000000| PB 0x000000060c000000| Untracked 
|   2|0x000000060c400000, 0x000000060c800000, 0x000000060c800000|100%| O|  |TAMS 0x000000060c400000| PB 0x000000060c400000| Untracked 
|   3|0x000000060c800000, 0x000000060cbffa00, 0x000000060cc00000| 99%| O|  |TAMS 0x000000060c800000| PB 0x000000060c800000| Untracked 
|   4|0x000000060cc00000, 0x000000060d000000, 0x000000060d000000|100%| O|  |TAMS 0x000000060cc00000| PB 0x000000060cc00000| Untracked 
|   5|0x000000060d000000, 0x000000060d3fff88, 0x000000060d400000| 99%| O|  |TAMS 0x000000060d000000| PB 0x000000060d000000| Untracked 
|   6|0x000000060d400000, 0x000000060d800000, 0x000000060d800000|100%| O|  |TAMS 0x000000060d400000| PB 0x000000060d400000| Untracked 
|   7|0x000000060d800000, 0x000000060dc00000, 0x000000060dc00000|100%| O|  |TAMS 0x000000060d800000| PB 0x000000060d800000| Untracked 
|   8|0x000000060dc00000, 0x000000060e000000, 0x000000060e000000|100%| O|  |TAMS 0x000000060dc00000| PB 0x000000060dc00000| Untracked 
|   9|0x000000060e000000, 0x000000060e3fffe8, 0x000000060e400000| 99%| O|  |TAMS 0x000000060e000000| PB 0x000000060e000000| Untracked 
|  10|0x000000060e400000, 0x000000060e800000, 0x000000060e800000|100%| O|  |TAMS 0x000000060e400000| PB 0x000000060e400000| Untracked 
|  11|0x000000060e800000, 0x000000060e9fa518, 0x000000060ec00000| 49%| O|  |TAMS 0x000000060e800000| PB 0x000000060e800000| Untracked 
|  12|0x000000060ec00000, 0x000000060ec00000, 0x000000060f000000|  0%| F|  |TAMS 0x000000060ec00000| PB 0x000000060ec00000| Untracked 
|  13|0x000000060f000000, 0x000000060f000000, 0x000000060f400000|  0%| F|  |TAMS 0x000000060f000000| PB 0x000000060f000000| Untracked 
|  14|0x000000060f400000, 0x000000060f786200, 0x000000060f800000| 88%| O|  |TAMS 0x000000060f400000| PB 0x000000060f400000| Untracked 
|  15|0x000000060f800000, 0x000000060f832a80, 0x000000060fc00000|  4%| O|  |TAMS 0x000000060f800000| PB 0x000000060f800000| Untracked 
|  16|0x000000060fc00000, 0x000000060fc05bf8, 0x0000000610000000|  0%| O|  |TAMS 0x000000060fc00000| PB 0x000000060fc00000| Untracked 
|  17|0x0000000610000000, 0x00000006102b2b60, 0x0000000610400000| 67%| O|  |TAMS 0x0000000610000000| PB 0x0000000610000000| Untracked 
|  18|0x0000000610400000, 0x00000006106c95f0, 0x0000000610800000| 69%| O|  |TAMS 0x0000000610400000| PB 0x0000000610400000| Untracked 
|  19|0x0000000610800000, 0x0000000610800000, 0x0000000610c00000|  0%| F|  |TAMS 0x0000000610800000| PB 0x0000000610800000| Untracked 
|  20|0x0000000610c00000, 0x0000000610c00000, 0x0000000611000000|  0%| F|  |TAMS 0x0000000610c00000| PB 0x0000000610c00000| Untracked 
|  21|0x0000000611000000, 0x0000000611400000, 0x0000000611400000|100%|HS|  |TAMS 0x0000000611000000| PB 0x0000000611000000| Complete 
|  22|0x0000000611400000, 0x0000000611800000, 0x0000000611800000|100%|HC|  |TAMS 0x0000000611400000| PB 0x0000000611400000| Complete 
|  23|0x0000000611800000, 0x0000000611c00000, 0x0000000611c00000|100%|HS|  |TAMS 0x0000000611800000| PB 0x0000000611800000| Complete 
|  24|0x0000000611c00000, 0x0000000612000000, 0x0000000612000000|100%|HC|  |TAMS 0x0000000611c00000| PB 0x0000000611c00000| Complete 
|  25|0x0000000612000000, 0x0000000612400000, 0x0000000612400000|100%|HC|  |TAMS 0x0000000612000000| PB 0x0000000612000000| Complete 
|  26|0x0000000612400000, 0x0000000612800000, 0x0000000612800000|100%|HS|  |TAMS 0x0000000612400000| PB 0x0000000612400000| Complete 
|  27|0x0000000612800000, 0x0000000612c00000, 0x0000000612c00000|100%|HC|  |TAMS 0x0000000612800000| PB 0x0000000612800000| Complete 
|  28|0x0000000612c00000, 0x0000000613000000, 0x0000000613000000|100%|HC|  |TAMS 0x0000000612c00000| PB 0x0000000612c00000| Complete 
|  29|0x0000000613000000, 0x0000000613000000, 0x0000000613400000|  0%| F|  |TAMS 0x0000000613000000| PB 0x0000000613000000| Untracked 
|  30|0x0000000613400000, 0x0000000613400000, 0x0000000613800000|  0%| F|  |TAMS 0x0000000613400000| PB 0x0000000613400000| Untracked 
|  31|0x0000000613800000, 0x0000000613800000, 0x0000000613c00000|  0%| F|  |TAMS 0x0000000613800000| PB 0x0000000613800000| Untracked 
|  32|0x0000000613c00000, 0x0000000613c00000, 0x0000000614000000|  0%| F|  |TAMS 0x0000000613c00000| PB 0x0000000613c00000| Untracked 
|  33|0x0000000614000000, 0x0000000614000000, 0x0000000614400000|  0%| F|  |TAMS 0x0000000614000000| PB 0x0000000614000000| Untracked 
|  34|0x0000000614400000, 0x0000000614400000, 0x0000000614800000|  0%| F|  |TAMS 0x0000000614400000| PB 0x0000000614400000| Untracked 
|  35|0x0000000614800000, 0x0000000614800000, 0x0000000614c00000|  0%| F|  |TAMS 0x0000000614800000| PB 0x0000000614800000| Untracked 
|  36|0x0000000614c00000, 0x0000000614c00000, 0x0000000615000000|  0%| F|  |TAMS 0x0000000614c00000| PB 0x0000000614c00000| Untracked 
|  37|0x0000000615000000, 0x0000000615000000, 0x0000000615400000|  0%| F|  |TAMS 0x0000000615000000| PB 0x0000000615000000| Untracked 
|  38|0x0000000615400000, 0x0000000615400000, 0x0000000615800000|  0%| F|  |TAMS 0x0000000615400000| PB 0x0000000615400000| Untracked 
|  39|0x0000000615800000, 0x0000000615800000, 0x0000000615c00000|  0%| F|  |TAMS 0x0000000615800000| PB 0x0000000615800000| Untracked 
|  40|0x0000000615c00000, 0x0000000615c00000, 0x0000000616000000|  0%| F|  |TAMS 0x0000000615c00000| PB 0x0000000615c00000| Untracked 
|  41|0x0000000616000000, 0x0000000616000000, 0x0000000616400000|  0%| F|  |TAMS 0x0000000616000000| PB 0x0000000616000000| Untracked 
|  42|0x0000000616400000, 0x0000000616400000, 0x0000000616800000|  0%| F|  |TAMS 0x0000000616400000| PB 0x0000000616400000| Untracked 
|  43|0x0000000616800000, 0x0000000616800000, 0x0000000616c00000|  0%| F|  |TAMS 0x0000000616800000| PB 0x0000000616800000| Untracked 
|  44|0x0000000616c00000, 0x0000000616c00000, 0x0000000617000000|  0%| F|  |TAMS 0x0000000616c00000| PB 0x0000000616c00000| Untracked 
|  45|0x0000000617000000, 0x0000000617000000, 0x0000000617400000|  0%| F|  |TAMS 0x0000000617000000| PB 0x0000000617000000| Untracked 
|  46|0x0000000617400000, 0x0000000617400000, 0x0000000617800000|  0%| F|  |TAMS 0x0000000617400000| PB 0x0000000617400000| Untracked 
|  47|0x0000000617800000, 0x0000000617800000, 0x0000000617c00000|  0%| F|  |TAMS 0x0000000617800000| PB 0x0000000617800000| Untracked 
|  48|0x0000000617c00000, 0x0000000617c00000, 0x0000000618000000|  0%| F|  |TAMS 0x0000000617c00000| PB 0x0000000617c00000| Untracked 
|  49|0x0000000618000000, 0x0000000618000000, 0x0000000618400000|  0%| F|  |TAMS 0x0000000618000000| PB 0x0000000618000000| Untracked 
|  50|0x0000000618400000, 0x0000000618400000, 0x0000000618800000|  0%| F|  |TAMS 0x0000000618400000| PB 0x0000000618400000| Untracked 
|  51|0x0000000618800000, 0x0000000618800000, 0x0000000618c00000|  0%| F|  |TAMS 0x0000000618800000| PB 0x0000000618800000| Untracked 
|  52|0x0000000618c00000, 0x0000000618c00000, 0x0000000619000000|  0%| F|  |TAMS 0x0000000618c00000| PB 0x0000000618c00000| Untracked 
|  53|0x0000000619000000, 0x0000000619000000, 0x0000000619400000|  0%| F|  |TAMS 0x0000000619000000| PB 0x0000000619000000| Untracked 
|  54|0x0000000619400000, 0x0000000619400000, 0x0000000619800000|  0%| F|  |TAMS 0x0000000619400000| PB 0x0000000619400000| Untracked 
|  55|0x0000000619800000, 0x0000000619800000, 0x0000000619c00000|  0%| F|  |TAMS 0x0000000619800000| PB 0x0000000619800000| Untracked 
|  56|0x0000000619c00000, 0x0000000619c00000, 0x000000061a000000|  0%| F|  |TAMS 0x0000000619c00000| PB 0x0000000619c00000| Untracked 
|  57|0x000000061a000000, 0x000000061a000000, 0x000000061a400000|  0%| F|  |TAMS 0x000000061a000000| PB 0x000000061a000000| Untracked 
|  58|0x000000061a400000, 0x000000061a400000, 0x000000061a800000|  0%| F|  |TAMS 0x000000061a400000| PB 0x000000061a400000| Untracked 
|  59|0x000000061a800000, 0x000000061a800000, 0x000000061ac00000|  0%| F|  |TAMS 0x000000061a800000| PB 0x000000061a800000| Untracked 
|  60|0x000000061ac00000, 0x000000061ac00000, 0x000000061b000000|  0%| F|  |TAMS 0x000000061ac00000| PB 0x000000061ac00000| Untracked 
|  61|0x000000061b000000, 0x000000061b000000, 0x000000061b400000|  0%| F|  |TAMS 0x000000061b000000| PB 0x000000061b000000| Untracked 
|  62|0x000000061b400000, 0x000000061b400000, 0x000000061b800000|  0%| F|  |TAMS 0x000000061b400000| PB 0x000000061b400000| Untracked 
|  63|0x000000061b800000, 0x000000061b800000, 0x000000061bc00000|  0%| F|  |TAMS 0x000000061b800000| PB 0x000000061b800000| Untracked 
|  64|0x000000061bc00000, 0x000000061bc00000, 0x000000061c000000|  0%| F|  |TAMS 0x000000061bc00000| PB 0x000000061bc00000| Untracked 
|  65|0x000000061c000000, 0x000000061c000000, 0x000000061c400000|  0%| F|  |TAMS 0x000000061c000000| PB 0x000000061c000000| Untracked 
|  66|0x000000061c400000, 0x000000061c400000, 0x000000061c800000|  0%| F|  |TAMS 0x000000061c400000| PB 0x000000061c400000| Untracked 
|  67|0x000000061c800000, 0x000000061c800000, 0x000000061cc00000|  0%| F|  |TAMS 0x000000061c800000| PB 0x000000061c800000| Untracked 
|  68|0x000000061cc00000, 0x000000061cc00000, 0x000000061d000000|  0%| F|  |TAMS 0x000000061cc00000| PB 0x000000061cc00000| Untracked 
|  69|0x000000061d000000, 0x000000061d000000, 0x000000061d400000|  0%| F|  |TAMS 0x000000061d000000| PB 0x000000061d000000| Untracked 
|  70|0x000000061d400000, 0x000000061d400000, 0x000000061d800000|  0%| F|  |TAMS 0x000000061d400000| PB 0x000000061d400000| Untracked 
|  71|0x000000061d800000, 0x000000061d800000, 0x000000061dc00000|  0%| F|  |TAMS 0x000000061d800000| PB 0x000000061d800000| Untracked 
|  72|0x000000061dc00000, 0x000000061dc00000, 0x000000061e000000|  0%| F|  |TAMS 0x000000061dc00000| PB 0x000000061dc00000| Untracked 
|  73|0x000000061e000000, 0x000000061e000000, 0x000000061e400000|  0%| F|  |TAMS 0x000000061e000000| PB 0x000000061e000000| Untracked 
|  74|0x000000061e400000, 0x000000061e400000, 0x000000061e800000|  0%| F|  |TAMS 0x000000061e400000| PB 0x000000061e400000| Untracked 
|  75|0x000000061e800000, 0x000000061e800000, 0x000000061ec00000|  0%| F|  |TAMS 0x000000061e800000| PB 0x000000061e800000| Untracked 
|  76|0x000000061ec00000, 0x000000061ec00000, 0x000000061f000000|  0%| F|  |TAMS 0x000000061ec00000| PB 0x000000061ec00000| Untracked 
|  77|0x000000061f000000, 0x000000061f000000, 0x000000061f400000|  0%| F|  |TAMS 0x000000061f000000| PB 0x000000061f000000| Untracked 
|  78|0x000000061f400000, 0x000000061f400000, 0x000000061f800000|  0%| F|  |TAMS 0x000000061f400000| PB 0x000000061f400000| Untracked 
|  79|0x000000061f800000, 0x000000061f800000, 0x000000061fc00000|  0%| F|  |TAMS 0x000000061f800000| PB 0x000000061f800000| Untracked 
|  80|0x000000061fc00000, 0x000000061fc00000, 0x0000000620000000|  0%| F|  |TAMS 0x000000061fc00000| PB 0x000000061fc00000| Untracked 
|  81|0x0000000620000000, 0x0000000620000000, 0x0000000620400000|  0%| F|  |TAMS 0x0000000620000000| PB 0x0000000620000000| Untracked 
|  82|0x0000000620400000, 0x0000000620400000, 0x0000000620800000|  0%| F|  |TAMS 0x0000000620400000| PB 0x0000000620400000| Untracked 
|  83|0x0000000620800000, 0x0000000620800000, 0x0000000620c00000|  0%| F|  |TAMS 0x0000000620800000| PB 0x0000000620800000| Untracked 
|  84|0x0000000620c00000, 0x0000000620c00000, 0x0000000621000000|  0%| F|  |TAMS 0x0000000620c00000| PB 0x0000000620c00000| Untracked 
|  85|0x0000000621000000, 0x0000000621000000, 0x0000000621400000|  0%| F|  |TAMS 0x0000000621000000| PB 0x0000000621000000| Untracked 
|  86|0x0000000621400000, 0x0000000621400000, 0x0000000621800000|  0%| F|  |TAMS 0x0000000621400000| PB 0x0000000621400000| Untracked 
|  87|0x0000000621800000, 0x0000000621800000, 0x0000000621c00000|  0%| F|  |TAMS 0x0000000621800000| PB 0x0000000621800000| Untracked 
|  88|0x0000000621c00000, 0x0000000621c00000, 0x0000000622000000|  0%| F|  |TAMS 0x0000000621c00000| PB 0x0000000621c00000| Untracked 
|  89|0x0000000622000000, 0x0000000622000000, 0x0000000622400000|  0%| F|  |TAMS 0x0000000622000000| PB 0x0000000622000000| Untracked 
|  90|0x0000000622400000, 0x0000000622400000, 0x0000000622800000|  0%| F|  |TAMS 0x0000000622400000| PB 0x0000000622400000| Untracked 
|  91|0x0000000622800000, 0x0000000622800000, 0x0000000622c00000|  0%| F|  |TAMS 0x0000000622800000| PB 0x0000000622800000| Untracked 
|  92|0x0000000622c00000, 0x0000000622c00000, 0x0000000623000000|  0%| F|  |TAMS 0x0000000622c00000| PB 0x0000000622c00000| Untracked 
|  93|0x0000000623000000, 0x0000000623000000, 0x0000000623400000|  0%| F|  |TAMS 0x0000000623000000| PB 0x0000000623000000| Untracked 
|  94|0x0000000623400000, 0x0000000623400000, 0x0000000623800000|  0%| F|  |TAMS 0x0000000623400000| PB 0x0000000623400000| Untracked 
|  95|0x0000000623800000, 0x0000000623800000, 0x0000000623c00000|  0%| F|  |TAMS 0x0000000623800000| PB 0x0000000623800000| Untracked 
|  96|0x0000000623c00000, 0x0000000623c00000, 0x0000000624000000|  0%| F|  |TAMS 0x0000000623c00000| PB 0x0000000623c00000| Untracked 
|  97|0x0000000624000000, 0x0000000624000000, 0x0000000624400000|  0%| F|  |TAMS 0x0000000624000000| PB 0x0000000624000000| Untracked 
|  98|0x0000000624400000, 0x0000000624400000, 0x0000000624800000|  0%| F|  |TAMS 0x0000000624400000| PB 0x0000000624400000| Untracked 
|  99|0x0000000624800000, 0x0000000624800000, 0x0000000624c00000|  0%| F|  |TAMS 0x0000000624800000| PB 0x0000000624800000| Untracked 
| 100|0x0000000624c00000, 0x0000000624c00000, 0x0000000625000000|  0%| F|  |TAMS 0x0000000624c00000| PB 0x0000000624c00000| Untracked 
| 101|0x0000000625000000, 0x0000000625000000, 0x0000000625400000|  0%| F|  |TAMS 0x0000000625000000| PB 0x0000000625000000| Untracked 
| 102|0x0000000625400000, 0x0000000625400000, 0x0000000625800000|  0%| F|  |TAMS 0x0000000625400000| PB 0x0000000625400000| Untracked 
| 103|0x0000000625800000, 0x0000000625800000, 0x0000000625c00000|  0%| F|  |TAMS 0x0000000625800000| PB 0x0000000625800000| Untracked 
| 104|0x0000000625c00000, 0x0000000625c00000, 0x0000000626000000|  0%| F|  |TAMS 0x0000000625c00000| PB 0x0000000625c00000| Untracked 
| 105|0x0000000626000000, 0x0000000626000000, 0x0000000626400000|  0%| F|  |TAMS 0x0000000626000000| PB 0x0000000626000000| Untracked 
| 106|0x0000000626400000, 0x0000000626400000, 0x0000000626800000|  0%| F|  |TAMS 0x0000000626400000| PB 0x0000000626400000| Untracked 
| 107|0x0000000626800000, 0x0000000626800000, 0x0000000626c00000|  0%| F|  |TAMS 0x0000000626800000| PB 0x0000000626800000| Untracked 
| 108|0x0000000626c00000, 0x0000000626c00000, 0x0000000627000000|  0%| F|  |TAMS 0x0000000626c00000| PB 0x0000000626c00000| Untracked 
| 109|0x0000000627000000, 0x0000000627000000, 0x0000000627400000|  0%| F|  |TAMS 0x0000000627000000| PB 0x0000000627000000| Untracked 
| 110|0x0000000627400000, 0x0000000627400000, 0x0000000627800000|  0%| F|  |TAMS 0x0000000627400000| PB 0x0000000627400000| Untracked 
| 111|0x0000000627800000, 0x0000000627800000, 0x0000000627c00000|  0%| F|  |TAMS 0x0000000627800000| PB 0x0000000627800000| Untracked 
| 112|0x0000000627c00000, 0x0000000627c00000, 0x0000000628000000|  0%| F|  |TAMS 0x0000000627c00000| PB 0x0000000627c00000| Untracked 
| 113|0x0000000628000000, 0x0000000628000000, 0x0000000628400000|  0%| F|  |TAMS 0x0000000628000000| PB 0x0000000628000000| Untracked 
| 114|0x0000000628400000, 0x0000000628400000, 0x0000000628800000|  0%| F|  |TAMS 0x0000000628400000| PB 0x0000000628400000| Untracked 
| 115|0x0000000628800000, 0x0000000628800000, 0x0000000628c00000|  0%| F|  |TAMS 0x0000000628800000| PB 0x0000000628800000| Untracked 
| 116|0x0000000628c00000, 0x0000000628c00000, 0x0000000629000000|  0%| F|  |TAMS 0x0000000628c00000| PB 0x0000000628c00000| Untracked 
| 117|0x0000000629000000, 0x0000000629000000, 0x0000000629400000|  0%| F|  |TAMS 0x0000000629000000| PB 0x0000000629000000| Untracked 
| 118|0x0000000629400000, 0x0000000629400000, 0x0000000629800000|  0%| F|  |TAMS 0x0000000629400000| PB 0x0000000629400000| Untracked 
| 119|0x0000000629800000, 0x0000000629800000, 0x0000000629c00000|  0%| F|  |TAMS 0x0000000629800000| PB 0x0000000629800000| Untracked 
| 120|0x0000000629c00000, 0x0000000629d01948, 0x000000062a000000| 25%| S|CS|TAMS 0x0000000629c00000| PB 0x0000000629c00000| Complete 
| 121|0x000000062a000000, 0x000000062a32c318, 0x000000062a400000| 79%| E|  |TAMS 0x000000062a000000| PB 0x000000062a000000| Complete 

Card table byte_map: [0x00007f0d965b7000,0x00007f0d97559000] _byte_map_base: 0x00007f0d93559000

Marking Bits: (CMBitMap*) 0x00007f0dac0649d0
 Bits: [0x00007f0d8e8a7000, 0x00007f0d965b7000)

Polling page: 0x00007f0db2061000

Metaspace:

Usage:
  Non-class:     66.47 MB used.
      Class:      7.52 MB used.
       Both:     74.00 MB used.

Virtual space:
  Non-class space:      128.00 MB reserved,      67.00 MB ( 52%) committed,  2 nodes.
      Class space:        1.00 GB reserved,       7.94 MB ( <1%) committed,  1 nodes.
             Both:        1.12 GB reserved,      74.94 MB (  7%) committed. 

Chunk freelists:
   Non-Class:  12.12 MB
       Class:  8.06 MB
        Both:  20.19 MB

MaxMetaspaceSize: unlimited
CompressedClassSpaceSize: 1.00 GB
Initial GC threshold: 21.00 MB
Current GC threshold: 124.31 MB
CDS: on
 - commit_granule_bytes: 65536.
 - commit_granule_words: 8192.
 - virtual_space_node_default_size: 8388608.
 - enlarge_chunks_in_place: 1.
 - use_allocation_guard: 0.


Internal statistics:

num_allocs_failed_limit: 9.
num_arena_births: 1622.
num_arena_deaths: 20.
num_vsnodes_births: 3.
num_vsnodes_deaths: 0.
num_space_committed: 1199.
num_space_uncommitted: 0.
num_chunks_returned_to_freelist: 32.
num_chunks_taken_from_freelist: 4589.
num_chunk_merges: 9.
num_chunk_splits: 3125.
num_chunks_enlarged: 2276.
num_inconsistent_stats: 0.

CodeHeap 'non-profiled nmethods': size=120028Kb used=9708Kb max_used=13050Kb free=110319Kb
 bounds [0x00007f0da04c9000, 0x00007f0da1189000, 0x00007f0da7a00000]
CodeHeap 'profiled nmethods': size=120028Kb used=16124Kb max_used=29173Kb free=103904Kb
 bounds [0x00007f0d98a00000, 0x00007f0d9a7c0000, 0x00007f0d9ff37000]
CodeHeap 'non-nmethods': size=5704Kb used=3651Kb max_used=3704Kb free=2053Kb
 bounds [0x00007f0d9ff37000, 0x00007f0da02f7000, 0x00007f0da04c9000]
CodeCache: size=245760Kb, used=29483Kb, max_used=45927Kb, free=216276Kb
 total_blobs=10044, nmethods=7745, adapters=2204, full_count=0
Compilation: enabled, stopped_count=0, restarted_count=0

Compilation events (20 events):
Event: 165.304 Thread 0x00007f0dac14b000 nmethod 21387 0x00007f0da0952790 code [0x00007f0da0952900, 0x00007f0da0952990]
Event: 165.305 Thread 0x00007f0d24a777c0 nmethod 21386 0x00007f0da095c410 code [0x00007f0da095c580, 0x00007f0da095c620]
Event: 165.309 Thread 0x00007f0dac14c6c0 nmethod 21385 0x00007f0d9a260010 code [0x00007f0d9a260ee0, 0x00007f0d9a26a568]
Event: 165.309 Thread 0x00007f0dac14c6c0 21388       1       org.jetbrains.compose.reload.core.WindowId::unbox-impl (5 bytes)
Event: 165.309 Thread 0x00007f0dac14c6c0 nmethod 21388 0x00007f0da095d310 code [0x00007f0da095d4a0, 0x00007f0da095d568]
Event: 165.325 Thread 0x00007f0ca8697620 nmethod 21384 0x00007f0da0e42190 code [0x00007f0da0e42400, 0x00007f0da0e43950]
Event: 165.326 Thread 0x00007f0dac14c6c0 21390       3       kotlin.jvm.internal.TypeIntrinsics::asMutableMapEntry (25 bytes)
Event: 165.327 Thread 0x00007f0dac14c6c0 nmethod 21390 0x00007f0d990a1010 code [0x00007f0d990a1220, 0x00007f0d990a1a50]
Event: 165.327 Thread 0x00007f0dac14c6c0 21391   !   3       kotlin.jvm.internal.TypeIntrinsics::castToMapEntry (11 bytes)
Event: 165.327 Thread 0x00007f0dac14c6c0 nmethod 21391 0x00007f0d9962e810 code [0x00007f0d9962ea00, 0x00007f0d9962ef00]
Event: 165.329 Thread 0x00007f0dac14c6c0 21393       3       kotlin.text.StringsKt__StringsKt::split (165 bytes)
Event: 165.330 Thread 0x00007f0dac14b000 21394       4       androidx.compose.ui.graphics.Outline::<init> (5 bytes)
Event: 165.330 Thread 0x00007f0ca8697620 21395       4       androidx.compose.ui.graphics.Outline::<init> (5 bytes)
Event: 165.330 Thread 0x00007f0ca8697620 nmethod 21395 0x00007f0da0964710 code [0x00007f0da0964880, 0x00007f0da0964908]
Event: 165.330 Thread 0x00007f0dac14c6c0 nmethod 21393 0x00007f0d98d33210 code [0x00007f0d98d33640, 0x00007f0d98d35320]
Event: 165.330 Thread 0x00007f0dac14b000 nmethod 21394 0x00007f0da0966210 code [0x00007f0da0966380, 0x00007f0da0966408]
Event: 165.330 Thread 0x00007f0dac14c6c0 21392       3       kotlin.text.StringsKt__StringsKt::split$default (26 bytes)
Event: 165.330 Thread 0x00007f0dac14c6c0 nmethod 21392 0x00007f0d9a1a2e10 code [0x00007f0d9a1a2fc0, 0x00007f0d9a1a3148]
Event: 165.346 Thread 0x00007f0dac14c6c0 21397       3       org.jetbrains.compose.reload.core.TaskImpl::getValue (8 bytes)
Event: 165.346 Thread 0x00007f0dac14c6c0 nmethod 21397 0x00007f0d9a020110 code [0x00007f0d9a0202c0, 0x00007f0d9a0204f0]

GC Heap History (20 events):
Event: 158.706 GC heap before
{Heap before GC invocations=122 (full 5):
 garbage-first heap   total 499712K, used 148707K [0x000000060bc00000, 0x0000000800000000)
  region size 4096K, 3 young (12288K), 1 survivors (4096K)
 Metaspace       used 75487K, committed 76480K, reserved 1179648K
  class space    used 7701K, committed 8128K, reserved 1048576K
}
Event: 158.707 GC heap after
{Heap after GC invocations=123 (full 5):
 garbage-first heap   total 499712K, used 70879K [0x000000060bc00000, 0x0000000800000000)
  region size 4096K, 1 young (4096K), 1 survivors (4096K)
 Metaspace       used 75487K, committed 76480K, reserved 1179648K
  class space    used 7701K, committed 8128K, reserved 1048576K
}
Event: 158.901 GC heap before
{Heap before GC invocations=123 (full 5):
 garbage-first heap   total 499712K, used 148703K [0x000000060bc00000, 0x0000000800000000)
  region size 4096K, 3 young (12288K), 1 survivors (4096K)
 Metaspace       used 75487K, committed 76480K, reserved 1179648K
  class space    used 7701K, committed 8128K, reserved 1048576K
}
Event: 158.902 GC heap after
{Heap after GC invocations=124 (full 5):
 garbage-first heap   total 499712K, used 70871K [0x000000060bc00000, 0x0000000800000000)
  region size 4096K, 1 young (4096K), 1 survivors (4096K)
 Metaspace       used 75487K, committed 76480K, reserved 1179648K
  class space    used 7701K, committed 8128K, reserved 1048576K
}
Event: 159.080 GC heap before
{Heap before GC invocations=124 (full 5):
 garbage-first heap   total 499712K, used 148695K [0x000000060bc00000, 0x0000000800000000)
  region size 4096K, 3 young (12288K), 1 survivors (4096K)
 Metaspace       used 75487K, committed 76480K, reserved 1179648K
  class space    used 7701K, committed 8128K, reserved 1048576K
}
Event: 159.081 GC heap after
{Heap after GC invocations=125 (full 5):
 garbage-first heap   total 499712K, used 70881K [0x000000060bc00000, 0x0000000800000000)
  region size 4096K, 1 young (4096K), 1 survivors (4096K)
 Metaspace       used 75487K, committed 76480K, reserved 1179648K
  class space    used 7701K, committed 8128K, reserved 1048576K
}
Event: 159.816 GC heap before
{Heap before GC invocations=125 (full 5):
 garbage-first heap   total 499712K, used 156897K [0x000000060bc00000, 0x0000000800000000)
  region size 4096K, 5 young (20480K), 1 survivors (4096K)
 Metaspace       used 75500K, committed 76480K, reserved 1179648K
  class space    used 7701K, committed 8128K, reserved 1048576K
}
Event: 159.817 GC heap after
{Heap after GC invocations=126 (full 5):
 garbage-first heap   total 499712K, used 71433K [0x000000060bc00000, 0x0000000800000000)
  region size 4096K, 1 young (4096K), 1 survivors (4096K)
 Metaspace       used 75500K, committed 76480K, reserved 1179648K
  class space    used 7701K, committed 8128K, reserved 1048576K
}
Event: 160.019 GC heap before
{Heap before GC invocations=126 (full 5):
 garbage-first heap   total 499712K, used 149257K [0x000000060bc00000, 0x0000000800000000)
  region size 4096K, 3 young (12288K), 1 survivors (4096K)
 Metaspace       used 75501K, committed 76480K, reserved 1179648K
  class space    used 7701K, committed 8128K, reserved 1048576K
}
Event: 160.020 GC heap after
{Heap after GC invocations=127 (full 5):
 garbage-first heap   total 499712K, used 71367K [0x000000060bc00000, 0x0000000800000000)
  region size 4096K, 1 young (4096K), 1 survivors (4096K)
 Metaspace       used 75501K, committed 76480K, reserved 1179648K
  class space    used 7701K, committed 8128K, reserved 1048576K
}
Event: 164.402 GC heap before
{Heap before GC invocations=127 (full 5):
 garbage-first heap   total 499712K, used 165575K [0x000000060bc00000, 0x0000000800000000)
  region size 4096K, 7 young (28672K), 1 survivors (4096K)
 Metaspace       used 75579K, committed 76544K, reserved 1179648K
  class space    used 7701K, committed 8128K, reserved 1048576K
}
Event: 164.405 GC heap after
{Heap after GC invocations=128 (full 5):
 garbage-first heap   total 499712K, used 80572K [0x000000060bc00000, 0x0000000800000000)
  region size 4096K, 1 young (4096K), 1 survivors (4096K)
 Metaspace       used 75579K, committed 76544K, reserved 1179648K
  class space    used 7701K, committed 8128K, reserved 1048576K
}
Event: 164.609 GC heap before
{Heap before GC invocations=128 (full 5):
 garbage-first heap   total 499712K, used 150204K [0x000000060bc00000, 0x0000000800000000)
  region size 4096K, 3 young (12288K), 1 survivors (4096K)
 Metaspace       used 75652K, committed 76608K, reserved 1179648K
  class space    used 7702K, committed 8128K, reserved 1048576K
}
Event: 164.611 GC heap after
{Heap after GC invocations=129 (full 5):
 garbage-first heap   total 499712K, used 76035K [0x000000060bc00000, 0x0000000800000000)
  region size 4096K, 1 young (4096K), 1 survivors (4096K)
 Metaspace       used 75652K, committed 76608K, reserved 1179648K
  class space    used 7702K, committed 8128K, reserved 1048576K
}
Event: 165.177 GC heap before
{Heap before GC invocations=129 (full 5):
 garbage-first heap   total 499712K, used 141571K [0x000000060bc00000, 0x0000000800000000)
  region size 4096K, 3 young (12288K), 1 survivors (4096K)
 Metaspace       used 75713K, committed 76672K, reserved 1179648K
  class space    used 7702K, committed 8128K, reserved 1048576K
}
Event: 165.179 GC heap after
{Heap after GC invocations=130 (full 5):
 garbage-first heap   total 499712K, used 76098K [0x000000060bc00000, 0x0000000800000000)
  region size 4096K, 1 young (4096K), 1 survivors (4096K)
 Metaspace       used 75713K, committed 76672K, reserved 1179648K
  class space    used 7702K, committed 8128K, reserved 1048576K
}
Event: 165.319 GC heap before
{Heap before GC invocations=130 (full 5):
 garbage-first heap   total 499712K, used 141634K [0x000000060bc00000, 0x0000000800000000)
  region size 4096K, 3 young (12288K), 1 survivors (4096K)
 Metaspace       used 75771K, committed 76736K, reserved 1179648K
  class space    used 7704K, committed 8128K, reserved 1048576K
}
Event: 165.321 GC heap after
{Heap after GC invocations=131 (full 5):
 garbage-first heap   total 499712K, used 88375K [0x000000060bc00000, 0x0000000800000000)
  region size 4096K, 1 young (4096K), 1 survivors (4096K)
 Metaspace       used 75771K, committed 76736K, reserved 1179648K
  class space    used 7704K, committed 8128K, reserved 1048576K
}
Event: 165.342 GC heap before
{Heap before GC invocations=131 (full 5):
 garbage-first heap   total 499712K, used 100663K [0x000000060bc00000, 0x0000000800000000)
  region size 4096K, 2 young (8192K), 1 survivors (4096K)
 Metaspace       used 75774K, committed 76736K, reserved 1179648K
  class space    used 7704K, committed 8128K, reserved 1048576K
}
Event: 165.343 GC heap after
{Heap after GC invocations=132 (full 5):
 garbage-first heap   total 499712K, used 75893K [0x000000060bc00000, 0x0000000800000000)
  region size 4096K, 1 young (4096K), 1 survivors (4096K)
 Metaspace       used 75774K, committed 76736K, reserved 1179648K
  class space    used 7704K, committed 8128K, reserved 1048576K
}

Dll operation events (19 events):
Event: 0.001 Loaded shared library /home/arcady/.gradle/jdks/jetbrains_s_r_o_-21-amd64-linux.2/lib/libjava.so
Event: 0.026 Loaded shared library /home/arcady/.gradle/jdks/jetbrains_s_r_o_-21-amd64-linux.2/lib/libjsvml.so
Event: 0.046 Loaded shared library /home/arcady/.gradle/jdks/jetbrains_s_r_o_-21-amd64-linux.2/lib/libzip.so
Event: 0.054 Loaded shared library /home/arcady/.gradle/jdks/jetbrains_s_r_o_-21-amd64-linux.2/lib/libnio.so
Event: 0.056 Loaded shared library /home/arcady/.gradle/jdks/jetbrains_s_r_o_-21-amd64-linux.2/lib/libinstrument.so
Event: 0.057 Loaded shared library /home/arcady/.gradle/jdks/jetbrains_s_r_o_-21-amd64-linux.2/lib/libzip.so
Event: 0.095 Loaded shared library /home/arcady/.gradle/jdks/jetbrains_s_r_o_-21-amd64-linux.2/lib/libjimage.so
Event: 0.097 Loaded shared library /home/arcady/.gradle/jdks/jetbrains_s_r_o_-21-amd64-linux.2/lib/libnet.so
Event: 0.417 Loaded shared library /home/arcady/.gradle/jdks/jetbrains_s_r_o_-21-amd64-linux.2/lib/libextnet.so
Event: 0.714 Loaded shared library /home/arcady/.gradle/jdks/jetbrains_s_r_o_-21-amd64-linux.2/lib/libverify.so
Event: 0.837 Loaded shared library /tmp/sqlite-3.51.3.0-826856d4-ef5a-41c0-815c-7c34f80bdfdc-libsqlitejdbc.so
Event: 1.155 Loaded shared library /home/arcady/.gradle/jdks/jetbrains_s_r_o_-21-amd64-linux.2/lib/libawt.so
Event: 1.157 Loaded shared library /home/arcady/.gradle/jdks/jetbrains_s_r_o_-21-amd64-linux.2/lib/libawt_xawt.so
Event: 1.196 Loaded shared library /home/arcady/.gradle/jdks/jetbrains_s_r_o_-21-amd64-linux.2/lib/libfontmanager.so
Event: 1.196 Loaded shared library /home/arcady/.gradle/jdks/jetbrains_s_r_o_-21-amd64-linux.2/lib/libfontmanager_xawt.so
Event: 1.331 Loaded shared library /home/arcady/.gradle/jdks/jetbrains_s_r_o_-21-amd64-linux.2/lib/libmanagement.so
Event: 1.332 Loaded shared library /home/arcady/.gradle/jdks/jetbrains_s_r_o_-21-amd64-linux.2/lib/libmanagement_ext.so
Event: 1.705 Loaded shared library /home/arcady/.skiko/skiko-linux-x64-434f7633c843870c0839a1137b128f6c3db3c5d58dcad3545e90827e3e341afb/libskiko-linux-x64.so
Event: 11.100 Loaded shared library /home/arcady/.cache/JNA/temp/jna14825707043445388104.tmp

Deoptimization events (20 events):
Event: 164.678 Thread 0x00007f0d2012e530 Uncommon trap: reason=unstable_if action=reinterpret pc=0x00007f0da1000ba4 method=kotlinx.coroutines.scheduling.CoroutineScheduler$Worker.park()V @ 44 c2
Event: 164.678 Thread 0x00007f0d1cb4aca0 DEOPT UNPACKING pc=0x00007f0d9ff8af99 sp=0x00007f0d29a1f850 mode 2
Event: 164.678 Thread 0x00007f0d2012e530 DEOPT PACKING pc=0x00007f0da1000ba4 sp=0x00007f0d1a33e930
Event: 164.678 Thread 0x00007f0d7627b380 Uncommon trap: trap_request=0xffffff45 fr.pc=0x00007f0da1000ba4 relative=0x0000000000000d84
Event: 164.678 Thread 0x00007f0d7627b380 Uncommon trap: reason=unstable_if action=reinterpret pc=0x00007f0da1000ba4 method=kotlinx.coroutines.scheduling.CoroutineScheduler$Worker.park()V @ 44 c2
Event: 164.678 Thread 0x00007f0d2012e530 DEOPT UNPACKING pc=0x00007f0d9ff8af99 sp=0x00007f0d1a33e850 mode 2
Event: 164.678 Thread 0x00007f0d7627b380 DEOPT PACKING pc=0x00007f0da1000ba4 sp=0x00007f0cfc94e930
Event: 164.678 Thread 0x00007f0d7627b380 DEOPT UNPACKING pc=0x00007f0d9ff8af99 sp=0x00007f0cfc94e850 mode 2
Event: 165.215 Thread 0x00007f0d849e7150 Uncommon trap: trap_request=0xffffff45 fr.pc=0x00007f0da06dee50 relative=0x0000000000000e70
Event: 165.215 Thread 0x00007f0d849e7150 Uncommon trap: reason=unstable_if action=reinterpret pc=0x00007f0da06dee50 method=androidx.compose.foundation.text.modifiers.LayoutUtilsKt.finalMaxWidth-tfFHcEY(JZIF)I @ 47 c2
Event: 165.215 Thread 0x00007f0d849e7150 DEOPT PACKING pc=0x00007f0da06dee50 sp=0x00007f0d29b1d950
Event: 165.215 Thread 0x00007f0d849e7150 DEOPT UNPACKING pc=0x00007f0d9ff8af99 sp=0x00007f0d29b1d708 mode 2
Event: 165.241 Thread 0x00007f0d74c930e0 Uncommon trap: trap_request=0xffffff45 fr.pc=0x00007f0da0e834ac relative=0x0000000000001dac
Event: 165.241 Thread 0x00007f0d74c930e0 Uncommon trap: reason=unstable_if action=reinterpret pc=0x00007f0da0e834ac method=kotlinx.coroutines.DelayKt.delay(JLkotlin/coroutines/Continuation;)Ljava/lang/Object; @ 85 c2
Event: 165.241 Thread 0x00007f0d74c930e0 DEOPT PACKING pc=0x00007f0da0e834ac sp=0x00007f0d07624650
Event: 165.241 Thread 0x00007f0d74c930e0 DEOPT UNPACKING pc=0x00007f0d9ff8af99 sp=0x00007f0d07624648 mode 2
Event: 165.241 Thread 0x00007f0d74c930e0 Uncommon trap: trap_request=0xffffff45 fr.pc=0x00007f0da0fb7cd4 relative=0x00000000000017b4
Event: 165.241 Thread 0x00007f0d74c930e0 Uncommon trap: reason=unstable_if action=reinterpret pc=0x00007f0da0fb7cd4 method=org.jetbrains.skiko.FrameLimiter.preciseDelay(JLkotlin/coroutines/Continuation;)Ljava/lang/Object; @ 233 c2
Event: 165.241 Thread 0x00007f0d74c930e0 DEOPT PACKING pc=0x00007f0da0fb7cd4 sp=0x00007f0d07624710
Event: 165.241 Thread 0x00007f0d74c930e0 DEOPT UNPACKING pc=0x00007f0d9ff8af99 sp=0x00007f0d07624698 mode 2

Classes loaded (20 events):
Event: 109.142 Loading class javax/swing/Popup$HeavyWeightWindow
Event: 109.142 Loading class sun/awt/ModalExclude
Event: 109.142 Loading class sun/awt/ModalExclude done
Event: 109.142 Loading class javax/swing/JWindow
Event: 109.142 Loading class javax/swing/JWindow done
Event: 109.142 Loading class javax/swing/Popup$HeavyWeightWindow done
Event: 116.219 Loading class java/awt/Container$MouseEventTargetFilter
Event: 116.219 Loading class java/awt/Container$EventTargetFilter
Event: 116.219 Loading class java/awt/Container$EventTargetFilter done
Event: 116.219 Loading class java/awt/Container$MouseEventTargetFilter done
Event: 116.219 Loading class java/awt/LightweightDispatcher$1
Event: 116.220 Loading class java/awt/LightweightDispatcher$1 done
Event: 116.220 Loading class java/awt/event/AWTEventListenerProxy
Event: 116.220 Loading class java/awt/event/AWTEventListenerProxy done
Event: 116.221 Loading class java/awt/Toolkit$SelectiveAWTEventListener
Event: 116.221 Loading class java/awt/Toolkit$SelectiveAWTEventListener done
Event: 116.221 Loading class java/awt/Toolkit$ToolkitEventMulticaster
Event: 116.221 Loading class java/awt/Toolkit$ToolkitEventMulticaster done
Event: 164.474 Loading class java/awt/LightweightDispatcher$2
Event: 164.475 Loading class java/awt/LightweightDispatcher$2 done

Classes unloaded (10 events):
Event: 3.757 Thread 0x00007f0dac137a20 Unloading class 0x00007f0d30375400 'java/lang/invoke/LambdaForm$MH+0x00007f0d30375400'
Event: 3.757 Thread 0x00007f0dac137a20 Unloading class 0x00007f0d30255000 'java/lang/invoke/LambdaForm$MH+0x00007f0d30255000'
Event: 3.757 Thread 0x00007f0dac137a20 Unloading class 0x00007f0d3024a400 'java/lang/invoke/LambdaForm$DMH+0x00007f0d3024a400'
Event: 3.757 Thread 0x00007f0dac137a20 Unloading class 0x00007f0d30224800 'java/lang/invoke/LambdaForm$DMH+0x00007f0d30224800'
Event: 19.345 Thread 0x00007f0dac137a20 Unloading class 0x00007f0d30420400 'java/lang/invoke/LambdaForm$MH+0x00007f0d30420400'
Event: 31.718 Thread 0x00007f0dac137a20 Unloading class 0x00007f0d3070c400 'java/lang/invoke/LambdaForm$DMH+0x00007f0d3070c400'
Event: 31.718 Thread 0x00007f0dac137a20 Unloading class 0x00007f0d30709800 'java/lang/invoke/LambdaForm$MH+0x00007f0d30709800'
Event: 31.718 Thread 0x00007f0dac137a20 Unloading class 0x00007f0d30709000 'java/lang/invoke/LambdaForm$MH+0x00007f0d30709000'
Event: 31.718 Thread 0x00007f0dac137a20 Unloading class 0x00007f0d30708800 'java/lang/invoke/LambdaForm$MH+0x00007f0d30708800'
Event: 31.718 Thread 0x00007f0dac137a20 Unloading class 0x00007f0d30708400 'java/lang/invoke/LambdaForm$MH+0x00007f0d30708400'

Classes redefined (0 events):
No events

Internal exceptions (20 events):
Event: 37.335 Thread 0x00007f0d200d5770 Implicit null exception at 0x00007f0d99e7b9d5 to 0x00007f0d99e7c584
Event: 37.335 Thread 0x00007f0d200d5770 Exception <a 'java/lang/NullPointerException'{0x0000000614a54650}> (0x0000000614a54650) 
thrown [src/hotspot/share/runtime/sharedRuntime.cpp, line 625]
Event: 38.151 Thread 0x00007f0d849eb420 Implicit null exception at 0x00007f0d99e7b9d5 to 0x00007f0d99e7c584
Event: 38.151 Thread 0x00007f0d849eb420 Exception <a 'java/lang/NullPointerException'{0x0000000614b46eb8}> (0x0000000614b46eb8) 
thrown [src/hotspot/share/runtime/sharedRuntime.cpp, line 625]
Event: 38.435 Thread 0x00007f0d78037270 Implicit null exception at 0x00007f0d99e7b9d5 to 0x00007f0d99e7c584
Event: 38.435 Thread 0x00007f0d78037270 Exception <a 'java/lang/NullPointerException'{0x00000006149d9388}> (0x00000006149d9388) 
thrown [src/hotspot/share/runtime/sharedRuntime.cpp, line 625]
Event: 39.787 Thread 0x00007f0d1c67aa20 Implicit null exception at 0x00007f0d99e7b9d5 to 0x00007f0d99e7c584
Event: 39.788 Thread 0x00007f0d1c67aa20 Exception <a 'java/lang/NullPointerException'{0x0000000613c51c88}> (0x0000000613c51c88) 
thrown [src/hotspot/share/runtime/sharedRuntime.cpp, line 625]
Event: 55.029 Thread 0x00007f0d777c2ae0 Implicit null exception at 0x00007f0da10ee929 to 0x00007f0da10ef45c
Event: 55.793 Thread 0x00007f0d849e7150 Implicit null exception at 0x00007f0da10f62a1 to 0x00007f0da10f6408
Event: 59.131 Thread 0x00007f0d849e7150 Implicit null exception at 0x00007f0da11166eb to 0x00007f0da11177a4
Event: 61.960 Thread 0x00007f0d14033310 Implicit null exception at 0x00007f0da05505b4 to 0x00007f0da05507dc
Event: 61.962 Thread 0x00007f0d14033310 Exception <a 'java/lang/NoSuchMethodError'{0x000000061bb4d2b8}: 'java.lang.Object java.lang.invoke.DirectMethodHandle$Holder.newInvokeSpecial(java.lang.Object, java.lang.Object, java.lang.Object, java.lang.Object, long, java.lang.Object, java.lang.Object)'> (0x000000061bb4d2b8) 
thrown [src/hotspot/share/interpreter/linkResolver.cpp, line 783]
Event: 64.116 Thread 0x00007f0d774789f0 Implicit null exception at 0x00007f0da08f2021 to 0x00007f0da08f2a2c
Event: 64.145 Thread 0x00007f0d777c2ae0 Implicit null exception at 0x00007f0da0d5e7ab to 0x00007f0da0d5f090
Event: 65.017 Thread 0x00007f0d774789f0 Implicit null exception at 0x00007f0da0c00246 to 0x00007f0da0c00cac
Event: 66.018 Thread 0x00007f0d774789f0 Implicit null exception at 0x00007f0da0d0ca2f to 0x00007f0da0d0d438
Event: 67.019 Thread 0x00007f0d774789f0 Implicit null exception at 0x00007f0da0d6e54b to 0x00007f0da0d6ef38
Event: 71.115 Thread 0x00007f0dac98bec0 Implicit null exception at 0x00007f0da0b7c86f to 0x00007f0da0b7cb26
Event: 90.215 Thread 0x00007f0cd908d4e0 Implicit null exception at 0x00007f0da0ab174b to 0x00007f0da0ab213c

ZGC Phase Switch (0 events):
No events

VM Operations (20 events):
Event: 159.816 Executing safepoint VM operation: G1TryInitiateConcMark (G1 Humongous Allocation)
Event: 159.817 Executing safepoint VM operation: G1TryInitiateConcMark (G1 Humongous Allocation) done
Event: 160.019 Executing safepoint VM operation: G1TryInitiateConcMark (G1 Humongous Allocation)
Event: 160.020 Executing safepoint VM operation: G1TryInitiateConcMark (G1 Humongous Allocation) done
Event: 161.020 Executing safepoint VM operation: Cleanup
Event: 161.020 Executing safepoint VM operation: Cleanup done
Event: 163.020 Executing safepoint VM operation: Cleanup
Event: 163.020 Executing safepoint VM operation: Cleanup done
Event: 164.020 Executing safepoint VM operation: Cleanup
Event: 164.020 Executing safepoint VM operation: Cleanup done
Event: 164.401 Executing safepoint VM operation: G1TryInitiateConcMark (G1 Humongous Allocation)
Event: 164.406 Executing safepoint VM operation: G1TryInitiateConcMark (G1 Humongous Allocation) done
Event: 164.609 Executing safepoint VM operation: G1TryInitiateConcMark (G1 Humongous Allocation)
Event: 164.611 Executing safepoint VM operation: G1TryInitiateConcMark (G1 Humongous Allocation) done
Event: 165.177 Executing safepoint VM operation: G1TryInitiateConcMark (G1 Humongous Allocation)
Event: 165.179 Executing safepoint VM operation: G1TryInitiateConcMark (G1 Humongous Allocation) done
Event: 165.319 Executing safepoint VM operation: G1TryInitiateConcMark (G1 Humongous Allocation)
Event: 165.321 Executing safepoint VM operation: G1TryInitiateConcMark (G1 Humongous Allocation) done
Event: 165.341 Executing safepoint VM operation: G1TryInitiateConcMark (G1 Humongous Allocation)
Event: 165.343 Executing safepoint VM operation: G1TryInitiateConcMark (G1 Humongous Allocation) done

Memory protections (20 events):
Event: 158.859 Protecting memory [0x00007f0ce6d03000,0x00007f0ce6d07000] with protection modes 0
Event: 158.901 Protecting memory [0x00007f0ce6d03000,0x00007f0ce6d07000] with protection modes 0
Event: 158.943 Protecting memory [0x00007f0ce6d03000,0x00007f0ce6d07000] with protection modes 0
Event: 158.985 Protecting memory [0x00007f0ce6d03000,0x00007f0ce6d07000] with protection modes 0
Event: 159.026 Protecting memory [0x00007f0ce6d03000,0x00007f0ce6d07000] with protection modes 0
Event: 159.068 Protecting memory [0x00007f0ce6d03000,0x00007f0ce6d07000] with protection modes 0
Event: 159.110 Protecting memory [0x00007f0ce6d03000,0x00007f0ce6d07000] with protection modes 0
Event: 159.151 Protecting memory [0x00007f0ce6d03000,0x00007f0ce6d07000] with protection modes 0
Event: 159.719 Protecting memory [0x00007f0ce6d03000,0x00007f0ce6d07000] with protection modes 0
Event: 159.769 Protecting memory [0x00007f0ce6d03000,0x00007f0ce6d07000] with protection modes 0
Event: 159.811 Protecting memory [0x00007f0ce6d03000,0x00007f0ce6d07000] with protection modes 0
Event: 159.852 Protecting memory [0x00007f0ce6d03000,0x00007f0ce6d07000] with protection modes 0
Event: 159.894 Protecting memory [0x00007f0ce6d03000,0x00007f0ce6d07000] with protection modes 0
Event: 159.936 Protecting memory [0x00007f0ce6d03000,0x00007f0ce6d07000] with protection modes 0
Event: 159.978 Protecting memory [0x00007f0ce6d03000,0x00007f0ce6d07000] with protection modes 0
Event: 160.019 Protecting memory [0x00007f0ce6d03000,0x00007f0ce6d07000] with protection modes 0
Event: 164.290 Protecting memory [0x00007f0cfc44c000,0x00007f0cfc450000] with protection modes 0
Event: 164.427 Protecting memory [0x00007f0d7d316000,0x00007f0d7d31a000] with protection modes 0
Event: 165.210 Protecting memory [0x00007f0cfc44c000,0x00007f0cfc450000] with protection modes 0
Event: 165.210 Protecting memory [0x00007f0d7d316000,0x00007f0d7d31a000] with protection modes 0

Nmethod flushes (20 events):
Event: 151.978 Thread 0x00007f0dac137a20 flushing  nmethod 0x00007f0d99fdf990
Event: 151.978 Thread 0x00007f0dac137a20 flushing  nmethod 0x00007f0d99feca90
Event: 151.978 Thread 0x00007f0dac137a20 flushing  nmethod 0x00007f0d99fece10
Event: 151.978 Thread 0x00007f0dac137a20 flushing  nmethod 0x00007f0d9a17ce90
Event: 151.978 Thread 0x00007f0dac137a20 flushing  nmethod 0x00007f0d9a17da10
Event: 151.978 Thread 0x00007f0dac137a20 flushing  nmethod 0x00007f0d9a2c8610
Event: 151.978 Thread 0x00007f0dac137a20 flushing  nmethod 0x00007f0d9a2c9a90
Event: 151.978 Thread 0x00007f0dac137a20 flushing  nmethod 0x00007f0d9a2ca710
Event: 151.978 Thread 0x00007f0dac137a20 flushing  nmethod 0x00007f0d9a2cda90
Event: 151.978 Thread 0x00007f0dac137a20 flushing  nmethod 0x00007f0d9a2d0510
Event: 151.978 Thread 0x00007f0dac137a20 flushing  nmethod 0x00007f0d9a2d3690
Event: 151.978 Thread 0x00007f0dac137a20 flushing  nmethod 0x00007f0d9a37d010
Event: 151.978 Thread 0x00007f0dac137a20 flushing  nmethod 0x00007f0d9a37df90
Event: 151.978 Thread 0x00007f0dac137a20 flushing  nmethod 0x00007f0d9a382190
Event: 151.978 Thread 0x00007f0dac137a20 flushing  nmethod 0x00007f0d9a382c90
Event: 151.978 Thread 0x00007f0dac137a20 flushing  nmethod 0x00007f0d9a587510
Event: 151.978 Thread 0x00007f0dac137a20 flushing  nmethod 0x00007f0d9a58cc90
Event: 151.978 Thread 0x00007f0dac137a20 flushing  nmethod 0x00007f0d9a593010
Event: 151.978 Thread 0x00007f0dac137a20 flushing  nmethod 0x00007f0d9a593410
Event: 151.978 Thread 0x00007f0dac137a20 flushing  nmethod 0x00007f0d9a595010

Events (20 events):
Event: 159.894 Thread 0x00007f0d840ad080 Thread exited: 0x00007f0d840ad080
Event: 159.936 Thread 0x00007f0d840ad080 Thread added: 0x00007f0d840ad080
Event: 159.936 Thread 0x00007f0d840ad080 Thread exited: 0x00007f0d840ad080
Event: 159.978 Thread 0x00007f0d840ad080 Thread added: 0x00007f0d840ad080
Event: 159.978 Thread 0x00007f0d840ad080 Thread exited: 0x00007f0d840ad080
Event: 160.020 Thread 0x00007f0d840ad080 Thread added: 0x00007f0d840ad080
Event: 160.020 Thread 0x00007f0d840ad080 Thread exited: 0x00007f0d840ad080
Event: 164.290 Thread 0x00007f0dac14c6c0 Thread added: 0x00007f0ca8697620
Event: 164.427 Thread 0x00007f0dac14c6c0 Thread added: 0x00007f0d24a777c0
Event: 164.678 Thread 0x00007f0d1cb4aca0 Thread exited: 0x00007f0d1cb4aca0
Event: 164.678 Thread 0x00007f0d7627b380 Thread exited: 0x00007f0d7627b380
Event: 164.678 Thread 0x00007f0d1c67d7e0 Thread exited: 0x00007f0d1c67d7e0
Event: 164.678 Thread 0x00007f0d2012e530 Thread exited: 0x00007f0d2012e530
Event: 164.678 Thread 0x00007f0d14033310 Thread exited: 0x00007f0d14033310
Event: 164.678 Thread 0x000055b3d4a90d40 Thread exited: 0x000055b3d4a90d40
Event: 164.678 Thread 0x000055b3d4a96e30 Thread exited: 0x000055b3d4a96e30
Event: 164.810 Thread 0x00007f0d24a777c0 Thread exited: 0x00007f0d24a777c0
Event: 164.894 Thread 0x00007f0ca8697620 Thread exited: 0x00007f0ca8697620
Event: 165.210 Thread 0x00007f0dac14c6c0 Thread added: 0x00007f0ca8697620
Event: 165.210 Thread 0x00007f0dac14c6c0 Thread added: 0x00007f0d24a777c0


Dynamic libraries:
60bc00000-62a400000 rw-p 00000000 00:00 0 
62a400000-800000000 ---p 00000000 00:00 0 
55b3ab641000-55b3ab642000 r--p 00000000 103:02 28594300                  /home/arcady/.gradle/jdks/jetbrains_s_r_o_-21-amd64-linux.2/bin/java
55b3ab642000-55b3ab643000 r-xp 00001000 103:02 28594300                  /home/arcady/.gradle/jdks/jetbrains_s_r_o_-21-amd64-linux.2/bin/java
55b3ab643000-55b3ab644000 r--p 00002000 103:02 28594300                  /home/arcady/.gradle/jdks/jetbrains_s_r_o_-21-amd64-linux.2/bin/java
55b3ab644000-55b3ab645000 r--p 00002000 103:02 28594300                  /home/arcady/.gradle/jdks/jetbrains_s_r_o_-21-amd64-linux.2/bin/java
55b3ab645000-55b3ab646000 rw-p 00003000 103:02 28594300                  /home/arcady/.gradle/jdks/jetbrains_s_r_o_-21-amd64-linux.2/bin/java
55b3d3efe000-55b3d4e3c000 rw-p 00000000 00:00 0                          [heap]
7f0c9c000000-7f0c9cba5000 rw-p 00000000 00:00 0 
7f0c9cba5000-7f0ca0000000 ---p 00000000 00:00 0 
7f0ca4000000-7f0ca7fc6000 rw-p 00000000 00:00 0 
7f0ca7fc6000-7f0ca8000000 ---p 00000000 00:00 0 
7f0ca8000000-7f0caa89f000 rw-p 00000000 00:00 0 
7f0caa89f000-7f0cac000000 ---p 00000000 00:00 0 
7f0cac000000-7f0cafffd000 rw-p 00000000 00:00 0 
7f0cafffd000-7f0cb0000000 ---p 00000000 00:00 0 
7f0cb0000000-7f0cb39d7000 rw-p 00000000 00:00 0 
7f0cb39d7000-7f0cb4000000 ---p 00000000 00:00 0 
7f0cb4000000-7f0cb7f49000 rw-p 00000000 00:00 0 
7f0cb7f49000-7f0cb8000000 ---p 00000000 00:00 0 
7f0cbc000000-7f0cbff3d000 rw-p 00000000 00:00 0 
7f0cbff3d000-7f0cc0000000 ---p 00000000 00:00 0 
7f0cc0000000-7f0cc3f3d000 rw-p 00000000 00:00 0 
7f0cc3f3d000-7f0cc4000000 ---p 00000000 00:00 0 
7f0cc4000000-7f0cc7f3d000 rw-p 00000000 00:00 0 
7f0cc7f3d000-7f0cc8000000 ---p 00000000 00:00 0 
7f0cc8df8000-7f0cc9927000 rw-s 1b3904000 00:07 525                       /dev/dri/renderD128
7f0cca3ff000-7f0ccac00000 rw-p 00000000 00:00 0 
7f0ccac00000-7f0ccac10000 r-xp 00000000 00:00 0 
7f0ccb0d9000-7f0ccc8dc000 rw-p 00000000 00:00 0 
7f0ccd476000-7f0ccdffc000 rw-s 1b4433000 00:07 525                       /dev/dri/renderD128
7f0ccdffc000-7f0cd0000000 rw-p 00000000 00:00 0 
7f0cd0000000-7f0cd1b8d000 rw-p 00000000 00:00 0 
7f0cd1b8d000-7f0cd4000000 ---p 00000000 00:00 0 
7f0cd462e000-7f0cd4e2f000 rw-p 00000000 00:00 0 
7f0cd55fb000-7f0cd65fd000 rw-p 00000000 00:00 0 
7f0cd65fd000-7f0cd67fd000 rw-s 114ec4000 00:07 525                       /dev/dri/renderD128
7f0cd67fd000-7f0cd8000000 rw-p 00000000 00:00 0 
7f0cd8000000-7f0cdbde9000 rw-p 00000000 00:00 0 
7f0cdbde9000-7f0cdc000000 ---p 00000000 00:00 0 
7f0cdc1fb000-7f0cdc3fb000 rw-s 1690fc000 00:07 525                       /dev/dri/renderD128
7f0cdc3fb000-7f0cdc5fb000 rw-s 168efc000 00:07 525                       /dev/dri/renderD128
7f0cdc5fb000-7f0cdee00000 rw-p 00000000 00:00 0 
7f0cdee00000-7f0cdee10000 r--p 00000000 103:02 9252815                   /usr/lib/libvulkan_radeon.so
7f0cdee10000-7f0cdf4da000 r-xp 00010000 103:02 9252815                   /usr/lib/libvulkan_radeon.so
7f0cdf4da000-7f0cdff2e000 r--p 006da000 103:02 9252815                   /usr/lib/libvulkan_radeon.so
7f0cdff2e000-7f0cdff7f000 r--p 0112d000 103:02 9252815                   /usr/lib/libvulkan_radeon.so
7f0cdff7f000-7f0cdff9b000 rw-p 0117e000 103:02 9252815                   /usr/lib/libvulkan_radeon.so
7f0cdff9b000-7f0cdffa1000 rw-p 00000000 00:00 0 
7f0cdffc6000-7f0cdffcf000 rw-s 00008000 00:01 16621                      /memfd:pipewire-memfd:flags=0x0000000f,type=2,size=65664 (deleted)
7f0cdffcf000-7f0cdffd8000 rw-s 00000000 00:01 16621                      /memfd:pipewire-memfd:flags=0x0000000f,type=2,size=65664 (deleted)
7f0cdffd8000-7f0cdffec000 rw-s 12ad95000 00:07 525                       /dev/dri/renderD128
7f0cdffec000-7f0ce0000000 rw-s 12ad81000 00:07 525                       /dev/dri/renderD128
7f0ce0000000-7f0ce0180000 rw-p 00000000 00:00 0 
7f0ce0180000-7f0ce0200000 rw-p 00000000 00:00 0 
7f0ce0200000-7f0ce02e0000 rw-p 00000000 00:00 0 
7f0ce02e0000-7f0ce0300000 ---p 00000000 00:00 0 
7f0ce0300000-7f0ce0320000 rw-p 00000000 00:00 0 
7f0ce0320000-7f0ce4000000 ---p 00000000 00:00 0 
7f0ce4002000-7f0ce400b000 rw-s 00008000 00:01 16620                      /memfd:pipewire-memfd:flags=0x0000000f,type=2,size=65664 (deleted)
7f0ce400b000-7f0ce401f000 rw-s 1046bd000 00:07 525                       /dev/dri/renderD128
7f0ce401f000-7f0ce4033000 rw-s 1046a9000 00:07 525                       /dev/dri/renderD128
7f0ce4033000-7f0ce4047000 rw-s 163da5000 00:07 525                       /dev/dri/renderD128
7f0ce4047000-7f0ce405b000 rw-s 163d91000 00:07 525                       /dev/dri/renderD128
7f0ce405b000-7f0ce406f000 rw-s 1108eb000 00:07 525                       /dev/dri/renderD128
7f0ce406f000-7f0ce4083000 rw-s 1108d7000 00:07 525                       /dev/dri/renderD128
7f0ce4083000-7f0ce4097000 rw-s 17d2f8000 00:07 525                       /dev/dri/renderD128
7f0ce4097000-7f0ce40ab000 rw-s 17d2e4000 00:07 525                       /dev/dri/renderD128
7f0ce40ab000-7f0ce40bf000 rw-s 18723e000 00:07 525                       /dev/dri/renderD128
7f0ce40bf000-7f0ce40c1000 r--p 00000000 103:02 9723241                   /usr/lib/spa-0.2/audioconvert/libspa-audioconvert.so
7f0ce40c1000-7f0ce412a000 r-xp 00002000 103:02 9723241                   /usr/lib/spa-0.2/audioconvert/libspa-audioconvert.so
7f0ce412a000-7f0ce4197000 r--p 0006b000 103:02 9723241                   /usr/lib/spa-0.2/audioconvert/libspa-audioconvert.so
7f0ce4197000-7f0ce41a5000 r--p 000d8000 103:02 9723241                   /usr/lib/spa-0.2/audioconvert/libspa-audioconvert.so
7f0ce41a5000-7f0ce41a8000 rw-p 000e6000 103:02 9723241                   /usr/lib/spa-0.2/audioconvert/libspa-audioconvert.so
7f0ce41a8000-7f0ce41aa000 r--p 00000000 103:02 9730841                   /usr/lib/pipewire-0.3/libpipewire-module-session-manager.so
7f0ce41aa000-7f0ce41cc000 r-xp 00002000 103:02 9730841                   /usr/lib/pipewire-0.3/libpipewire-module-session-manager.so
7f0ce41cc000-7f0ce41d2000 r--p 00024000 103:02 9730841                   /usr/lib/pipewire-0.3/libpipewire-module-session-manager.so
7f0ce41d2000-7f0ce41d4000 r--p 00029000 103:02 9730841                   /usr/lib/pipewire-0.3/libpipewire-module-session-manager.so
7f0ce41d4000-7f0ce41d5000 rw-p 0002b000 103:02 9730841                   /usr/lib/pipewire-0.3/libpipewire-module-session-manager.so
7f0ce41d5000-7f0ce41d8000 r--p 00000000 103:02 9730055                   /usr/lib/pipewire-0.3/libpipewire-module-client-node.so
7f0ce41d8000-7f0ce41f5000 r-xp 00003000 103:02 9730055                   /usr/lib/pipewire-0.3/libpipewire-module-client-node.so
7f0ce41f5000-7f0ce41fb000 r--p 00020000 103:02 9730055                   /usr/lib/pipewire-0.3/libpipewire-module-client-node.so
7f0ce41fb000-7f0ce41fd000 r--p 00025000 103:02 9730055                   /usr/lib/pipewire-0.3/libpipewire-module-client-node.so
7f0ce41fd000-7f0ce41fe000 rw-p 00027000 103:02 9730055                   /usr/lib/pipewire-0.3/libpipewire-module-client-node.so
7f0ce41fe000-7f0ce43fe000 rw-s 168759000 00:07 525                       /dev/dri/renderD128
7f0ce45fe000-7f0ce5600000 rw-p 00000000 00:00 0 
7f0ce5600000-7f0ce5800000 rw-s 167d1b000 00:07 525                       /dev/dri/renderD128
7f0ce5800000-7f0ce5a00000 rw-s 18d09e000 00:07 525                       /dev/dri/renderD128
7f0ce5a00000-7f0ce5c01000 rw-s 00000000 103:02 26476877                  /home/arcady/.cache/radv_builtin_shaders/index
7f0ce5c05000-7f0ce5c19000 rw-s 1943e4000 00:07 525                       /dev/dri/renderD128
7f0ce5c19000-7f0ce5c1c000 r--p 00000000 103:02 9730838                   /usr/lib/pipewire-0.3/libpipewire-module-protocol-native.so
7f0ce5c1c000-7f0ce5c3e000 r-xp 00003000 103:02 9730838                   /usr/lib/pipewire-0.3/libpipewire-module-protocol-native.so
7f0ce5c3e000-7f0ce5c4a000 r--p 00025000 103:02 9730838                   /usr/lib/pipewire-0.3/libpipewire-module-protocol-native.so
7f0ce5c4a000-7f0ce5c55000 r--p 00030000 103:02 9730838                   /usr/lib/pipewire-0.3/libpipewire-module-protocol-native.so
7f0ce5c55000-7f0ce5c56000 rw-p 0003b000 103:02 9730838                   /usr/lib/pipewire-0.3/libpipewire-module-protocol-native.so
7f0ce5c56000-7f0ce5c58000 r--p 00000000 103:02 9731179                   /usr/lib/spa-0.2/support/libspa-support.so
7f0ce5c58000-7f0ce5c78000 r-xp 00002000 103:02 9731179                   /usr/lib/spa-0.2/support/libspa-support.so
7f0ce5c78000-7f0ce5c7f000 r--p 00022000 103:02 9731179                   /usr/lib/spa-0.2/support/libspa-support.so
7f0ce5c7f000-7f0ce5c87000 r--p 00029000 103:02 9731179                   /usr/lib/spa-0.2/support/libspa-support.so
7f0ce5c87000-7f0ce5c88000 rw-p 00031000 103:02 9731179                   /usr/lib/spa-0.2/support/libspa-support.so
7f0ce5c88000-7f0ce5c9c000 rw-s 1943d0000 00:07 525                       /dev/dri/renderD128
7f0ce5c9c000-7f0ce5cb0000 rw-s 127a09000 00:07 525                       /dev/dri/renderD128
7f0ce5cb0000-7f0ce5cc4000 rw-s 1279f5000 00:07 525                       /dev/dri/renderD128
7f0ce5cc4000-7f0ce5cd8000 rw-s 12e3d1000 00:07 525                       /dev/dri/renderD128
7f0ce5cd8000-7f0ce5cec000 rw-s 12e3bd000 00:07 525                       /dev/dri/renderD128
7f0ce5cec000-7f0ce5d00000 rw-s 10f310000 00:07 525                       /dev/dri/renderD128
7f0ce5d00000-7f0ce6d03000 rw-p 00000000 00:00 0 
7f0ce6d03000-7f0ce6d07000 ---p 00000000 00:00 0 
7f0ce6d07000-7f0ce7503000 rw-p 00000000 00:00 0 
7f0ce7503000-7f0ce8505000 rw-p 00000000 00:00 0 
7f0ce8505000-7f0ce8507000 r--p 00000000 103:02 9193392                   /usr/lib/pkcs11/p11-kit-trust.so
7f0ce8507000-7f0ce8529000 r-xp 00002000 103:02 9193392                   /usr/lib/pkcs11/p11-kit-trust.so
7f0ce8529000-7f0ce8539000 r--p 00024000 103:02 9193392                   /usr/lib/pkcs11/p11-kit-trust.so
7f0ce8539000-7f0ce854a000 r--p 00033000 103:02 9193392                   /usr/lib/pkcs11/p11-kit-trust.so
7f0ce854a000-7f0ce854b000 rw-p 00044000 103:02 9193392                   /usr/lib/pkcs11/p11-kit-trust.so
7f0ce854c000-7f0ce8560000 rw-s 10f2fc000 00:07 525                       /dev/dri/renderD128
7f0ce8560000-7f0ce8574000 rw-s 17bc27000 00:07 525                       /dev/dri/renderD128
7f0ce8574000-7f0ce8588000 rw-s 17bc13000 00:07 525                       /dev/dri/renderD128
7f0ce8588000-7f0ce859c000 rw-s 161177000 00:07 525                       /dev/dri/renderD128
7f0ce859c000-7f0ce85b0000 rw-s 18f7f8000 00:07 525                       /dev/dri/renderD128
7f0ce85b0000-7f0ce85c4000 rw-s 1467c7000 00:07 525                       /dev/dri/renderD128
7f0ce85c4000-7f0ce85d8000 rw-s 123775000 00:07 525                       /dev/dri/renderD128
7f0ce85d8000-7f0ce85ec000 rw-s 10fa8c000 00:07 525                       /dev/dri/renderD128
7f0ce85ec000-7f0ce8600000 rw-s 116cb9000 00:07 525                       /dev/dri/renderD128
7f0ce8600000-7f0ce8801000 rw-s 00000000 103:02 26345691                  /home/arcady/.cache/mesa_shader_cache/index
7f0ce8802000-7f0ce8804000 r--p 00000000 103:02 9730835                   /usr/lib/pipewire-0.3/libpipewire-module-metadata.so
7f0ce8804000-7f0ce880f000 r-xp 00002000 103:02 9730835                   /usr/lib/pipewire-0.3/libpipewire-module-metadata.so
7f0ce880f000-7f0ce8811000 r--p 0000d000 103:02 9730835                   /usr/lib/pipewire-0.3/libpipewire-module-metadata.so
7f0ce8811000-7f0ce8812000 r--p 0000e000 103:02 9730835                   /usr/lib/pipewire-0.3/libpipewire-module-metadata.so
7f0ce8812000-7f0ce8813000 rw-p 0000f000 103:02 9730835                   /usr/lib/pipewire-0.3/libpipewire-module-metadata.so
7f0ce8813000-7f0ce8827000 rw-s 162e79000 00:07 525                       /dev/dri/renderD128
7f0ce8827000-7f0ce883b000 rw-s 1220cb000 00:07 525                       /dev/dri/renderD128
7f0ce883b000-7f0ce884f000 rw-s 125867000 00:07 525                       /dev/dri/renderD128
7f0ce884f000-7f0ce8863000 rw-s 165116000 00:07 525                       /dev/dri/renderD128
7f0ce8863000-7f0ce8877000 rw-s 14b61d000 00:07 525                       /dev/dri/renderD128
7f0ce8877000-7f0ce888b000 rw-s 105031000 00:07 525                       /dev/dri/renderD128
7f0ce888b000-7f0ce889f000 rw-s 16e948000 00:07 525                       /dev/dri/renderD128
7f0ce889f000-7f0ce88b3000 rw-s 1182bb000 00:07 525                       /dev/dri/renderD128
7f0ce88b3000-7f0ce88c7000 rw-s 116c8d000 00:07 525                       /dev/dri/renderD128
7f0ce88c7000-7f0ce88db000 rw-s 151949000 00:07 525                       /dev/dri/renderD128
7f0ce88db000-7f0ce88ef000 rw-s 174a1e000 00:07 525                       /dev/dri/renderD128
7f0ce88ef000-7f0ce8903000 rw-s 17aeca000 00:07 525                       /dev/dri/renderD128
7f0ce8903000-7f0ce8917000 rw-s 104771000 00:07 525                       /dev/dri/renderD128
7f0ce8917000-7f0ce892b000 rw-s 16fc99000 00:07 525                       /dev/dri/renderD128
7f0ce892b000-7f0ce893f000 rw-s 17e8ae000 00:07 525                       /dev/dri/renderD128
7f0ce893f000-7f0ce8953000 rw-s 10d440000 00:07 525                       /dev/dri/renderD128
7f0ce8953000-7f0cea957000 rw-p 00000000 00:00 0 
7f0cea957000-7f0cec8fc000 rw-p 00000000 00:00 0 
7f0cec8fd000-7f0cec8ff000 r--p 00000000 103:02 9718301                   /usr/lib/pipewire-0.3/libpipewire-module-client-device.so
7f0cec8ff000-7f0cec90b000 r-xp 00002000 103:02 9718301                   /usr/lib/pipewire-0.3/libpipewire-module-client-device.so
7f0cec90b000-7f0cec90c000 r--p 0000e000 103:02 9718301                   /usr/lib/pipewire-0.3/libpipewire-module-client-device.so
7f0cec90c000-7f0cec90d000 r--p 0000f000 103:02 9718301                   /usr/lib/pipewire-0.3/libpipewire-module-client-device.so
7f0cec90d000-7f0cec90e000 rw-p 00010000 103:02 9718301                   /usr/lib/pipewire-0.3/libpipewire-module-client-device.so
7f0cec90e000-7f0cec922000 rw-s 1919a5000 00:07 525                       /dev/dri/renderD128
7f0cec922000-7f0cec936000 rw-s 15d16b000 00:07 525                       /dev/dri/renderD128
7f0cec936000-7f0cec94a000 rw-s 14cb63000 00:07 525                       /dev/dri/renderD128
7f0cec94a000-7f0cec9ca000 rw-s 146c8b000 00:07 525                       /dev/dri/renderD128
7f0cec9ca000-7f0ceca0a000 rw-s 16b000000 00:07 525                       /dev/dri/renderD128
7f0ceca0a000-7f0ceca0f000 r--p 00000000 103:02 9190690                   /usr/lib/libudev.so.1.7.14
7f0ceca0f000-7f0ceca3d000 r-xp 00005000 103:02 9190690                   /usr/lib/libudev.so.1.7.14
7f0ceca3d000-7f0ceca54000 r--p 00033000 103:02 9190690                   /usr/lib/libudev.so.1.7.14
7f0ceca54000-7f0ceca59000 r--p 0004a000 103:02 9190690                   /usr/lib/libudev.so.1.7.14
7f0ceca59000-7f0ceca5a000 rw-p 0004f000 103:02 9190690                   /usr/lib/libudev.so.1.7.14
7f0ceca5a000-7f0ceca5b000 rw-p 00000000 00:00 0 
7f0ceca5b000-7f0ceca5f000 ---p 00000000 00:00 0 
7f0ceca5f000-7f0cecb5c000 rw-p 00000000 00:00 0 
7f0cecb5c000-7f0cecb60000 ---p 00000000 00:00 0 
7f0cecb60000-7f0cecc5c000 rw-p 00000000 00:00 0 
7f0cecc5c000-7f0ceccfc000 rw-p 00000000 00:00 0 
7f0ceccfc000-7f0ced4fd000 rw-p 00000000 00:00 0 
7f0ced4fe000-7f0ced512000 rw-s 166535000 00:07 525                       /dev/dri/renderD128
7f0ced512000-7f0ced552000 rw-p 00000000 00:00 0 
7f0ced555000-7f0ced55e000 rw-s 00000000 00:01 16620                      /memfd:pipewire-memfd:flags=0x0000000f,type=2,size=65664 (deleted)
7f0ced55e000-7f0ced572000 rw-s 197c44000 00:07 525                       /dev/dri/renderD128
7f0ced572000-7f0ced5f2000 rw-p 00000000 00:00 0 
7f0ced5f2000-7f0ced5f3000 rw-p 00000000 00:00 0 
7f0ced5f3000-7f0ced5f7000 ---p 00000000 00:00 0 
7f0ced5f7000-7f0ced6f3000 rw-p 00000000 00:00 0 
7f0ced7f4000-7f0ced7f5000 rw-p 00000000 00:00 0 
7f0ced7f5000-7f0ced7f9000 ---p 00000000 00:00 0 
7f0ced7f9000-7f0ced8f6000 rw-p 00000000 00:00 0 
7f0ced8f6000-7f0ced8fa000 ---p 00000000 00:00 0 
7f0ced8fa000-7f0ced9f7000 rw-p 00000000 00:00 0 
7f0ced9f7000-7f0ced9fb000 ---p 00000000 00:00 0 
7f0ced9fb000-7f0cedaf7000 rw-p 00000000 00:00 0 
7f0ceddfa000-7f0ceddfb000 rw-p 00000000 00:00 0 
7f0ceddfb000-7f0ceddff000 ---p 00000000 00:00 0 
7f0ceddff000-7f0cedefc000 rw-p 00000000 00:00 0 
7f0cedefc000-7f0cedf00000 ---p 00000000 00:00 0 
7f0cedf00000-7f0cedffc000 rw-p 00000000 00:00 0 
7f0cee467000-7f0cee4ff000 r--p 00000000 103:02 9723237                   /usr/share/fonts/noto/NotoSans-Regular.ttf
7f0cee4ff000-7f0cee500000 rw-p 00000000 00:00 0 
7f0cee500000-7f0cee504000 ---p 00000000 00:00 0 
7f0cee504000-7f0cee600000 rw-p 00000000 00:00 0 
7f0cee600000-7f0cee616000 r--p 00000000 103:02 9226024                   /usr/lib/libSDL3.so.0.4.14
7f0cee616000-7f0cee9aa000 r-xp 00016000 103:02 9226024                   /usr/lib/libSDL3.so.0.4.14
7f0cee9aa000-7f0ceea60000 r--p 003aa000 103:02 9226024                   /usr/lib/libSDL3.so.0.4.14
7f0ceea60000-7f0ceea6d000 r--p 00460000 103:02 9226024                   /usr/lib/libSDL3.so.0.4.14
7f0ceea6d000-7f0ceea79000 rw-p 0046d000 103:02 9226024                   /usr/lib/libSDL3.so.0.4.14
7f0ceea79000-7f0ceea80000 rw-p 00000000 00:00 0 
7f0ceea83000-7f0ceea86000 r--p 00000000 103:02 9252814                   /usr/lib/libVkLayer_MESA_device_select.so
7f0ceea86000-7f0ceea94000 r-xp 00003000 103:02 9252814                   /usr/lib/libVkLayer_MESA_device_select.so
7f0ceea94000-7f0ceea99000 r--p 00011000 103:02 9252814                   /usr/lib/libVkLayer_MESA_device_select.so
7f0ceea99000-7f0ceea9a000 r--p 00015000 103:02 9252814                   /usr/lib/libVkLayer_MESA_device_select.so
7f0ceea9a000-7f0ceea9b000 rw-p 00016000 103:02 9252814                   /usr/lib/libVkLayer_MESA_device_select.so
7f0ceea9b000-7f0ceeadd000 rw-p 00000000 00:00 0 
7f0ceeadf000-7f0ceeae3000 rw-s 1933fa000 00:07 525                       /dev/dri/renderD128
7f0ceeae3000-7f0ceeae5000 r--p 00000000 103:02 9717194                   /usr/lib/pipewire-0.3/libpipewire-module-adapter.so
7f0ceeae5000-7f0ceeae9000 r-xp 00002000 103:02 9717194                   /usr/lib/pipewire-0.3/libpipewire-module-adapter.so
7f0ceeae9000-7f0ceeaeb000 r--p 00006000 103:02 9717194                   /usr/lib/pipewire-0.3/libpipewire-module-adapter.so
7f0ceeaeb000-7f0ceeaec000 r--p 00007000 103:02 9717194                   /usr/lib/pipewire-0.3/libpipewire-module-adapter.so
7f0ceeaec000-7f0ceeaed000 rw-p 00008000 103:02 9717194                   /usr/lib/pipewire-0.3/libpipewire-module-adapter.so
7f0ceeaed000-7f0ceeafd000 r-xp 00000000 00:00 0 
7f0ceeafd000-7f0ceeb0e000 r--p 00000000 103:02 9190176                   /usr/lib/libkrb5.so.3.3
7f0ceeb0e000-7f0ceebb0000 r-xp 00011000 103:02 9190176                   /usr/lib/libkrb5.so.3.3
7f0ceebb0000-7f0ceebf0000 r--p 000b3000 103:02 9190176                   /usr/lib/libkrb5.so.3.3
7f0ceebf0000-7f0ceebfe000 r--p 000f2000 103:02 9190176                   /usr/lib/libkrb5.so.3.3
7f0ceebfe000-7f0ceec00000 rw-p 00100000 103:02 9190176                   /usr/lib/libkrb5.so.3.3
7f0ceec00000-7f0ceecaf000 r--p 00000000 103:02 9220232                   /usr/lib/libglycin-2.so.0
7f0ceecaf000-7f0ceeffd000 r-xp 000ae000 103:02 9220232                   /usr/lib/libglycin-2.so.0
7f0ceeffd000-7f0cef018000 r--p 003fb000 103:02 9220232                   /usr/lib/libglycin-2.so.0
7f0cef018000-7f0cef01b000 rw-p 00415000 103:02 9220232                   /usr/lib/libglycin-2.so.0
7f0cef01b000-7f0cef01c000 rw-p 00000000 00:00 0 
7f0cef01c000-7f0cef020000 rw-s 116857000 00:07 525                       /dev/dri/renderD128
7f0cef020000-7f0cef022000 r--p 00000000 103:02 9730839                   /usr/lib/pipewire-0.3/libpipewire-module-rt.so
7f0cef022000-7f0cef026000 r-xp 00002000 103:02 9730839                   /usr/lib/pipewire-0.3/libpipewire-module-rt.so
7f0cef026000-7f0cef028000 r--p 00006000 103:02 9730839                   /usr/lib/pipewire-0.3/libpipewire-module-rt.so
7f0cef028000-7f0cef029000 r--p 00007000 103:02 9730839                   /usr/lib/pipewire-0.3/libpipewire-module-rt.so
7f0cef029000-7f0cef02a000 rw-p 00008000 103:02 9730839                   /usr/lib/pipewire-0.3/libpipewire-module-rt.so
7f0cef02a000-7f0cef08a000 rw-p 00000000 00:00 0 
7f0cef08a000-7f0cef08c000 r--p 00000000 103:02 9192480                   /usr/lib/libseccomp.so.2.6.0
7f0cef08c000-7f0cef0a2000 r-xp 00002000 103:02 9192480                   /usr/lib/libseccomp.so.2.6.0
7f0cef0a2000-7f0cef0bb000 r--p 00018000 103:02 9192480                   /usr/lib/libseccomp.so.2.6.0
7f0cef0bb000-7f0cef0bc000 r--p 00031000 103:02 9192480                   /usr/lib/libseccomp.so.2.6.0
7f0cef0bc000-7f0cef0bd000 rw-p 00032000 103:02 9192480                   /usr/lib/libseccomp.so.2.6.0
7f0cef0bd000-7f0cef0c0000 r--p 00000000 103:02 9190154                   /usr/lib/libk5crypto.so.3.1
7f0cef0c0000-7f0cef0e3000 r-xp 00003000 103:02 9190154                   /usr/lib/libk5crypto.so.3.1
7f0cef0e3000-7f0cef0ef000 r--p 00026000 103:02 9190154                   /usr/lib/libk5crypto.so.3.1
7f0cef0ef000-7f0cef0f1000 r--p 00031000 103:02 9190154                   /usr/lib/libk5crypto.so.3.1
7f0cef0f1000-7f0cef0f2000 rw-p 00033000 103:02 9190154                   /usr/lib/libk5crypto.so.3.1
7f0cef0f2000-7f0cef106000 r--p 00000000 103:02 9183158                   /usr/lib/libssl.so.3
7f0cef106000-7f0cef1d2000 r-xp 00014000 103:02 9183158                   /usr/lib/libssl.so.3
7f0cef1d2000-7f0cef1fa000 r--p 000e0000 103:02 9183158                   /usr/lib/libssl.so.3
7f0cef1fa000-7f0cef204000 r--p 00107000 103:02 9183158                   /usr/lib/libssl.so.3
7f0cef204000-7f0cef208000 rw-p 00111000 103:02 9183158                   /usr/lib/libssl.so.3
7f0cef208000-7f0cef217000 r--p 00000000 103:02 9193530                   /usr/lib/libunistring.so.5.2.1
7f0cef217000-7f0cef26b000 r-xp 0000f000 103:02 9193530                   /usr/lib/libunistring.so.5.2.1
7f0cef26b000-7f0cef3fb000 r--p 00063000 103:02 9193530                   /usr/lib/libunistring.so.5.2.1
7f0cef3fb000-7f0cef3ff000 r--p 001f3000 103:02 9193530                   /usr/lib/libunistring.so.5.2.1
7f0cef3ff000-7f0cef400000 rw-p 001f7000 103:02 9193530                   /usr/lib/libunistring.so.5.2.1
7f0cef400000-7f0cef407000 r--p 00000000 103:02 9193386                   /usr/lib/libp11-kit.so.0.4.10
7f0cef407000-7f0cef57a000 r-xp 00007000 103:02 9193386                   /usr/lib/libp11-kit.so.0.4.10
7f0cef57a000-7f0cef61e000 r--p 0017a000 103:02 9193386                   /usr/lib/libp11-kit.so.0.4.10
7f0cef61e000-7f0cef62e000 r--p 0021e000 103:02 9193386                   /usr/lib/libp11-kit.so.0.4.10
7f0cef62e000-7f0cef63d000 rw-p 0022e000 103:02 9193386                   /usr/lib/libp11-kit.so.0.4.10
7f0cef640000-7f0cef645000 rw-s 176518000 00:07 525                       /dev/dri/renderD128
7f0cef645000-7f0cef646000 r--p 00000000 103:02 9731176                   /usr/lib/spa-0.2/support/libspa-dbus.so
7f0cef646000-7f0cef649000 r-xp 00001000 103:02 9731176                   /usr/lib/spa-0.2/support/libspa-dbus.so
7f0cef649000-7f0cef64a000 r--p 00004000 103:02 9731176                   /usr/lib/spa-0.2/support/libspa-dbus.so
7f0cef64a000-7f0cef64b000 r--p 00005000 103:02 9731176                   /usr/lib/spa-0.2/support/libspa-dbus.so
7f0cef64b000-7f0cef64c000 rw-p 00006000 103:02 9731176                   /usr/lib/spa-0.2/support/libspa-dbus.so
7f0cef64c000-7f0cef64f000 r--p 00000000 103:02 9178165                   /usr/lib/libresolv.so.2
7f0cef64f000-7f0cef659000 r-xp 00003000 103:02 9178165                   /usr/lib/libresolv.so.2
7f0cef659000-7f0cef65c000 r--p 0000d000 103:02 9178165                   /usr/lib/libresolv.so.2
7f0cef65c000-7f0cef65d000 r--p 00010000 103:02 9178165                   /usr/lib/libresolv.so.2
7f0cef65d000-7f0cef65e000 rw-p 00011000 103:02 9178165                   /usr/lib/libresolv.so.2
7f0cef65e000-7f0cef660000 rw-p 00000000 00:00 0 
7f0cef660000-7f0cef669000 r--p 00000000 103:02 9226087                   /usr/lib/libFLAC.so.14.0.0
7f0cef669000-7f0cef6c2000 r-xp 00009000 103:02 9226087                   /usr/lib/libFLAC.so.14.0.0
7f0cef6c2000-7f0cef6cb000 r--p 00062000 103:02 9226087                   /usr/lib/libFLAC.so.14.0.0
7f0cef6cb000-7f0cef6cc000 r--p 0006b000 103:02 9226087                   /usr/lib/libFLAC.so.14.0.0
7f0cef6cc000-7f0cef6cd000 rw-p 0006c000 103:02 9226087                   /usr/lib/libFLAC.so.14.0.0
7f0cef6cd000-7f0cef6d6000 r--p 00000000 103:02 9190147                   /usr/lib/libgssapi_krb5.so.2.2
7f0cef6d6000-7f0cef723000 r-xp 00009000 103:02 9190147                   /usr/lib/libgssapi_krb5.so.2.2
7f0cef723000-7f0cef731000 r--p 00056000 103:02 9190147                   /usr/lib/libgssapi_krb5.so.2.2
7f0cef731000-7f0cef733000 r--p 00064000 103:02 9190147                   /usr/lib/libgssapi_krb5.so.2.2
7f0cef733000-7f0cef734000 rw-p 00066000 103:02 9190147                   /usr/lib/libgssapi_krb5.so.2.2
7f0cef734000-7f0cef73a000 r--p 00000000 103:02 9195208                   /usr/lib/libssh2.so.1.0.1
7f0cef73a000-7f0cef77e000 r-xp 00006000 103:02 9195208                   /usr/lib/libssh2.so.1.0.1
7f0cef77e000-7f0cef78c000 r--p 0004a000 103:02 9195208                   /usr/lib/libssh2.so.1.0.1
7f0cef78c000-7f0cef78e000 r--p 00058000 103:02 9195208                   /usr/lib/libssh2.so.1.0.1
7f0cef78e000-7f0cef78f000 rw-p 0005a000 103:02 9195208                   /usr/lib/libssh2.so.1.0.1
7f0cef78f000-7f0cef793000 r--p 00000000 103:02 9195162                   /usr/lib/libngtcp2.so.16.11.0
7f0cef793000-7f0cef7ef000 r-xp 00004000 103:02 9195162                   /usr/lib/libngtcp2.so.16.11.0
7f0cef7ef000-7f0cef7fe000 r--p 00060000 103:02 9195162                   /usr/lib/libngtcp2.so.16.11.0
7f0cef7fe000-7f0cef7ff000 r--p 0006e000 103:02 9195162                   /usr/lib/libngtcp2.so.16.11.0
7f0cef7ff000-7f0cef800000 rw-p 0006f000 103:02 9195162                   /usr/lib/libngtcp2.so.16.11.0
7f0cef800000-7f0cef81a000 r--p 00000000 103:02 9193839                   /usr/lib/libleancrypto.so.1
7f0cef81a000-7f0cef9fd000 r-xp 0001a000 103:02 9193839                   /usr/lib/libleancrypto.so.1
7f0cef9fd000-7f0cefb24000 r--p 001fd000 103:02 9193839                   /usr/lib/libleancrypto.so.1
7f0cefb24000-7f0cefb2a000 r--p 00324000 103:02 9193839                   /usr/lib/libleancrypto.so.1
7f0cefb2a000-7f0cefb2c000 rw-p 0032a000 103:02 9193839                   /usr/lib/libleancrypto.so.1
7f0cefb2e000-7f0cefb31000 r--p 00000000 103:02 9190179                   /usr/lib/libkrb5support.so.0.1
7f0cefb31000-7f0cefb39000 r-xp 00003000 103:02 9190179                   /usr/lib/libkrb5support.so.0.1
7f0cefb39000-7f0cefb3c000 r--p 0000b000 103:02 9190179                   /usr/lib/libkrb5support.so.0.1
7f0cefb3c000-7f0cefb3d000 r--p 0000d000 103:02 9190179                   /usr/lib/libkrb5support.so.0.1
7f0cefb3d000-7f0cefb3e000 rw-p 0000e000 103:02 9190179                   /usr/lib/libkrb5support.so.0.1
7f0cefb3e000-7f0cefb43000 r--p 00000000 103:02 9226126                   /usr/lib/libsndfile.so.1.0.37
7f0cefb43000-7f0cefbde000 r-xp 00005000 103:02 9226126                   /usr/lib/libsndfile.so.1.0.37
7f0cefbde000-7f0cefbfa000 r--p 000a0000 103:02 9226126                   /usr/lib/libsndfile.so.1.0.37
7f0cefbfa000-7f0cefbfd000 r--p 000bc000 103:02 9226126                   /usr/lib/libsndfile.so.1.0.37
7f0cefbfd000-7f0cefbfe000 rw-p 000bf000 103:02 9226126                   /usr/lib/libsndfile.so.1.0.37
7f0cefbfe000-7f0cefc00000 rw-p 00000000 00:00 0 
7f0cefc00000-7f0cefc49000 r--p 00000000 103:02 9217900                   /usr/lib/libSPIRV-Tools-opt.so
7f0cefc49000-7f0cefe20000 r-xp 00049000 103:02 9217900                   /usr/lib/libSPIRV-Tools-opt.so
7f0cefe20000-7f0cefe7a000 r--p 00220000 103:02 9217900                   /usr/lib/libSPIRV-Tools-opt.so
7f0cefe7a000-7f0cefe8a000 r--p 0027a000 103:02 9217900                   /usr/lib/libSPIRV-Tools-opt.so
7f0cefe8a000-7f0cefe8b000 rw-p 0028a000 103:02 9217900                   /usr/lib/libSPIRV-Tools-opt.so
7f0cefe8c000-7f0cefe94000 r--p 00000000 103:02 9217686                   /usr/lib/libpangoft2-1.0.so.0.5800.1
7f0cefe94000-7f0cefea5000 r-xp 00008000 103:02 9217686                   /usr/lib/libpangoft2-1.0.so.0.5800.1
7f0cefea5000-7f0cefeaa000 r--p 00019000 103:02 9217686                   /usr/lib/libpangoft2-1.0.so.0.5800.1
7f0cefeaa000-7f0cefeab000 r--p 0001e000 103:02 9217686                   /usr/lib/libpangoft2-1.0.so.0.5800.1
7f0cefeab000-7f0cefeac000 rw-p 0001f000 103:02 9217686                   /usr/lib/libpangoft2-1.0.so.0.5800.1
7f0cefeac000-7f0cefeb0000 r--p 00000000 103:02 9193633                   /usr/lib/libnghttp2.so.14.29.5
7f0cefeb0000-7f0cefecb000 r-xp 00004000 103:02 9193633                   /usr/lib/libnghttp2.so.14.29.5
7f0cefecb000-7f0cefed7000 r--p 0001f000 103:02 9193633                   /usr/lib/libnghttp2.so.14.29.5
7f0cefed7000-7f0cefeda000 r--p 0002a000 103:02 9193633                   /usr/lib/libnghttp2.so.14.29.5
7f0cefeda000-7f0cefedb000 rw-p 0002d000 103:02 9193633                   /usr/lib/libnghttp2.so.14.29.5
7f0cefedb000-7f0cefede000 r--p 00000000 103:02 9193646                   /usr/lib/libnghttp3.so.9.9.0
7f0cefede000-7f0cefef8000 r-xp 00003000 103:02 9193646                   /usr/lib/libnghttp3.so.9.9.0
7f0cefef8000-7f0ceff04000 r--p 0001d000 103:02 9193646                   /usr/lib/libnghttp3.so.9.9.0
7f0ceff04000-7f0ceff05000 r--p 00029000 103:02 9193646                   /usr/lib/libnghttp3.so.9.9.0
7f0ceff05000-7f0ceff07000 rw-p 0002a000 103:02 9193646                   /usr/lib/libnghttp3.so.9.9.0
7f0ceff07000-7f0ceff09000 r--p 00000000 103:02 9226871                   /usr/lib/libv4lconvert.so.0.0.0
7f0ceff09000-7f0ceff4c000 r-xp 00002000 103:02 9226871                   /usr/lib/libv4lconvert.so.0.0.0
7f0ceff4c000-7f0ceff57000 r--p 00045000 103:02 9226871                   /usr/lib/libv4lconvert.so.0.0.0
7f0ceff57000-7f0ceff59000 r--p 0004f000 103:02 9226871                   /usr/lib/libv4lconvert.so.0.0.0
7f0ceff59000-7f0ceff5a000 rw-p 00051000 103:02 9226871                   /usr/lib/libv4lconvert.so.0.0.0
7f0ceff5a000-7f0ceffac000 rw-p 00000000 00:00 0 
7f0ceffac000-7f0ceffba000 r--p 00000000 103:02 9193729                   /usr/lib/libnettle.so.9.0
7f0ceffba000-7f0cefff8000 r-xp 0000e000 103:02 9193729                   /usr/lib/libnettle.so.9.0
7f0cefff8000-7f0cf0011000 r--p 0004c000 103:02 9193729                   /usr/lib/libnettle.so.9.0
7f0cf0011000-7f0cf0014000 r--p 00064000 103:02 9193729                   /usr/lib/libnettle.so.9.0
7f0cf0014000-7f0cf0015000 rw-p 00067000 103:02 9193729                   /usr/lib/libnettle.so.9.0
7f0cf0015000-7f0cf001d000 r--p 00000000 103:02 9193725                   /usr/lib/libhogweed.so.7.0
7f0cf001d000-7f0cf0034000 r-xp 00008000 103:02 9193725                   /usr/lib/libhogweed.so.7.0
7f0cf0034000-7f0cf005e000 r--p 0001f000 103:02 9193725                   /usr/lib/libhogweed.so.7.0
7f0cf005e000-7f0cf0060000 r--p 00048000 103:02 9193725                   /usr/lib/libhogweed.so.7.0
7f0cf0060000-7f0cf0061000 rw-p 0004a000 103:02 9193725                   /usr/lib/libhogweed.so.7.0
7f0cf0061000-7f0cf0070000 r--p 00000000 103:02 9222869                   /usr/lib/libsodium.so.26.4.0
7f0cf0070000-7f0cf00e9000 r-xp 0000f000 103:02 9222869                   /usr/lib/libsodium.so.26.4.0
7f0cf00e9000-7f0cf00fd000 r--p 00088000 103:02 9222869                   /usr/lib/libsodium.so.26.4.0
7f0cf00fd000-7f0cf00fe000 r--p 0009b000 103:02 9222869                   /usr/lib/libsodium.so.26.4.0
7f0cf00fe000-7f0cf00ff000 rw-p 0009c000 103:02 9222869                   /usr/lib/libsodium.so.26.4.0
7f0cf00ff000-7f0cf0104000 r--p 00000000 103:02 9178142                   /usr/lib/libmvec.so.1
7f0cf0104000-7f0cf0127000 r-xp 00005000 103:02 9178142                   /usr/lib/libmvec.so.1
7f0cf0127000-7f0cf01fe000 r--p 00028000 103:02 9178142                   /usr/lib/libmvec.so.1
7f0cf01fe000-7f0cf01ff000 r--p 000ff000 103:02 9178142                   /usr/lib/libmvec.so.1
7f0cf01ff000-7f0cf0200000 rw-p 00100000 103:02 9178142                   /usr/lib/libmvec.so.1
7f0cf0200000-7f0cf0228000 r--p 00000000 103:02 9225975                   /usr/lib/libdb-6.2.so
7f0cf0228000-7f0cf03c2000 r-xp 00028000 103:02 9225975                   /usr/lib/libdb-6.2.so
7f0cf03c2000-7f0cf040c000 r--p 001c2000 103:02 9225975                   /usr/lib/libdb-6.2.so
7f0cf040c000-7f0cf0417000 r--p 0020b000 103:02 9225975                   /usr/lib/libdb-6.2.so
7f0cf0417000-7f0cf0418000 rw-p 00216000 103:02 9225975                   /usr/lib/libdb-6.2.so
7f0cf0418000-7f0cf041c000 rw-s 146d0b000 00:07 525                       /dev/dri/renderD128
7f0cf041c000-7f0cf041e000 r--p 00000000 103:02 9217579                   /usr/lib/libthai.so.0.3.2
7f0cf041e000-7f0cf0424000 r-xp 00002000 103:02 9217579                   /usr/lib/libthai.so.0.3.2
7f0cf0424000-7f0cf0427000 r--p 00008000 103:02 9217579                   /usr/lib/libthai.so.0.3.2
7f0cf0427000-7f0cf0428000 r--p 0000a000 103:02 9217579                   /usr/lib/libthai.so.0.3.2
7f0cf0428000-7f0cf0429000 rw-p 0000b000 103:02 9217579                   /usr/lib/libthai.so.0.3.2
7f0cf0429000-7f0cf042b000 r--p 00000000 103:02 9195178                   /usr/lib/libpsl.so.5.3.5
7f0cf042b000-7f0cf042d000 r-xp 00002000 103:02 9195178                   /usr/lib/libpsl.so.5.3.5
7f0cf042d000-7f0cf043b000 r--p 00004000 103:02 9195178                   /usr/lib/libpsl.so.5.3.5
7f0cf043b000-7f0cf043c000 r--p 00011000 103:02 9195178                   /usr/lib/libpsl.so.5.3.5
7f0cf043c000-7f0cf043d000 rw-p 00012000 103:02 9195178                   /usr/lib/libpsl.so.5.3.5
7f0cf043d000-7f0cf0440000 r--p 00000000 103:02 9226430                   /usr/lib/libmd.so.0.2.0
7f0cf0440000-7f0cf0450000 r-xp 00003000 103:02 9226430                   /usr/lib/libmd.so.0.2.0
7f0cf0450000-7f0cf0453000 r--p 00013000 103:02 9226430                   /usr/lib/libmd.so.0.2.0
7f0cf0453000-7f0cf0454000 r--p 00015000 103:02 9226430                   /usr/lib/libmd.so.0.2.0
7f0cf0454000-7f0cf0455000 rw-p 00016000 103:02 9226430                   /usr/lib/libmd.so.0.2.0
7f0cf0455000-7f0cf0459000 r--p 00000000 103:02 9222872                   /usr/lib/libpgm-5.3.so.0.0.128
7f0cf0459000-7f0cf0487000 r-xp 00004000 103:02 9222872                   /usr/lib/libpgm-5.3.so.0.0.128
7f0cf0487000-7f0cf04a1000 r--p 00032000 103:02 9222872                   /usr/lib/libpgm-5.3.so.0.0.128
7f0cf04a1000-7f0cf04a2000 r--p 0004b000 103:02 9222872                   /usr/lib/libpgm-5.3.so.0.0.128
7f0cf04a2000-7f0cf04a3000 rw-p 0004c000 103:02 9222872                   /usr/lib/libpgm-5.3.so.0.0.128
7f0cf04a3000-7f0cf04a7000 rw-p 00000000 00:00 0 
7f0cf04a7000-7f0cf04b2000 r--p 00000000 103:02 9241985                   /usr/lib/libgomp.so.1.0.0
7f0cf04b2000-7f0cf0502000 r-xp 0000b000 103:02 9241985                   /usr/lib/libgomp.so.1.0.0
7f0cf0502000-7f0cf0512000 r--p 0005b000 103:02 9241985                   /usr/lib/libgomp.so.1.0.0
7f0cf0512000-7f0cf0513000 r--p 0006b000 103:02 9241985                   /usr/lib/libgomp.so.1.0.0
7f0cf0513000-7f0cf0514000 rw-p 0006c000 103:02 9241985                   /usr/lib/libgomp.so.1.0.0
7f0cf0514000-7f0cf0515000 r--p 00000000 103:02 9182603                   /usr/lib/libbrotlienc.so.1.2.0
7f0cf0515000-7f0cf05ad000 r-xp 00001000 103:02 9182603                   /usr/lib/libbrotlienc.so.1.2.0
7f0cf05ad000-7f0cf05fe000 r--p 00099000 103:02 9182603                   /usr/lib/libbrotlienc.so.1.2.0
7f0cf05fe000-7f0cf05ff000 r--p 000e9000 103:02 9182603                   /usr/lib/libbrotlienc.so.1.2.0
7f0cf05ff000-7f0cf0600000 rw-p 000ea000 103:02 9182603                   /usr/lib/libbrotlienc.so.1.2.0
7f0cf0600000-7f0cf0619000 r--p 00000000 103:02 9226331                   /usr/lib/libfftw3.so.3.7.11
7f0cf0619000-7f0cf07cd000 r-xp 00019000 103:02 9226331                   /usr/lib/libfftw3.so.3.7.11
7f0cf07cd000-7f0cf07f4000 r--p 001cd000 103:02 9226331                   /usr/lib/libfftw3.so.3.7.11
7f0cf07f4000-7f0cf0805000 r--p 001f3000 103:02 9226331                   /usr/lib/libfftw3.so.3.7.11
7f0cf0805000-7f0cf0806000 rw-p 00204000 103:02 9226331                   /usr/lib/libfftw3.so.3.7.11
7f0cf0807000-7f0cf0808000 r--p 00000000 103:02 9731178                   /usr/lib/spa-0.2/support/libspa-journal.so
7f0cf0808000-7f0cf080a000 r-xp 00001000 103:02 9731178                   /usr/lib/spa-0.2/support/libspa-journal.so
7f0cf080a000-7f0cf080b000 r--p 00003000 103:02 9731178                   /usr/lib/spa-0.2/support/libspa-journal.so
7f0cf080b000-7f0cf080c000 r--p 00003000 103:02 9731178                   /usr/lib/spa-0.2/support/libspa-journal.so
7f0cf080c000-7f0cf080d000 rw-p 00004000 103:02 9731178                   /usr/lib/spa-0.2/support/libspa-journal.so
7f0cf080d000-7f0cf0810000 r--p 00000000 103:02 9261811                   /usr/lib/libngtcp2_crypto_ossl.so.0.3.1
7f0cf0810000-7f0cf0816000 r-xp 00003000 103:02 9261811                   /usr/lib/libngtcp2_crypto_ossl.so.0.3.1
7f0cf0816000-7f0cf0818000 r--p 00009000 103:02 9261811                   /usr/lib/libngtcp2_crypto_ossl.so.0.3.1
7f0cf0818000-7f0cf0819000 r--p 0000b000 103:02 9261811                   /usr/lib/libngtcp2_crypto_ossl.so.0.3.1
7f0cf0819000-7f0cf081a000 rw-p 0000c000 103:02 9261811                   /usr/lib/libngtcp2_crypto_ossl.so.0.3.1
7f0cf081a000-7f0cf081c000 r--p 00000000 103:02 9193561                   /usr/lib/libidn2.so.0.4.0
7f0cf081c000-7f0cf0821000 r-xp 00002000 103:02 9193561                   /usr/lib/libidn2.so.0.4.0
7f0cf0821000-7f0cf083b000 r--p 00007000 103:02 9193561                   /usr/lib/libidn2.so.0.4.0
7f0cf083b000-7f0cf083c000 r--p 00020000 103:02 9193561                   /usr/lib/libidn2.so.0.4.0
7f0cf083c000-7f0cf083d000 rw-p 00021000 103:02 9193561                   /usr/lib/libidn2.so.0.4.0
7f0cf083d000-7f0cf0841000 r--p 00000000 103:02 9226010                   /usr/lib/libmpg123.so.0.49.4
7f0cf0841000-7f0cf0891000 r-xp 00004000 103:02 9226010                   /usr/lib/libmpg123.so.0.49.4
7f0cf0891000-7f0cf08ac000 r--p 00054000 103:02 9226010                   /usr/lib/libmpg123.so.0.49.4
7f0cf08ac000-7f0cf08ad000 r--p 0006f000 103:02 9226010                   /usr/lib/libmpg123.so.0.49.4
7f0cf08ad000-7f0cf08ae000 rw-p 00070000 103:02 9226010                   /usr/lib/libmpg123.so.0.49.4
7f0cf08ae000-7f0cf08b3000 r--p 00000000 103:02 9217312                   /usr/lib/libpixman-1.so.0.46.4
7f0cf08b3000-7f0cf09e3000 r-xp 00005000 103:02 9217312                   /usr/lib/libpixman-1.so.0.46.4
7f0cf09e3000-7f0cf09f7000 r--p 00135000 103:02 9217312                   /usr/lib/libpixman-1.so.0.46.4
7f0cf09f7000-7f0cf09ff000 r--p 00148000 103:02 9217312                   /usr/lib/libpixman-1.so.0.46.4
7f0cf09ff000-7f0cf0a00000 rw-p 00150000 103:02 9217312                   /usr/lib/libpixman-1.so.0.46.4
7f0cf0a00000-7f0cf0a53000 r--p 00000000 103:02 9183155                   /usr/lib/libcrypto.so.3
7f0cf0a53000-7f0cf0edd000 r-xp 00053000 103:02 9183155                   /usr/lib/libcrypto.so.3
7f0cf0edd000-7f0cf1007000 r--p 004dd000 103:02 9183155                   /usr/lib/libcrypto.so.3
7f0cf1007000-7f0cf1086000 r--p 00606000 103:02 9183155                   /usr/lib/libcrypto.so.3
7f0cf1086000-7f0cf1089000 rw-p 00685000 103:02 9183155                   /usr/lib/libcrypto.so.3
7f0cf1089000-7f0cf108c000 rw-p 00000000 00:00 0 
7f0cf108c000-7f0cf108d000 r--p 00000000 103:02 9220202                   /usr/lib/libjxl_cms.so.0.12.0
7f0cf108d000-7f0cf10b7000 r-xp 00001000 103:02 9220202                   /usr/lib/libjxl_cms.so.0.12.0
7f0cf10b7000-7f0cf10bc000 r--p 0002b000 103:02 9220202                   /usr/lib/libjxl_cms.so.0.12.0
7f0cf10bc000-7f0cf10bd000 r--p 00030000 103:02 9220202                   /usr/lib/libjxl_cms.so.0.12.0
7f0cf10bd000-7f0cf10be000 rw-p 00031000 103:02 9220202                   /usr/lib/libjxl_cms.so.0.12.0
7f0cf10be000-7f0cf10cb000 r--p 00000000 103:02 9195421                   /usr/lib/libcurl.so.4.8.0
7f0cf10cb000-7f0cf11cb000 r-xp 0000d000 103:02 9195421                   /usr/lib/libcurl.so.4.8.0
7f0cf11cb000-7f0cf11f7000 r--p 0010d000 103:02 9195421                   /usr/lib/libcurl.so.4.8.0
7f0cf11f7000-7f0cf11fe000 r--p 00139000 103:02 9195421                   /usr/lib/libcurl.so.4.8.0
7f0cf11fe000-7f0cf11ff000 rw-p 00140000 103:02 9195421                   /usr/lib/libcurl.so.4.8.0
7f0cf11ff000-7f0cf1200000 rw-p 00000000 00:00 0 
7f0cf1200000-7f0cf1225000 r--p 00000000 103:02 9193879                   /usr/lib/libgnutls.so.30.42.0
7f0cf1225000-7f0cf13c4000 r-xp 00025000 103:02 9193879                   /usr/lib/libgnutls.so.30.42.0
7f0cf13c4000-7f0cf144d000 r--p 001c4000 103:02 9193879                   /usr/lib/libgnutls.so.30.42.0
7f0cf144d000-7f0cf145f000 r--p 0024c000 103:02 9193879                   /usr/lib/libgnutls.so.30.42.0
7f0cf145f000-7f0cf1461000 rw-p 0025e000 103:02 9193879                   /usr/lib/libgnutls.so.30.42.0
7f0cf1461000-7f0cf1465000 rw-p 00000000 00:00 0 
7f0cf1468000-7f0cf146d000 rw-s 16fcad000 00:07 525                       /dev/dri/renderD128
7f0cf146d000-7f0cf146f000 r--p 00000000 103:02 9193291                   /usr/lib/libtasn1.so.6.6.5
7f0cf146f000-7f0cf1481000 r-xp 00002000 103:02 9193291                   /usr/lib/libtasn1.so.6.6.5
7f0cf1481000-7f0cf1484000 r--p 00014000 103:02 9193291                   /usr/lib/libtasn1.so.6.6.5
7f0cf1484000-7f0cf1485000 r--p 00017000 103:02 9193291                   /usr/lib/libtasn1.so.6.6.5
7f0cf1485000-7f0cf1486000 rw-p 00018000 103:02 9193291                   /usr/lib/libtasn1.so.6.6.5
7f0cf1486000-7f0cf1488000 r--p 00000000 103:02 9226102                   /usr/lib/libvorbisfile.so.3.3.8
7f0cf1488000-7f0cf148e000 r-xp 00002000 103:02 9226102                   /usr/lib/libvorbisfile.so.3.3.8
7f0cf148e000-7f0cf148f000 r--p 00008000 103:02 9226102                   /usr/lib/libvorbisfile.so.3.3.8
7f0cf148f000-7f0cf1490000 r--p 00009000 103:02 9226102                   /usr/lib/libvorbisfile.so.3.3.8
7f0cf1490000-7f0cf1491000 rw-p 0000a000 103:02 9226102                   /usr/lib/libvorbisfile.so.3.3.8
7f0cf1491000-7f0cf1492000 r--p 00000000 103:02 9225987                   /usr/lib/libsamplerate.so.0.2.2
7f0cf1492000-7f0cf1498000 r-xp 00001000 103:02 9225987                   /usr/lib/libsamplerate.so.0.2.2
7f0cf1498000-7f0cf15fe000 r--p 00007000 103:02 9225987                   /usr/lib/libsamplerate.so.0.2.2
7f0cf15fe000-7f0cf15ff000 r--p 0016d000 103:02 9225987                   /usr/lib/libsamplerate.so.0.2.2
7f0cf15ff000-7f0cf1600000 rw-p 0016e000 103:02 9225987                   /usr/lib/libsamplerate.so.0.2.2
7f0cf1600000-7f0cf160c000 r--p 00000000 103:02 9226225                   /usr/lib/libopenmpt.so.0.5.5
7f0cf160c000-7f0cf17d2000 r-xp 0000c000 103:02 9226225                   /usr/lib/libopenmpt.so.0.5.5
7f0cf17d2000-7f0cf1820000 r--p 001d2000 103:02 9226225                   /usr/lib/libopenmpt.so.0.5.5
7f0cf1820000-7f0cf1825000 r--p 00220000 103:02 9226225                   /usr/lib/libopenmpt.so.0.5.5
7f0cf1825000-7f0cf1826000 rw-p 00225000 103:02 9226225                   /usr/lib/libopenmpt.so.0.5.5
7f0cf1826000-7f0cf1880000 rw-p 00000000 00:00 0 
7f0cf1880000-7f0cf1884000 rw-s 10d454000 00:07 525                       /dev/dri/renderD128
7f0cf1884000-7f0cf1885000 r--p 00000000 103:02 9220058                   /usr/lib/libsharpyuv.so.0.1.2
7f0cf1885000-7f0cf188d000 r-xp 00001000 103:02 9220058                   /usr/lib/libsharpyuv.so.0.1.2
7f0cf188d000-7f0cf188e000 r--p 00009000 103:02 9220058                   /usr/lib/libsharpyuv.so.0.1.2
7f0cf188e000-7f0cf188f000 r--p 00009000 103:02 9220058                   /usr/lib/libsharpyuv.so.0.1.2
7f0cf188f000-7f0cf1890000 rw-p 0000a000 103:02 9220058                   /usr/lib/libsharpyuv.so.0.1.2
7f0cf1890000-7f0cf1891000 rw-p 00000000 00:00 0 
7f0cf1891000-7f0cf1893000 r--p 00000000 103:02 9220181                   /usr/lib/libhwy.so.1.4.0
7f0cf1893000-7f0cf189c000 r-xp 00002000 103:02 9220181                   /usr/lib/libhwy.so.1.4.0
7f0cf189c000-7f0cf189f000 r--p 0000b000 103:02 9220181                   /usr/lib/libhwy.so.1.4.0
7f0cf189f000-7f0cf18a0000 r--p 0000d000 103:02 9220181                   /usr/lib/libhwy.so.1.4.0
7f0cf18a0000-7f0cf18a1000 rw-p 0000e000 103:02 9220181                   /usr/lib/libhwy.so.1.4.0
7f0cf18a1000-7f0cf18a7000 r--p 00000000 103:02 9214045                   /usr/lib/libxcb-render.so.0.0.0
7f0cf18a7000-7f0cf18ad000 r-xp 00006000 103:02 9214045                   /usr/lib/libxcb-render.so.0.0.0
7f0cf18ad000-7f0cf18af000 r--p 0000c000 103:02 9214045                   /usr/lib/libxcb-render.so.0.0.0
7f0cf18af000-7f0cf18b0000 r--p 0000e000 103:02 9214045                   /usr/lib/libxcb-render.so.0.0.0
7f0cf18b0000-7f0cf18b1000 rw-p 0000f000 103:02 9214045                   /usr/lib/libxcb-render.so.0.0.0
7f0cf18b1000-7f0cf18bf000 r--p 00000000 103:02 9217676                   /usr/lib/libpango-1.0.so.0.5800.1
7f0cf18bf000-7f0cf190d000 r-xp 0000e000 103:02 9217676                   /usr/lib/libpango-1.0.so.0.5800.1
7f0cf190d000-7f0cf1928000 r--p 0005c000 103:02 9217676                   /usr/lib/libpango-1.0.so.0.5800.1
7f0cf1928000-7f0cf192c000 r--p 00077000 103:02 9217676                   /usr/lib/libpango-1.0.so.0.5800.1
7f0cf192c000-7f0cf192d000 rw-p 0007b000 103:02 9217676                   /usr/lib/libpango-1.0.so.0.5800.1
7f0cf192d000-7f0cf1941000 r--p 00000000 103:02 9709415                   /usr/lib/pulseaudio/libpulsecommon-17.0.so
7f0cf1941000-7f0cf1990000 r-xp 00014000 103:02 9709415                   /usr/lib/pulseaudio/libpulsecommon-17.0.so
7f0cf1990000-7f0cf19b6000 r--p 00063000 103:02 9709415                   /usr/lib/pulseaudio/libpulsecommon-17.0.so
7f0cf19b6000-7f0cf19b8000 r--p 00089000 103:02 9709415                   /usr/lib/pulseaudio/libpulsecommon-17.0.so
7f0cf19b8000-7f0cf19b9000 rw-p 0008b000 103:02 9709415                   /usr/lib/pulseaudio/libpulsecommon-17.0.so
7f0cf19b9000-7f0cf19d4000 r--p 00000000 103:02 9226238                   /usr/lib/libdovi.so.3.4.0
7f0cf19d4000-7f0cf1a53000 r-xp 0001a000 103:02 9226238                   /usr/lib/libdovi.so.3.4.0
7f0cf1a53000-7f0cf1a5b000 r--p 00098000 103:02 9226238                   /usr/lib/libdovi.so.3.4.0
7f0cf1a5b000-7f0cf1a5d000 rw-p 0009f000 103:02 9226238                   /usr/lib/libdovi.so.3.4.0
7f0cf1a5d000-7f0cf1a63000 r--p 00000000 103:02 9226162                   /usr/lib/libmodplug.so.1.0.0
7f0cf1a63000-7f0cf1ab2000 r-xp 00006000 103:02 9226162                   /usr/lib/libmodplug.so.1.0.0
7f0cf1ab2000-7f0cf1ac1000 r--p 00055000 103:02 9226162                   /usr/lib/libmodplug.so.1.0.0
7f0cf1ac1000-7f0cf1ac2000 r--p 00064000 103:02 9226162                   /usr/lib/libmodplug.so.1.0.0
7f0cf1ac2000-7f0cf1ac3000 rw-p 00065000 103:02 9226162                   /usr/lib/libmodplug.so.1.0.0
7f0cf1ac3000-7f0cf1c00000 rw-p 00000000 00:00 0 
7f0cf1c00000-7f0cf1c09000 r--p 00000000 103:02 9265574                   /usr/lib/libglslang.so.16.4.0
7f0cf1c09000-7f0cf1f23000 r-xp 00009000 103:02 9265574                   /usr/lib/libglslang.so.16.4.0
7f0cf1f23000-7f0cf1fd8000 r--p 00323000 103:02 9265574                   /usr/lib/libglslang.so.16.4.0
7f0cf1fd8000-7f0cf1fe7000 r--p 003d7000 103:02 9265574                   /usr/lib/libglslang.so.16.4.0
7f0cf1fe7000-7f0cf1fe9000 rw-p 003e6000 103:02 9265574                   /usr/lib/libglslang.so.16.4.0
7f0cf1fe9000-7f0cf26fd000 rw-p 00000000 00:00 0 
7f0cf26fd000-7f0cf26ff000 r--p 00000000 103:02 9217573                   /usr/lib/libdatrie.so.1.4.1
7f0cf26ff000-7f0cf2703000 r-xp 00002000 103:02 9217573                   /usr/lib/libdatrie.so.1.4.1
7f0cf2703000-7f0cf2704000 r--p 00006000 103:02 9217573                   /usr/lib/libdatrie.so.1.4.1
7f0cf2704000-7f0cf2705000 r--p 00006000 103:02 9217573                   /usr/lib/libdatrie.so.1.4.1
7f0cf2705000-7f0cf2706000 rw-p 00007000 103:02 9217573                   /usr/lib/libdatrie.so.1.4.1
7f0cf2706000-7f0cf2708000 r--p 00000000 103:02 9217542                   /usr/lib/libgraphite2.so.3.3.1
7f0cf2708000-7f0cf2721000 r-xp 00002000 103:02 9217542                   /usr/lib/libgraphite2.so.3.3.1
7f0cf2721000-7f0cf2726000 r--p 0001b000 103:02 9217542                   /usr/lib/libgraphite2.so.3.3.1
7f0cf2726000-7f0cf2728000 r--p 0001f000 103:02 9217542                   /usr/lib/libgraphite2.so.3.3.1
7f0cf2728000-7f0cf2729000 rw-p 00021000 103:02 9217542                   /usr/lib/libgraphite2.so.3.3.1
7f0cf2729000-7f0cf2730000 r--p 00000000 103:02 9220327                   /usr/lib/libgdk_pixbuf-2.0.so.0.4400.7
7f0cf2730000-7f0cf2766000 r-xp 00007000 103:02 9220327                   /usr/lib/libgdk_pixbuf-2.0.so.0.4400.7
7f0cf2766000-7f0cf2774000 r--p 0003d000 103:02 9220327                   /usr/lib/libgdk_pixbuf-2.0.so.0.4400.7
7f0cf2774000-7f0cf2776000 r--p 0004b000 103:02 9220327                   /usr/lib/libgdk_pixbuf-2.0.so.0.4400.7
7f0cf2776000-7f0cf2777000 rw-p 0004d000 103:02 9220327                   /usr/lib/libgdk_pixbuf-2.0.so.0.4400.7
7f0cf2777000-7f0cf2792000 r--p 00000000 103:02 9226820                   /usr/lib/libsrt.so.1.5.6
7f0cf2792000-7f0cf2837000 r-xp 0001b000 103:02 9226820                   /usr/lib/libsrt.so.1.5.6
7f0cf2837000-7f0cf2859000 r--p 000c0000 103:02 9226820                   /usr/lib/libsrt.so.1.5.6
7f0cf2859000-7f0cf285c000 r--p 000e1000 103:02 9226820                   /usr/lib/libsrt.so.1.5.6
7f0cf285c000-7f0cf285d000 rw-p 000e4000 103:02 9226820                   /usr/lib/libsrt.so.1.5.6
7f0cf285d000-7f0cf2862000 rw-p 00000000 00:00 0 
7f0cf2862000-7f0cf286c000 r--p 00000000 103:02 9219606                   /usr/lib/libvmaf.so.3.2.0
7f0cf286c000-7f0cf2912000 r-xp 0000a000 103:02 9219606                   /usr/lib/libvmaf.so.3.2.0
7f0cf2912000-7f0cf2926000 r--p 000b0000 103:02 9219606                   /usr/lib/libvmaf.so.3.2.0
7f0cf2926000-7f0cf2929000 r--p 000c3000 103:02 9219606                   /usr/lib/libvmaf.so.3.2.0
7f0cf2929000-7f0cf29c0000 rw-p 000c6000 103:02 9219606                   /usr/lib/libvmaf.so.3.2.0
7f0cf29c0000-7f0cf2a00000 rw-p 00000000 00:00 0 
7f0cf2a00000-7f0cf2a5e000 r--p 00000000 103:02 9226945                   /usr/lib/libx265.so.216
7f0cf2a5e000-7f0cf3d2c000 r-xp 0005e000 103:02 9226945                   /usr/lib/libx265.so.216
7f0cf3d2c000-7f0cf3db3000 r--p 0132c000 103:02 9226945                   /usr/lib/libx265.so.216
7f0cf3db3000-7f0cf3dc7000 r--p 013b3000 103:02 9226945                   /usr/lib/libx265.so.216
7f0cf3dc7000-7f0cf3dca000 rw-p 013c7000 103:02 9226945                   /usr/lib/libx265.so.216
7f0cf3dca000-7f0cf3ddc000 rw-p 00000000 00:00 0 
7f0cf3dde000-7f0cf3de0000 r--p 00000000 103:02 9182497                   /usr/lib/libkeyutils.so.1.10
7f0cf3de0000-7f0cf3de2000 r-xp 00002000 103:02 9182497                   /usr/lib/libkeyutils.so.1.10
7f0cf3de2000-7f0cf3de3000 r--p 00004000 103:02 9182497                   /usr/lib/libkeyutils.so.1.10
7f0cf3de3000-7f0cf3de4000 r--p 00004000 103:02 9182497                   /usr/lib/libkeyutils.so.1.10
7f0cf3de4000-7f0cf3de5000 rw-p 00005000 103:02 9182497                   /usr/lib/libkeyutils.so.1.10
7f0cf3de5000-7f0cf3de9000 r--p 00000000 103:02 9226511                   /usr/lib/libbsd.so.0.12.2
7f0cf3de9000-7f0cf3df9000 r-xp 00004000 103:02 9226511                   /usr/lib/libbsd.so.0.12.2
7f0cf3df9000-7f0cf3dfd000 r--p 00014000 103:02 9226511                   /usr/lib/libbsd.so.0.12.2
7f0cf3dfd000-7f0cf3dfe000 r--p 00017000 103:02 9226511                   /usr/lib/libbsd.so.0.12.2
7f0cf3dfe000-7f0cf3dff000 rw-p 00018000 103:02 9226511                   /usr/lib/libbsd.so.0.12.2
7f0cf3dff000-7f0cf3e00000 rw-p 00000000 00:00 0 
7f0cf3e00000-7f0cf3e03000 r--p 00000000 103:02 9226935                   /usr/lib/libx264.so.165
7f0cf3e03000-7f0cf3ff4000 r-xp 00003000 103:02 9226935                   /usr/lib/libx264.so.165
7f0cf3ff4000-7f0cf402d000 r--p 001f4000 103:02 9226935                   /usr/lib/libx264.so.165
7f0cf402d000-7f0cf402f000 r--p 0022c000 103:02 9226935                   /usr/lib/libx264.so.165
7f0cf402f000-7f0cf4030000 rw-p 0022e000 103:02 9226935                   /usr/lib/libx264.so.165
7f0cf4030000-7f0cf4129000 rw-p 00000000 00:00 0 
7f0cf412a000-7f0cf412c000 r--p 00000000 103:02 9226167                   /usr/lib/libasyncns.so.0.3.1
7f0cf412c000-7f0cf412f000 r-xp 00002000 103:02 9226167                   /usr/lib/libasyncns.so.0.3.1
7f0cf412f000-7f0cf4130000 r--p 00005000 103:02 9226167                   /usr/lib/libasyncns.so.0.3.1
7f0cf4130000-7f0cf4131000 r--p 00005000 103:02 9226167                   /usr/lib/libasyncns.so.0.3.1
7f0cf4131000-7f0cf4132000 rw-p 00006000 103:02 9226167                   /usr/lib/libasyncns.so.0.3.1
7f0cf4132000-7f0cf4134000 r--p 00000000 103:02 9182962                   /usr/lib/liblz4.so.1.10.0
7f0cf4134000-7f0cf4157000 r-xp 00002000 103:02 9182962                   /usr/lib/liblz4.so.1.10.0
7f0cf4157000-7f0cf415a000 r--p 00025000 103:02 9182962                   /usr/lib/liblz4.so.1.10.0
7f0cf415a000-7f0cf415b000 r--p 00027000 103:02 9182962                   /usr/lib/liblz4.so.1.10.0
7f0cf415b000-7f0cf415c000 rw-p 00028000 103:02 9182962                   /usr/lib/liblz4.so.1.10.0
7f0cf415c000-7f0cf416a000 r--p 00000000 103:02 9226254                   /usr/lib/libssh.so.4.12.0
7f0cf416a000-7f0cf41db000 r-xp 0000e000 103:02 9226254                   /usr/lib/libssh.so.4.12.0
7f0cf41db000-7f0cf41fc000 r--p 0007f000 103:02 9226254                   /usr/lib/libssh.so.4.12.0
7f0cf41fc000-7f0cf41fe000 r--p 000a0000 103:02 9226254                   /usr/lib/libssh.so.4.12.0
7f0cf41fe000-7f0cf4200000 rw-p 000a2000 103:02 9226254                   /usr/lib/libssh.so.4.12.0
7f0cf4200000-7f0cf4204000 r--p 00000000 103:02 9226826                   /usr/lib/libSvtAv1Enc.so.4.1.0
7f0cf4204000-7f0cf47ec000 r-xp 00004000 103:02 9226826                   /usr/lib/libSvtAv1Enc.so.4.1.0
7f0cf47ec000-7f0cf48a5000 r--p 005ec000 103:02 9226826                   /usr/lib/libSvtAv1Enc.so.4.1.0
7f0cf48a5000-7f0cf48a8000 r--p 006a5000 103:02 9226826                   /usr/lib/libSvtAv1Enc.so.4.1.0
7f0cf48a8000-7f0cf48aa000 rw-p 006a8000 103:02 9226826                   /usr/lib/libSvtAv1Enc.so.4.1.0
7f0cf48aa000-7f0cf48e6000 rw-p 00000000 00:00 0 
7f0cf48e7000-7f0cf48ec000 r--p 00000000 103:02 9217682                   /usr/lib/libpangocairo-1.0.so.0.5800.1
7f0cf48ec000-7f0cf48f5000 r-xp 00005000 103:02 9217682                   /usr/lib/libpangocairo-1.0.so.0.5800.1
7f0cf48f5000-7f0cf48f8000 r--p 0000e000 103:02 9217682                   /usr/lib/libpangocairo-1.0.so.0.5800.1
7f0cf48f8000-7f0cf48f9000 r--p 00010000 103:02 9217682                   /usr/lib/libpangocairo-1.0.so.0.5800.1
7f0cf48f9000-7f0cf48fa000 rw-p 00011000 103:02 9217682                   /usr/lib/libpangocairo-1.0.so.0.5800.1
7f0cf48fa000-7f0cf48fc000 r--p 00000000 103:02 9226865                   /usr/lib/libv4l2.so.0.0.0
7f0cf48fc000-7f0cf4904000 r-xp 00002000 103:02 9226865                   /usr/lib/libv4l2.so.0.0.0
7f0cf4904000-7f0cf4906000 r--p 0000a000 103:02 9226865                   /usr/lib/libv4l2.so.0.0.0
7f0cf4906000-7f0cf4907000 r--p 0000b000 103:02 9226865                   /usr/lib/libv4l2.so.0.0.0
7f0cf4907000-7f0cf490b000 rw-p 0000c000 103:02 9226865                   /usr/lib/libv4l2.so.0.0.0
7f0cf490b000-7f0cf494d000 r--p 00000000 103:02 9222886                   /usr/lib/libzmq.so.5.2.5
7f0cf494d000-7f0cf49d3000 r-xp 00042000 103:02 9222886                   /usr/lib/libzmq.so.5.2.5
7f0cf49d3000-7f0cf49f5000 r--p 000c8000 103:02 9222886                   /usr/lib/libzmq.so.5.2.5
7f0cf49f5000-7f0cf49ff000 r--p 000ea000 103:02 9222886                   /usr/lib/libzmq.so.5.2.5
7f0cf49ff000-7f0cf4a00000 rw-p 000f4000 103:02 9222886                   /usr/lib/libzmq.so.5.2.5
7f0cf4a00000-7f0cf4a70000 r--p 00000000 103:02 9226318                   /usr/lib/librav1e.so.0.8.1
7f0cf4a70000-7f0cf4cf5000 r-xp 0006f000 103:02 9226318                   /usr/lib/librav1e.so.0.8.1
7f0cf4cf5000-7f0cf4d18000 r--p 002f3000 103:02 9226318                   /usr/lib/librav1e.so.0.8.1
7f0cf4d18000-7f0cf4d1a000 rw-p 00315000 103:02 9226318                   /usr/lib/librav1e.so.0.8.1
7f0cf4d1d000-7f0cf4d1f000 r--p 00000000 103:02 9226077                   /usr/lib/libogg.so.0.8.6
7f0cf4d1f000-7f0cf4d23000 r-xp 00002000 103:02 9226077                   /usr/lib/libogg.so.0.8.6
7f0cf4d23000-7f0cf4d26000 r--p 00006000 103:02 9226077                   /usr/lib/libogg.so.0.8.6
7f0cf4d26000-7f0cf4d27000 r--p 00009000 103:02 9226077                   /usr/lib/libogg.so.0.8.6
7f0cf4d27000-7f0cf4d28000 rw-p 0000a000 103:02 9226077                   /usr/lib/libogg.so.0.8.6
7f0cf4d28000-7f0cf4d2b000 r--p 00000000 103:02 9226156                   /usr/lib/libiec61883.so.0.1.1
7f0cf4d2b000-7f0cf4d32000 r-xp 00003000 103:02 9226156                   /usr/lib/libiec61883.so.0.1.1
7f0cf4d32000-7f0cf4d36000 r--p 0000a000 103:02 9226156                   /usr/lib/libiec61883.so.0.1.1
7f0cf4d36000-7f0cf4d37000 r--p 0000d000 103:02 9226156                   /usr/lib/libiec61883.so.0.1.1
7f0cf4d37000-7f0cf4d38000 rw-p 0000e000 103:02 9226156                   /usr/lib/libiec61883.so.0.1.1
7f0cf4d38000-7f0cf4d49000 r--p 00000000 103:02 9182245                   /usr/lib/libgmp.so.10.5.0
7f0cf4d49000-7f0cf4de6000 r-xp 00011000 103:02 9182245                   /usr/lib/libgmp.so.10.5.0
7f0cf4de6000-7f0cf4dfd000 r--p 000ae000 103:02 9182245                   /usr/lib/libgmp.so.10.5.0
7f0cf4dfd000-7f0cf4dff000 r--p 000c4000 103:02 9182245                   /usr/lib/libgmp.so.10.5.0
7f0cf4dff000-7f0cf4e00000 rw-p 000c6000 103:02 9182245                   /usr/lib/libgmp.so.10.5.0
7f0cf4e00000-7f0cf4e03000 r--p 00000000 103:02 9226109                   /usr/lib/libopus.so.0.11.1
7f0cf4e03000-7f0cf4ebb000 r-xp 00003000 103:02 9226109                   /usr/lib/libopus.so.0.11.1
7f0cf4ebb000-7f0cf5238000 r--p 000bb000 103:02 9226109                   /usr/lib/libopus.so.0.11.1
7f0cf5238000-7f0cf523c000 r--p 00437000 103:02 9226109                   /usr/lib/libopus.so.0.11.1
7f0cf523c000-7f0cf523d000 rw-p 0043b000 103:02 9226109                   /usr/lib/libopus.so.0.11.1
7f0cf523d000-7f0cf5241000 rw-s 17e8c2000 00:07 525                       /dev/dri/renderD128
7f0cf5241000-7f0cf5243000 r--p 00000000 103:02 9226250                   /usr/lib/libsoxr.so.0.1.2
7f0cf5243000-7f0cf5283000 r-xp 00002000 103:02 9226250                   /usr/lib/libsoxr.so.0.1.2
7f0cf5283000-7f0cf5289000 r--p 00042000 103:02 9226250                   /usr/lib/libsoxr.so.0.1.2
7f0cf5289000-7f0cf528b000 r--p 00047000 103:02 9226250                   /usr/lib/libsoxr.so.0.1.2
7f0cf528b000-7f0cf528c000 rw-p 00049000 103:02 9226250                   /usr/lib/libsoxr.so.0.1.2
7f0cf528c000-7f0cf52c1000 rw-p 00000000 00:00 0 
7f0cf52c1000-7f0cf52c2000 r--p 00000000 103:02 9264717                   /usr/lib/libxvidcore.so.4.3
7f0cf52c2000-7f0cf537b000 r-xp 00001000 103:02 9264717                   /usr/lib/libxvidcore.so.4.3
7f0cf537b000-7f0cf538c000 r--p 000ba000 103:02 9264717                   /usr/lib/libxvidcore.so.4.3
7f0cf538c000-7f0cf538d000 r--p 000ca000 103:02 9264717                   /usr/lib/libxvidcore.so.4.3
7f0cf538d000-7f0cf5397000 rw-p 000cb000 103:02 9264717                   /usr/lib/libxvidcore.so.4.3
7f0cf5397000-7f0cf5400000 rw-p 00000000 00:00 0 
7f0cf5400000-7f0cf5404000 r--p 00000000 103:02 9220197                   /usr/lib/libjxl.so.0.12.0
7f0cf5404000-7f0cf58f5000 r-xp 00004000 103:02 9220197                   /usr/lib/libjxl.so.0.12.0
7f0cf58f5000-7f0cf5959000 r--p 004f5000 103:02 9220197                   /usr/lib/libjxl.so.0.12.0
7f0cf5959000-7f0cf5961000 r--p 00558000 103:02 9220197                   /usr/lib/libjxl.so.0.12.0
7f0cf5961000-7f0cf5962000 rw-p 00560000 103:02 9220197                   /usr/lib/libjxl.so.0.12.0
7f0cf5962000-7f0cf59e0000 rw-p 00000000 00:00 0 
7f0cf59e1000-7f0cf59e6000 r--p 00000000 103:02 9226233                   /usr/lib/libshaderc_shared.so.1
7f0cf59e6000-7f0cf59fa000 r-xp 00005000 103:02 9226233                   /usr/lib/libshaderc_shared.so.1
7f0cf59fa000-7f0cf59fe000 r--p 00019000 103:02 9226233                   /usr/lib/libshaderc_shared.so.1
7f0cf59fe000-7f0cf59ff000 r--p 0001c000 103:02 9226233                   /usr/lib/libshaderc_shared.so.1
7f0cf59ff000-7f0cf5a00000 rw-p 0001d000 103:02 9226233                   /usr/lib/libshaderc_shared.so.1
7f0cf5a00000-7f0cf5a03000 r--p 00000000 103:02 9227010                   /usr/lib/libaom.so.3.14.1
7f0cf5a03000-7f0cf610e000 r-xp 00003000 103:02 9227010                   /usr/lib/libaom.so.3.14.1
7f0cf610e000-7f0cf61ee000 r--p 0070e000 103:02 9227010                   /usr/lib/libaom.so.3.14.1
7f0cf61ee000-7f0cf61ff000 r--p 007ee000 103:02 9227010                   /usr/lib/libaom.so.3.14.1
7f0cf61ff000-7f0cf6201000 rw-p 007ff000 103:02 9227010                   /usr/lib/libaom.so.3.14.1
7f0cf6201000-7f0cf6258000 rw-p 00000000 00:00 0 
7f0cf6258000-7f0cf625d000 rw-s 104785000 00:07 525                       /dev/dri/renderD128
7f0cf625d000-7f0cf625f000 r--p 00000000 103:02 9218012                   /usr/lib/libunwind.so.8.2.0
7f0cf625f000-7f0cf626c000 r-xp 00002000 103:02 9218012                   /usr/lib/libunwind.so.8.2.0
7f0cf626c000-7f0cf626e000 r--p 0000f000 103:02 9218012                   /usr/lib/libunwind.so.8.2.0
7f0cf626e000-7f0cf626f000 r--p 00011000 103:02 9218012                   /usr/lib/libunwind.so.8.2.0
7f0cf626f000-7f0cf6270000 rw-p 00012000 103:02 9218012                   /usr/lib/libunwind.so.8.2.0
7f0cf6270000-7f0cf627a000 rw-p 00000000 00:00 0 
7f0cf627a000-7f0cf627d000 r--p 00000000 103:02 9226147                   /usr/lib/libdvdread.so.8.2.0
7f0cf627d000-7f0cf629d000 r-xp 00003000 103:02 9226147                   /usr/lib/libdvdread.so.8.2.0
7f0cf629d000-7f0cf62a7000 r--p 00023000 103:02 9226147                   /usr/lib/libdvdread.so.8.2.0
7f0cf62a7000-7f0cf62a8000 r--p 0002c000 103:02 9226147                   /usr/lib/libdvdread.so.8.2.0
7f0cf62a8000-7f0cf62a9000 rw-p 0002d000 103:02 9226147                   /usr/lib/libdvdread.so.8.2.0
7f0cf62a9000-7f0cf62ad000 r--p 00000000 103:02 9226291                   /usr/lib/libvpl.so.2.17
7f0cf62ad000-7f0cf6306000 r-xp 00004000 103:02 9226291                   /usr/lib/libvpl.so.2.17
7f0cf6306000-7f0cf6319000 r--p 0005d000 103:02 9226291                   /usr/lib/libvpl.so.2.17
7f0cf6319000-7f0cf631b000 r--p 0006f000 103:02 9226291                   /usr/lib/libvpl.so.2.17
7f0cf631b000-7f0cf631c000 rw-p 00071000 103:02 9226291                   /usr/lib/libvpl.so.2.17
7f0cf631c000-7f0cf631f000 r--p 00000000 103:02 9220061                   /usr/lib/libwebp.so.7.2.0
7f0cf631f000-7f0cf63eb000 r-xp 00003000 103:02 9220061                   /usr/lib/libwebp.so.7.2.0
7f0cf63eb000-7f0cf63fd000 r--p 000cf000 103:02 9220061                   /usr/lib/libwebp.so.7.2.0
7f0cf63fd000-7f0cf63fe000 r--p 000e0000 103:02 9220061                   /usr/lib/libwebp.so.7.2.0
7f0cf63fe000-7f0cf63ff000 rw-p 000e1000 103:02 9220061                   /usr/lib/libwebp.so.7.2.0
7f0cf63ff000-7f0cf6400000 rw-p 00000000 00:00 0 
7f0cf6400000-7f0cf6409000 r--p 00000000 103:02 9220224                   /usr/lib/librsvg-2.so.2.62.3
7f0cf6409000-7f0cf6713000 r-xp 00009000 103:02 9220224                   /usr/lib/librsvg-2.so.2.62.3
7f0cf6713000-7f0cf682f000 r--p 00313000 103:02 9220224                   /usr/lib/librsvg-2.so.2.62.3
7f0cf682f000-7f0cf68a0000 r--p 0042f000 103:02 9220224                   /usr/lib/librsvg-2.so.2.62.3
7f0cf68a0000-7f0cf68a1000 rw-p 004a0000 103:02 9220224                   /usr/lib/librsvg-2.so.2.62.3
7f0cf68a1000-7f0cf68a5000 rw-s 10f324000 00:07 525                       /dev/dri/renderD128
7f0cf68a5000-7f0cf68a6000 r--p 00000000 103:02 9226063                   /usr/lib/librom1394.so.0.3.0
7f0cf68a6000-7f0cf68a9000 r-xp 00001000 103:02 9226063                   /usr/lib/librom1394.so.0.3.0
7f0cf68a9000-7f0cf68aa000 r--p 00004000 103:02 9226063                   /usr/lib/librom1394.so.0.3.0
7f0cf68aa000-7f0cf68ab000 r--p 00004000 103:02 9226063                   /usr/lib/librom1394.so.0.3.0
7f0cf68ab000-7f0cf68ac000 rw-p 00005000 103:02 9226063                   /usr/lib/librom1394.so.0.3.0
7f0cf68ac000-7f0cf68af000 r--p 00000000 103:02 9226284                   /usr/lib/libOpenCL.so.1.0.0
7f0cf68af000-7f0cf68d4000 r-xp 00003000 103:02 9226284                   /usr/lib/libOpenCL.so.1.0.0
7f0cf68d4000-7f0cf68e3000 r--p 00028000 103:02 9226284                   /usr/lib/libOpenCL.so.1.0.0
7f0cf68e3000-7f0cf68e5000 r--p 00036000 103:02 9226284                   /usr/lib/libOpenCL.so.1.0.0
7f0cf68e5000-7f0cf68e6000 rw-p 00038000 103:02 9226284                   /usr/lib/libOpenCL.so.1.0.0
7f0cf68e6000-7f0cf68eb000 r--p 00000000 103:02 9226922                   /usr/lib/libvidstab.so.1.2
7f0cf68eb000-7f0cf68f9000 r-xp 00005000 103:02 9226922                   /usr/lib/libvidstab.so.1.2
7f0cf68f9000-7f0cf68fd000 r--p 00013000 103:02 9226922                   /usr/lib/libvidstab.so.1.2
7f0cf68fd000-7f0cf68fe000 r--p 00016000 103:02 9226922                   /usr/lib/libvidstab.so.1.2
7f0cf68fe000-7f0cf68ff000 rw-p 00017000 103:02 9226922                   /usr/lib/libvidstab.so.1.2
7f0cf68ff000-7f0cf6900000 r--p 00000000 103:02 9226099                   /usr/lib/libvorbisenc.so.2.0.12
7f0cf6900000-7f0cf6905000 r-xp 00001000 103:02 9226099                   /usr/lib/libvorbisenc.so.2.0.12
7f0cf6905000-7f0cf697c000 r--p 00006000 103:02 9226099                   /usr/lib/libvorbisenc.so.2.0.12
7f0cf697c000-7f0cf6998000 r--p 0007c000 103:02 9226099                   /usr/lib/libvorbisenc.so.2.0.12
7f0cf6998000-7f0cf6999000 rw-p 00098000 103:02 9226099                   /usr/lib/libvorbisenc.so.2.0.12
7f0cf6999000-7f0cf699d000 r--p 00000000 103:02 9226096                   /usr/lib/libvorbis.so.0.4.9
7f0cf699d000-7f0cf69ce000 r-xp 00004000 103:02 9226096                   /usr/lib/libvorbis.so.0.4.9
7f0cf69ce000-7f0cf69e0000 r--p 00035000 103:02 9226096                   /usr/lib/libvorbis.so.0.4.9
7f0cf69e0000-7f0cf69e1000 r--p 00046000 103:02 9226096                   /usr/lib/libvorbis.so.0.4.9
7f0cf69e1000-7f0cf69e2000 rw-p 00047000 103:02 9226096                   /usr/lib/libvorbis.so.0.4.9
7f0cf69e2000-7f0cf69e4000 r--p 00000000 103:02 9226261                   /usr/lib/libtheoradec.so.2.1.1
7f0cf69e4000-7f0cf69fc000 r-xp 00002000 103:02 9226261                   /usr/lib/libtheoradec.so.2.1.1
7f0cf69fc000-7f0cf69fe000 r--p 0001a000 103:02 9226261                   /usr/lib/libtheoradec.so.2.1.1
7f0cf69fe000-7f0cf69ff000 r--p 0001b000 103:02 9226261                   /usr/lib/libtheoradec.so.2.1.1
7f0cf69ff000-7f0cf6a00000 rw-p 0001c000 103:02 9226261                   /usr/lib/libtheoradec.so.2.1.1
7f0cf6a00000-7f0cf6a02000 r--p 00000000 103:02 9220216                   /usr/lib/libdav1d.so.7.0.0
7f0cf6a02000-7f0cf6bd1000 r-xp 00002000 103:02 9220216                   /usr/lib/libdav1d.so.7.0.0
7f0cf6bd1000-7f0cf6c0c000 r--p 001d1000 103:02 9220216                   /usr/lib/libdav1d.so.7.0.0
7f0cf6c0c000-7f0cf6c10000 r--p 0020b000 103:02 9220216                   /usr/lib/libdav1d.so.7.0.0
7f0cf6c10000-7f0cf6c11000 rw-p 0020f000 103:02 9220216                   /usr/lib/libdav1d.so.7.0.0
7f0cf6c11000-7f0cf6c35000 rw-p 00000000 00:00 0 
7f0cf6c37000-7f0cf6c38000 r--p 00000000 103:02 9226264                   /usr/lib/libtheoraenc.so.2.2.1
7f0cf6c38000-7f0cf6c63000 r-xp 00001000 103:02 9226264                   /usr/lib/libtheoraenc.so.2.2.1
7f0cf6c63000-7f0cf6c6f000 r--p 0002c000 103:02 9226264                   /usr/lib/libtheoraenc.so.2.2.1
7f0cf6c6f000-7f0cf6c70000 r--p 00037000 103:02 9226264                   /usr/lib/libtheoraenc.so.2.2.1
7f0cf6c70000-7f0cf6c71000 rw-p 00038000 103:02 9226264                   /usr/lib/libtheoraenc.so.2.2.1
7f0cf6c71000-7f0cf6c7f000 r--p 00000000 103:02 9217323                   /usr/lib/libcairo.so.2.11804.4
7f0cf6c7f000-7f0cf6dbd000 r-xp 0000e000 103:02 9217323                   /usr/lib/libcairo.so.2.11804.4
7f0cf6dbd000-7f0cf6df9000 r--p 0014c000 103:02 9217323                   /usr/lib/libcairo.so.2.11804.4
7f0cf6df9000-7f0cf6dfd000 r--p 00188000 103:02 9217323                   /usr/lib/libcairo.so.2.11804.4
7f0cf6dfd000-7f0cf6dff000 rw-p 0018c000 103:02 9217323                   /usr/lib/libcairo.so.2.11804.4
7f0cf6dff000-7f0cf6e00000 rw-p 00000000 00:00 0 
7f0cf6e00000-7f0cf6e02000 r--p 00000000 103:02 9226277                   /usr/lib/libvpx.so.12.0.0
7f0cf6e02000-7f0cf70e3000 r-xp 00002000 103:02 9226277                   /usr/lib/libvpx.so.12.0.0
7f0cf70e3000-7f0cf7123000 r--p 002e3000 103:02 9226277                   /usr/lib/libvpx.so.12.0.0
7f0cf7123000-7f0cf7126000 r--p 00323000 103:02 9226277                   /usr/lib/libvpx.so.12.0.0
7f0cf7126000-7f0cf7127000 rw-p 00326000 103:02 9226277                   /usr/lib/libvpx.so.12.0.0
7f0cf7127000-7f0cf712e000 rw-p 00000000 00:00 0 
7f0cf712e000-7f0cf7133000 rw-s 17aede000 00:07 525                       /dev/dri/renderD128
7f0cf7133000-7f0cf7138000 r--p 00000000 103:02 9226049                   /usr/lib/libraw1394.so.11.1.0
7f0cf7138000-7f0cf7141000 r-xp 00005000 103:02 9226049                   /usr/lib/libraw1394.so.11.1.0
7f0cf7141000-7f0cf7144000 r--p 0000e000 103:02 9226049                   /usr/lib/libraw1394.so.11.1.0
7f0cf7144000-7f0cf7145000 r--p 00010000 103:02 9226049                   /usr/lib/libraw1394.so.11.1.0
7f0cf7145000-7f0cf7146000 rw-p 00011000 103:02 9226049                   /usr/lib/libraw1394.so.11.1.0
7f0cf7146000-7f0cf7148000 r--p 00000000 103:02 9226809                   /usr/lib/libspeex.so.1.5.2
7f0cf7148000-7f0cf716e000 r-xp 00002000 103:02 9226809                   /usr/lib/libspeex.so.1.5.2
7f0cf716e000-7f0cf7174000 r--p 00028000 103:02 9226809                   /usr/lib/libspeex.so.1.5.2
7f0cf7174000-7f0cf7175000 r--p 0002d000 103:02 9226809                   /usr/lib/libspeex.so.1.5.2
7f0cf7175000-7f0cf7176000 rw-p 0002e000 103:02 9226809                   /usr/lib/libspeex.so.1.5.2
7f0cf7176000-7f0cf717d000 r--p 00000000 103:02 9226307                   /usr/lib/libopenjp2.so.2.5.4
7f0cf717d000-7f0cf71e7000 r-xp 00007000 103:02 9226307                   /usr/lib/libopenjp2.so.2.5.4
7f0cf71e7000-7f0cf71fb000 r--p 00071000 103:02 9226307                   /usr/lib/libopenjp2.so.2.5.4
7f0cf71fb000-7f0cf71fd000 r--p 00084000 103:02 9226307                   /usr/lib/libopenjp2.so.2.5.4
7f0cf71fd000-7f0cf71fe000 rw-p 00086000 103:02 9226307                   /usr/lib/libopenjp2.so.2.5.4
7f0cf71fe000-7f0cf71ff000 r--p 00000000 103:02 9226297                   /usr/lib/libopencore-amrnb.so.0.0.5
7f0cf71ff000-7f0cf723e000 r-xp 00001000 103:02 9226297                   /usr/lib/libopencore-amrnb.so.0.0.5
7f0cf723e000-7f0cf7248000 r--p 00040000 103:02 9226297                   /usr/lib/libopencore-amrnb.so.0.0.5
7f0cf7248000-7f0cf7249000 r--p 00049000 103:02 9226297                   /usr/lib/libopencore-amrnb.so.0.0.5
7f0cf7249000-7f0cf724a000 rw-p 0004a000 103:02 9226297                   /usr/lib/libopencore-amrnb.so.0.0.5
7f0cf724a000-7f0cf724f000 r--p 00000000 103:02 9220018                   /usr/lib/libmp3lame.so.0.0.0
7f0cf724f000-7f0cf7293000 r-xp 00005000 103:02 9220018                   /usr/lib/libmp3lame.so.0.0.0
7f0cf7293000-7f0cf72a0000 r--p 00049000 103:02 9220018                   /usr/lib/libmp3lame.so.0.0.0
7f0cf72a0000-7f0cf72a1000 r--p 00056000 103:02 9220018                   /usr/lib/libmp3lame.so.0.0.0
7f0cf72a1000-7f0cf72a2000 rw-p 00057000 103:02 9220018                   /usr/lib/libmp3lame.so.0.0.0
7f0cf72a2000-7f0cf72b3000 rw-p 00000000 00:00 0 
7f0cf72b3000-7f0cf72b7000 r--p 00000000 103:02 9182655                   /usr/lib/liblzma.so.5.8.3
7f0cf72b7000-7f0cf72d9000 r-xp 00004000 103:02 9182655                   /usr/lib/liblzma.so.5.8.3
7f0cf72d9000-7f0cf72e6000 r--p 00026000 103:02 9182655                   /usr/lib/liblzma.so.5.8.3
7f0cf72e6000-7f0cf72e7000 r--p 00033000 103:02 9182655                   /usr/lib/liblzma.so.5.8.3
7f0cf72e7000-7f0cf72e8000 rw-p 00034000 103:02 9182655                   /usr/lib/liblzma.so.5.8.3
7f0cf72e8000-7f0cf72f5000 r--p 00000000 103:02 9217564                   /usr/lib/libharfbuzz.so.0.61430.0
7f0cf72f5000-7f0cf7416000 r-xp 0000d000 103:02 9217564                   /usr/lib/libharfbuzz.so.0.61430.0
7f0cf7416000-7f0cf744a000 r--p 0012e000 103:02 9217564                   /usr/lib/libharfbuzz.so.0.61430.0
7f0cf744a000-7f0cf744c000 r--p 00161000 103:02 9217564                   /usr/lib/libharfbuzz.so.0.61430.0
7f0cf744c000-7f0cf744d000 rw-p 00163000 103:02 9217564                   /usr/lib/libharfbuzz.so.0.61430.0
7f0cf744d000-7f0cf7450000 r--p 00000000 103:02 9270675                   /usr/lib/libva.so.2.2400.0
7f0cf7450000-7f0cf7472000 r-xp 00003000 103:02 9270675                   /usr/lib/libva.so.2.2400.0
7f0cf7472000-7f0cf7486000 r--p 00025000 103:02 9270675                   /usr/lib/libva.so.2.2400.0
7f0cf7486000-7f0cf7487000 r--p 00038000 103:02 9270675                   /usr/lib/libva.so.2.2400.0
7f0cf7487000-7f0cf7488000 rw-p 00039000 103:02 9270675                   /usr/lib/libva.so.2.2400.0
7f0cf7488000-7f0cf74bd000 r--p 00000000 103:02 28594856                  /home/arcady/.gradle/jdks/jetbrains_s_r_o_-21-amd64-linux.2/lib/libvulkan.so.1
7f0cf74bd000-7f0cf751e000 r-xp 00034000 103:02 28594856                  /home/arcady/.gradle/jdks/jetbrains_s_r_o_-21-amd64-linux.2/lib/libvulkan.so.1
7f0cf751e000-7f0cf7522000 r--p 00094000 103:02 28594856                  /home/arcady/.gradle/jdks/jetbrains_s_r_o_-21-amd64-linux.2/lib/libvulkan.so.1
7f0cf7522000-7f0cf7523000 rw-p 00097000 103:02 28594856                  /home/arcady/.gradle/jdks/jetbrains_s_r_o_-21-amd64-linux.2/lib/libvulkan.so.1
7f0cf7523000-7f0cf7525000 rw-p 00000000 00:00 0 
7f0cf7525000-7f0cf7529000 r--p 00000000 103:02 9217488                   /usr/lib/libxkbcommon.so.0.13.2
7f0cf7529000-7f0cf7565000 r-xp 00004000 103:02 9217488                   /usr/lib/libxkbcommon.so.0.13.2
7f0cf7565000-7f0cf758f000 r--p 00040000 103:02 9217488                   /usr/lib/libxkbcommon.so.0.13.2
7f0cf758f000-7f0cf7591000 r--p 00069000 103:02 9217488                   /usr/lib/libxkbcommon.so.0.13.2
7f0cf7591000-7f0cf7592000 rw-p 0006b000 103:02 9217488                   /usr/lib/libxkbcommon.so.0.13.2
7f0cf7592000-7f0cf7598000 r--p 00000000 103:02 9238181                   /usr/lib/libsixel.so.1.0.0
7f0cf7598000-7f0cf75dd000 r-xp 00006000 103:02 9238181                   /usr/lib/libsixel.so.1.0.0
7f0cf75dd000-7f0cf75e8000 r--p 0004b000 103:02 9238181                   /usr/lib/libsixel.so.1.0.0
7f0cf75e8000-7f0cf75ff000 r--p 00055000 103:02 9238181                   /usr/lib/libsixel.so.1.0.0
7f0cf75ff000-7f0cf7600000 rw-p 0006c000 103:02 9238181                   /usr/lib/libsixel.so.1.0.0
7f0cf7600000-7f0cf7609000 r--p 00000000 103:02 9262302                   /usr/lib/libopenal.so.1.25.2
7f0cf7609000-7f0cf777c000 r-xp 00009000 103:02 9262302                   /usr/lib/libopenal.so.1.25.2
7f0cf777c000-7f0cf77d7000 r--p 0017c000 103:02 9262302                   /usr/lib/libopenal.so.1.25.2
7f0cf77d7000-7f0cf77e1000 r--p 001d6000 103:02 9262302                   /usr/lib/libopenal.so.1.25.2
7f0cf77e1000-7f0cf7809000 rw-p 001e0000 103:02 9262302                   /usr/lib/libopenal.so.1.25.2
7f0cf7809000-7f0cf78ea000 rw-p 00000000 00:00 0 
7f0cf78ea000-7f0cf78ec000 r--p 00000000 103:02 9182405                   /usr/lib/libcom_err.so.2.1
7f0cf78ec000-7f0cf78ed000 r-xp 00002000 103:02 9182405                   /usr/lib/libcom_err.so.2.1
7f0cf78ed000-7f0cf78ee000 r--p 00003000 103:02 9182405                   /usr/lib/libcom_err.so.2.1
7f0cf78ee000-7f0cf78ef000 r--p 00003000 103:02 9182405                   /usr/lib/libcom_err.so.2.1
7f0cf78ef000-7f0cf78f0000 rw-p 00004000 103:02 9182405                   /usr/lib/libcom_err.so.2.1
7f0cf78f0000-7f0cf78f2000 r--p 00000000 103:02 9225938                   /usr/lib/libgsm.so.1.0.22
7f0cf78f2000-7f0cf7902000 r-xp 00002000 103:02 9225938                   /usr/lib/libgsm.so.1.0.22
7f0cf7902000-7f0cf7904000 r--p 00012000 103:02 9225938                   /usr/lib/libgsm.so.1.0.22
7f0cf7904000-7f0cf7905000 r--p 00013000 103:02 9225938                   /usr/lib/libgsm.so.1.0.22
7f0cf7905000-7f0cf7906000 rw-p 00014000 103:02 9225938                   /usr/lib/libgsm.so.1.0.22
7f0cf7906000-7f0cf790b000 r--p 00000000 103:02 9219086                   /usr/lib/libjpeg.so.8.3.2
7f0cf790b000-7f0cf7985000 r-xp 00005000 103:02 9219086                   /usr/lib/libjpeg.so.8.3.2
7f0cf7985000-7f0cf79ac000 r--p 0007f000 103:02 9219086                   /usr/lib/libjpeg.so.8.3.2
7f0cf79ac000-7f0cf79ad000 r--p 000a6000 103:02 9219086                   /usr/lib/libjpeg.so.8.3.2
7f0cf79ad000-7f0cf79ae000 rw-p 000a7000 103:02 9219086                   /usr/lib/libjpeg.so.8.3.2
7f0cf79ae000-7f0cf79b1000 r--p 00000000 103:02 9217974                   /usr/lib/libdisplay-info.so.0.3.0
7f0cf79b1000-7f0cf79ca000 r-xp 00003000 103:02 9217974                   /usr/lib/libdisplay-info.so.0.3.0
7f0cf79ca000-7f0cf79e6000 r--p 0001c000 103:02 9217974                   /usr/lib/libdisplay-info.so.0.3.0
7f0cf79e6000-7f0cf79e7000 r--p 00037000 103:02 9217974                   /usr/lib/libdisplay-info.so.0.3.0
7f0cf79e7000-7f0cf79e8000 rw-p 00038000 103:02 9217974                   /usr/lib/libdisplay-info.so.0.3.0
7f0cf79e8000-7f0cf79f5000 r--p 00000000 103:02 9225594                   /usr/lib/libpipewire-0.3.so.0.1608.0
7f0cf79f5000-7f0cf7a92000 r-xp 0000d000 103:02 9225594                   /usr/lib/libpipewire-0.3.so.0.1608.0
7f0cf7a92000-7f0cf7ab4000 r--p 000aa000 103:02 9225594                   /usr/lib/libpipewire-0.3.so.0.1608.0
7f0cf7ab4000-7f0cf7add000 r--p 000cc000 103:02 9225594                   /usr/lib/libpipewire-0.3.so.0.1608.0
7f0cf7add000-7f0cf7ade000 rw-p 000f5000 103:02 9225594                   /usr/lib/libpipewire-0.3.so.0.1608.0
7f0cf7ade000-7f0cf7adf000 rw-p 00000000 00:00 0 
7f0cf7adf000-7f0cf7b01000 r--p 00000000 103:02 9220223                   /usr/lib/libasound.so.2.0.0
7f0cf7b01000-7f0cf7bc4000 r-xp 00022000 103:02 9220223                   /usr/lib/libasound.so.2.0.0
7f0cf7bc4000-7f0cf7bf7000 r--p 000e5000 103:02 9220223                   /usr/lib/libasound.so.2.0.0
7f0cf7bf7000-7f0cf7bff000 r--p 00117000 103:02 9220223                   /usr/lib/libasound.so.2.0.0
7f0cf7bff000-7f0cf7c00000 rw-p 0011f000 103:02 9220223                   /usr/lib/libasound.so.2.0.0
7f0cf7c00000-7f0cf7c04000 r--p 00000000 103:02 9262181                   /usr/lib/libswscale.so.9.5.102
7f0cf7c04000-7f0cf7e56000 r-xp 00004000 103:02 9262181                   /usr/lib/libswscale.so.9.5.102
7f0cf7e56000-7f0cf7e7b000 r--p 00256000 103:02 9262181                   /usr/lib/libswscale.so.9.5.102
7f0cf7e7b000-7f0cf7e8a000 r--p 0027a000 103:02 9262181                   /usr/lib/libswscale.so.9.5.102
7f0cf7e8a000-7f0cf7e8b000 rw-p 00289000 103:02 9262181                   /usr/lib/libswscale.so.9.5.102
7f0cf7e8b000-7f0cf7ecf000 rw-p 00000000 00:00 0 
7f0cf7ecf000-7f0cf7ede000 r--p 00000000 103:02 9199717                   /usr/lib/libarchive.so.13.8.9
7f0cf7ede000-7f0cf7fcf000 r-xp 0000f000 103:02 9199717                   /usr/lib/libarchive.so.13.8.9
7f0cf7fcf000-7f0cf7ffa000 r--p 00100000 103:02 9199717                   /usr/lib/libarchive.so.13.8.9
7f0cf7ffa000-7f0cf7fff000 r--p 0012a000 103:02 9199717                   /usr/lib/libarchive.so.13.8.9
7f0cf7fff000-7f0cf8000000 rw-p 0012f000 103:02 9199717                   /usr/lib/libarchive.so.13.8.9
7f0cf8000000-7f0cf800d000 r--p 00000000 103:02 9226999                   /usr/lib/libavutil.so.60.26.102
7f0cf800d000-7f0cf8104000 r-xp 0000d000 103:02 9226999                   /usr/lib/libavutil.so.60.26.102
7f0cf8104000-7f0cf812d000 r--p 00104000 103:02 9226999                   /usr/lib/libavutil.so.60.26.102
7f0cf812d000-7f0cf8143000 r--p 0012d000 103:02 9226999                   /usr/lib/libavutil.so.60.26.102
7f0cf8143000-7f0cf8144000 rw-p 00143000 103:02 9226999                   /usr/lib/libavutil.so.60.26.102
7f0cf8144000-7f0cf8253000 rw-p 00000000 00:00 0 
7f0cf8253000-7f0cf8256000 r--p 00000000 103:02 9226414                   /usr/lib/libsnappy.so.1.2.2
7f0cf8256000-7f0cf8260000 r-xp 00003000 103:02 9226414                   /usr/lib/libsnappy.so.1.2.2
7f0cf8260000-7f0cf8263000 r--p 0000d000 103:02 9226414                   /usr/lib/libsnappy.so.1.2.2
7f0cf8263000-7f0cf8264000 r--p 0000f000 103:02 9226414                   /usr/lib/libsnappy.so.1.2.2
7f0cf8264000-7f0cf8265000 rw-p 00010000 103:02 9226414                   /usr/lib/libsnappy.so.1.2.2
7f0cf8265000-7f0cf8271000 r--p 00000000 103:02 9226184                   /usr/lib/libpulse.so.0.24.3
7f0cf8271000-7f0cf82a5000 r-xp 0000c000 103:02 9226184                   /usr/lib/libpulse.so.0.24.3
7f0cf82a5000-7f0cf82bb000 r--p 00040000 103:02 9226184                   /usr/lib/libpulse.so.0.24.3
7f0cf82bb000-7f0cf82bd000 r--p 00055000 103:02 9226184                   /usr/lib/libpulse.so.0.24.3
7f0cf82bd000-7f0cf82be000 rw-p 00057000 103:02 9226184                   /usr/lib/libpulse.so.0.24.3
7f0cf82be000-7f0cf82cd000 r--p 00000000 103:02 9263244                   /usr/lib/libplacebo.so.360
7f0cf82cd000-7f0cf839f000 r-xp 0000f000 103:02 9263244                   /usr/lib/libplacebo.so.360
7f0cf839f000-7f0cf83e5000 r--p 000e1000 103:02 9263244                   /usr/lib/libplacebo.so.360
7f0cf83e5000-7f0cf83fa000 r--p 00126000 103:02 9263244                   /usr/lib/libplacebo.so.360
7f0cf83fa000-7f0cf8400000 rw-p 0013b000 103:02 9263244                   /usr/lib/libplacebo.so.360
7f0cf8400000-7f0cf8411000 r--p 00000000 103:02 9226993                   /usr/lib/libavformat.so.62.12.102
7f0cf8411000-7f0cf865c000 r-xp 00011000 103:02 9226993                   /usr/lib/libavformat.so.62.12.102
7f0cf865c000-7f0cf86e5000 r--p 0025c000 103:02 9226993                   /usr/lib/libavformat.so.62.12.102
7f0cf86e5000-7f0cf871e000 r--p 002e5000 103:02 9226993                   /usr/lib/libavformat.so.62.12.102
7f0cf871e000-7f0cf871f000 rw-p 0031e000 103:02 9226993                   /usr/lib/libavformat.so.62.12.102
7f0cf8722000-7f0cf8724000 r--p 00000000 103:02 9182143                   /usr/lib/libacl.so.1.2.2400
7f0cf8724000-7f0cf872c000 r-xp 00002000 103:02 9182143                   /usr/lib/libacl.so.1.2.2400
7f0cf872c000-7f0cf872e000 r--p 0000a000 103:02 9182143                   /usr/lib/libacl.so.1.2.2400
7f0cf872e000-7f0cf872f000 r--p 0000b000 103:02 9182143                   /usr/lib/libacl.so.1.2.2400
7f0cf872f000-7f0cf8730000 rw-p 0000c000 103:02 9182143                   /usr/lib/libacl.so.1.2.2400
7f0cf8730000-7f0cf8731000 r--p 00000000 103:02 9226038                   /usr/lib/libunibreak.so.7.0.0
7f0cf8731000-7f0cf8734000 r-xp 00001000 103:02 9226038                   /usr/lib/libunibreak.so.7.0.0
7f0cf8734000-7f0cf8751000 r--p 00004000 103:02 9226038                   /usr/lib/libunibreak.so.7.0.0
7f0cf8751000-7f0cf8752000 r--p 00020000 103:02 9226038                   /usr/lib/libunibreak.so.7.0.0
7f0cf8752000-7f0cf8753000 rw-p 00021000 103:02 9226038                   /usr/lib/libunibreak.so.7.0.0
7f0cf8753000-7f0cf8756000 r--p 00000000 103:02 9226909                   /usr/lib/libzimg.so.2.0.0
7f0cf8756000-7f0cf87e9000 r-xp 00003000 103:02 9226909                   /usr/lib/libzimg.so.2.0.0
7f0cf87e9000-7f0cf87fb000 r--p 00096000 103:02 9226909                   /usr/lib/libzimg.so.2.0.0
7f0cf87fb000-7f0cf87ff000 r--p 000a7000 103:02 9226909                   /usr/lib/libzimg.so.2.0.0
7f0cf87ff000-7f0cf8800000 rw-p 000ab000 103:02 9226909                   /usr/lib/libzimg.so.2.0.0
7f0cf8800000-7f0cf8814000 r--p 00000000 103:02 9226984                   /usr/lib/libavfilter.so.11.14.102
7f0cf8814000-7f0cf8d80000 r-xp 00014000 103:02 9226984                   /usr/lib/libavfilter.so.11.14.102
7f0cf8d80000-7f0cf8e69000 r--p 00580000 103:02 9226984                   /usr/lib/libavfilter.so.11.14.102
7f0cf8e69000-7f0cf8f03000 r--p 00669000 103:02 9226984                   /usr/lib/libavfilter.so.11.14.102
7f0cf8f03000-7f0cf8f04000 rw-p 00703000 103:02 9226984                   /usr/lib/libavfilter.so.11.14.102
7f0cf8f04000-7f0cf8f08000 rw-p 00000000 00:00 0 
7f0cf8f08000-7f0cf8f09000 r--p 00000000 103:02 9226300                   /usr/lib/libopencore-amrwb.so.0.0.5
7f0cf8f09000-7f0cf8f21000 r-xp 00001000 103:02 9226300                   /usr/lib/libopencore-amrwb.so.0.0.5
7f0cf8f21000-7f0cf8f28000 r--p 00019000 103:02 9226300                   /usr/lib/libopencore-amrwb.so.0.0.5
7f0cf8f28000-7f0cf8f29000 r--p 0001f000 103:02 9226300                   /usr/lib/libopencore-amrwb.so.0.0.5
7f0cf8f29000-7f0cf8f2a000 rw-p 00020000 103:02 9226300                   /usr/lib/libopencore-amrwb.so.0.0.5
7f0cf8f2a000-7f0cf8f2f000 r--p 00000000 103:02 9238221                   /usr/lib/libluajit-5.1.so.2.1.1785763465
7f0cf8f2f000-7f0cf8fe2000 r-xp 00005000 103:02 9238221                   /usr/lib/libluajit-5.1.so.2.1.1785763465
7f0cf8fe2000-7f0cf8ffc000 r--p 000b8000 103:02 9238221                   /usr/lib/libluajit-5.1.so.2.1.1785763465
7f0cf8ffc000-7f0cf8fff000 r--p 000d1000 103:02 9238221                   /usr/lib/libluajit-5.1.so.2.1.1785763465
7f0cf8fff000-7f0cf9000000 rw-p 000d4000 103:02 9238221                   /usr/lib/libluajit-5.1.so.2.1.1785763465
7f0cf9000000-7f0cf9015000 r--p 00000000 103:02 9226969                   /usr/lib/libavcodec.so.62.28.102
7f0cf9015000-7f0cfa0dd000 r-xp 00015000 103:02 9226969                   /usr/lib/libavcodec.so.62.28.102
7f0cfa0dd000-7f0cfa45c000 r--p 010dd000 103:02 9226969                   /usr/lib/libavcodec.so.62.28.102
7f0cfa45c000-7f0cfa4e3000 r--p 0145b000 103:02 9226969                   /usr/lib/libavcodec.so.62.28.102
7f0cfa4e3000-7f0cfa4e5000 rw-p 014e2000 103:02 9226969                   /usr/lib/libavcodec.so.62.28.102
7f0cfa4e5000-7f0cfab89000 rw-p 00000000 00:00 0 
7f0cfab8b000-7f0cfab8d000 r--p 00000000 103:02 9226060                   /usr/lib/libavc1394.so.0.3.0
7f0cfab8d000-7f0cfab8f000 r-xp 00002000 103:02 9226060                   /usr/lib/libavc1394.so.0.3.0
7f0cfab8f000-7f0cfab90000 r--p 00004000 103:02 9226060                   /usr/lib/libavc1394.so.0.3.0
7f0cfab90000-7f0cfab91000 r--p 00004000 103:02 9226060                   /usr/lib/libavc1394.so.0.3.0
7f0cfab91000-7f0cfab92000 rw-p 00005000 103:02 9226060                   /usr/lib/libavc1394.so.0.3.0
7f0cfab92000-7f0cfab9f000 r--p 00000000 103:02 9226403                   /usr/lib/libSDL2-2.0.so.0.3200.70
7f0cfab9f000-7f0cfabdb000 r-xp 0000d000 103:02 9226403                   /usr/lib/libSDL2-2.0.so.0.3200.70
7f0cfabdb000-7f0cfabf9000 r--p 00049000 103:02 9226403                   /usr/lib/libSDL2-2.0.so.0.3200.70
7f0cfabf9000-7f0cfabfb000 r--p 00066000 103:02 9226403                   /usr/lib/libSDL2-2.0.so.0.3200.70
7f0cfabfb000-7f0cfabfd000 rw-p 00068000 103:02 9226403                   /usr/lib/libSDL2-2.0.so.0.3200.70
7f0cfabfd000-7f0cfac00000 rw-p 00000000 00:00 0 
7f0cfac00000-7f0cfac1d000 r--p 00000000 103:02 9238236                   /usr/lib/libmpv.so.2.5.0
7f0cfac1d000-7f0cfae1f000 r-xp 0001d000 103:02 9238236                   /usr/lib/libmpv.so.2.5.0
7f0cfae1f000-7f0cfaf0b000 r--p 0021f000 103:02 9238236                   /usr/lib/libmpv.so.2.5.0
7f0cfaf0b000-7f0cfaf57000 r--p 0030b000 103:02 9238236                   /usr/lib/libmpv.so.2.5.0
7f0cfaf57000-7f0cfaf59000 rw-p 00357000 103:02 9238236                   /usr/lib/libmpv.so.2.5.0
7f0cfaf59000-7f0cfaf5a000 rw-p 00000000 00:00 0 
7f0cfaf5d000-7f0cfaf5f000 r--p 00000000 103:02 9225930                   /usr/lib/libglslang-default-resource-limits.so.16.4.0
7f0cfaf5f000-7f0cfaf63000 r-xp 00002000 103:02 9225930                   /usr/lib/libglslang-default-resource-limits.so.16.4.0
7f0cfaf63000-7f0cfaf65000 r--p 00006000 103:02 9225930                   /usr/lib/libglslang-default-resource-limits.so.16.4.0
7f0cfaf65000-7f0cfaf66000 r--p 00008000 103:02 9225930                   /usr/lib/libglslang-default-resource-limits.so.16.4.0
7f0cfaf66000-7f0cfaf67000 rw-p 00009000 103:02 9225930                   /usr/lib/libglslang-default-resource-limits.so.16.4.0
7f0cfaf67000-7f0cfaf69000 r--p 00000000 103:02 9217505                   /usr/lib/libfribidi.so.0.4.0
7f0cfaf69000-7f0cfaf71000 r-xp 00002000 103:02 9217505                   /usr/lib/libfribidi.so.0.4.0
7f0cfaf71000-7f0cfaf88000 r--p 0000a000 103:02 9217505                   /usr/lib/libfribidi.so.0.4.0
7f0cfaf88000-7f0cfaf89000 r--p 00021000 103:02 9217505                   /usr/lib/libfribidi.so.0.4.0
7f0cfaf89000-7f0cfaf8a000 rw-p 00022000 103:02 9217505                   /usr/lib/libfribidi.so.0.4.0
7f0cfaf8a000-7f0cfaf9a000 r--p 00000000 103:02 9226382                   /usr/lib/librubberband.so.3.0.0
7f0cfaf9a000-7f0cfafeb000 r-xp 00010000 103:02 9226382                   /usr/lib/librubberband.so.3.0.0
7f0cfafeb000-7f0cfaffd000 r--p 00061000 103:02 9226382                   /usr/lib/librubberband.so.3.0.0
7f0cfaffd000-7f0cfafff000 r--p 00072000 103:02 9226382                   /usr/lib/librubberband.so.3.0.0
7f0cfafff000-7f0cfb000000 rw-p 00074000 103:02 9226382                   /usr/lib/librubberband.so.3.0.0
7f0cfb000000-7f0cfb01e000 r-xp 00000000 103:02 1179927                   /home/arcady/.cache/JNA/temp/jna14825707043445388104.tmp (deleted)
7f0cfb01e000-7f0cfb21d000 ---p 0001e000 103:02 1179927                   /home/arcady/.cache/JNA/temp/jna14825707043445388104.tmp (deleted)
7f0cfb21d000-7f0cfb21e000 rw-p 0001d000 103:02 1179927                   /home/arcady/.cache/JNA/temp/jna14825707043445388104.tmp (deleted)
7f0cfb21e000-7f0cfb21f000 rw-p 00000000 00:00 0 
7f0cfb21f000-7f0cfb220000 r--p 00000000 103:02 9217985                   /usr/lib/libxcb-keysyms.so.1.0.0
7f0cfb220000-7f0cfb221000 r-xp 00001000 103:02 9217985                   /usr/lib/libxcb-keysyms.so.1.0.0
7f0cfb221000-7f0cfb222000 r--p 00002000 103:02 9217985                   /usr/lib/libxcb-keysyms.so.1.0.0
7f0cfb222000-7f0cfb223000 r--p 00002000 103:02 9217985                   /usr/lib/libxcb-keysyms.so.1.0.0
7f0cfb223000-7f0cfb224000 rw-p 00003000 103:02 9217985                   /usr/lib/libxcb-keysyms.so.1.0.0
7f0cfb224000-7f0cfb226000 r--p 00000000 103:02 9226142                   /usr/lib/libbs2b.so.0.0.0
7f0cfb226000-7f0cfb229000 r-xp 00002000 103:02 9226142                   /usr/lib/libbs2b.so.0.0.0
7f0cfb229000-7f0cfb22a000 r--p 00005000 103:02 9226142                   /usr/lib/libbs2b.so.0.0.0
7f0cfb22a000-7f0cfb22b000 r--p 00005000 103:02 9226142                   /usr/lib/libbs2b.so.0.0.0
7f0cfb22b000-7f0cfb22c000 rw-p 00006000 103:02 9226142                   /usr/lib/libbs2b.so.0.0.0
7f0cfb22c000-7f0cfb22e000 r--p 00000000 103:02 9220070                   /usr/lib/libwebpmux.so.3.1.2
7f0cfb22e000-7f0cfb236000 r-xp 00002000 103:02 9220070                   /usr/lib/libwebpmux.so.3.1.2
7f0cfb236000-7f0cfb237000 r--p 0000a000 103:02 9220070                   /usr/lib/libwebpmux.so.3.1.2
7f0cfb237000-7f0cfb238000 r--p 0000b000 103:02 9220070                   /usr/lib/libwebpmux.so.3.1.2
7f0cfb238000-7f0cfb239000 rw-p 0000c000 103:02 9220070                   /usr/lib/libwebpmux.so.3.1.2
7f0cfb33a000-7f0cfb33b000 rw-p 00000000 00:00 0 
7f0cfb33b000-7f0cfb33f000 ---p 00000000 00:00 0 
7f0cfb33f000-7f0cfb43c000 rw-p 00000000 00:00 0 
7f0cfb43c000-7f0cfb440000 ---p 00000000 00:00 0 
7f0cfb440000-7f0cfb53c000 rw-p 00000000 00:00 0 
7f0cfb63d000-7f0cfb63e000 rw-p 00000000 00:00 0 
7f0cfb63e000-7f0cfb642000 ---p 00000000 00:00 0 
7f0cfb642000-7f0cfb73e000 rw-p 00000000 00:00 0 
7f0cfb940000-7f0cfb941000 rw-p 00000000 00:00 0 
7f0cfb941000-7f0cfb945000 ---p 00000000 00:00 0 
7f0cfb945000-7f0cfba41000 rw-p 00000000 00:00 0 
7f0cfbb42000-7f0cfbb43000 rw-p 00000000 00:00 0 
7f0cfbb43000-7f0cfbb47000 ---p 00000000 00:00 0 
7f0cfbb47000-7f0cfbc43000 rw-p 00000000 00:00 0 
7f0cfbe45000-7f0cfbe46000 rw-p 00000000 00:00 0 
7f0cfbe46000-7f0cfbe4a000 ---p 00000000 00:00 0 
7f0cfbe4a000-7f0cfbf46000 rw-p 00000000 00:00 0 
7f0cfc148000-7f0cfc149000 rw-p 00000000 00:00 0 
7f0cfc149000-7f0cfc14d000 ---p 00000000 00:00 0 
7f0cfc14d000-7f0cfc249000 rw-p 00000000 00:00 0 
7f0cfc44b000-7f0cfc44c000 rw-p 00000000 00:00 0 
7f0cfc44c000-7f0cfc450000 ---p 00000000 00:00 0 
7f0cfc450000-7f0cfc54d000 rw-p 00000000 00:00 0 
7f0cfc54d000-7f0cfc551000 ---p 00000000 00:00 0 
7f0cfc551000-7f0cfc64d000 rw-p 00000000 00:00 0 
7f0cfc84f000-7f0cfc850000 rw-p 00000000 00:00 0 
7f0cfc850000-7f0cfc854000 ---p 00000000 00:00 0 
7f0cfc854000-7f0cfc950000 rw-p 00000000 00:00 0 
7f0cfcc53000-7f0cfcc54000 rw-p 00000000 00:00 0 
7f0cfcc54000-7f0cfcc58000 ---p 00000000 00:00 0 
7f0cfcc58000-7f0cfcd55000 rw-p 00000000 00:00 0 
7f0cfcd55000-7f0cfcd59000 ---p 00000000 00:00 0 
7f0cfcd59000-7f0cfce55000 rw-p 00000000 00:00 0 
7f0cfce57000-7f0cfd057000 rw-s 1186d9000 00:07 525                       /dev/dri/renderD128
7f0cfd057000-7f0cfe059000 rw-p 00000000 00:00 0 
7f0cfe059000-7f0cfe05b000 r--p 00000000 103:02 9214054                   /usr/lib/libxcb-shape.so.0.0.0
7f0cfe05b000-7f0cfe05c000 r-xp 00002000 103:02 9214054                   /usr/lib/libxcb-shape.so.0.0.0
7f0cfe05c000-7f0cfe05d000 r--p 00003000 103:02 9214054                   /usr/lib/libxcb-shape.so.0.0.0
7f0cfe05d000-7f0cfe05e000 r--p 00003000 103:02 9214054                   /usr/lib/libxcb-shape.so.0.0.0
7f0cfe05e000-7f0cfe05f000 rw-p 00004000 103:02 9214054                   /usr/lib/libxcb-shape.so.0.0.0
7f0cfe05f000-7f0cfe060000 r--p 00000000 103:02 9220208                   /usr/lib/libjxl_threads.so.0.12.0
7f0cfe060000-7f0cfe062000 r-xp 00001000 103:02 9220208                   /usr/lib/libjxl_threads.so.0.12.0
7f0cfe062000-7f0cfe063000 r--p 00003000 103:02 9220208                   /usr/lib/libjxl_threads.so.0.12.0
7f0cfe063000-7f0cfe064000 r--p 00003000 103:02 9220208                   /usr/lib/libjxl_threads.so.0.12.0
7f0cfe064000-7f0cfe065000 rw-p 00004000 103:02 9220208                   /usr/lib/libjxl_threads.so.0.12.0
7f0cfe065000-7f0cfe067000 r--p 00000000 103:02 9219592                   /usr/lib/libva-x11.so.2.2400.0
7f0cfe067000-7f0cfe06b000 r-xp 00002000 103:02 9219592                   /usr/lib/libva-x11.so.2.2400.0
7f0cfe06b000-7f0cfe06c000 r--p 00006000 103:02 9219592                   /usr/lib/libva-x11.so.2.2400.0
7f0cfe06c000-7f0cfe06d000 r--p 00006000 103:02 9219592                   /usr/lib/libva-x11.so.2.2400.0
7f0cfe06d000-7f0cfe06e000 rw-p 00007000 103:02 9219592                   /usr/lib/libva-x11.so.2.2400.0
7f0cfe06e000-7f0cfe070000 r--p 00000000 103:02 9219586                   /usr/lib/libva-wayland.so.2.2400.0
7f0cfe070000-7f0cfe072000 r-xp 00002000 103:02 9219586                   /usr/lib/libva-wayland.so.2.2400.0
7f0cfe072000-7f0cfe073000 r--p 00004000 103:02 9219586                   /usr/lib/libva-wayland.so.2.2400.0
7f0cfe073000-7f0cfe074000 r--p 00005000 103:02 9219586                   /usr/lib/libva-wayland.so.2.2400.0
7f0cfe074000-7f0cfe075000 rw-p 00006000 103:02 9219586                   /usr/lib/libva-wayland.so.2.2400.0
7f0cfe075000-7f0cfe077000 r--p 00000000 103:02 9217800                   /usr/lib/libEGL.so.1.1.0
7f0cfe077000-7f0cfe081000 r-xp 00002000 103:02 9217800                   /usr/lib/libEGL.so.1.1.0
7f0cfe081000-7f0cfe085000 r--p 0000c000 103:02 9217800                   /usr/lib/libEGL.so.1.1.0
7f0cfe085000-7f0cfe086000 r--p 0000f000 103:02 9217800                   /usr/lib/libEGL.so.1.1.0
7f0cfe086000-7f0cfe087000 rw-p 00010000 103:02 9217800                   /usr/lib/libEGL.so.1.1.0
7f0cfe089000-7f0cfe289000 rw-s 1113e4000 00:07 525                       /dev/dri/renderD128
7f0cfe289000-7f0cfe28a000 rw-p 00000000 00:00 0 
7f0cfe28a000-7f0cfe28e000 ---p 00000000 00:00 0 
7f0cfe28e000-7f0cfe38a000 rw-p 00000000 00:00 0 
7f0cfe38a000-7f0cfe58a000 rw-s 15cc95000 00:07 525                       /dev/dri/renderD128
7f0cfe58a000-7f0cfe78a000 rw-s 101721000 00:07 525                       /dev/dri/renderD128
7f0cfe78a000-7f0cfe98a000 rw-s 184b03000 00:07 525                       /dev/dri/renderD128
7f0cfe98a000-7f0cfeb8a000 rw-s 111de4000 00:07 525                       /dev/dri/renderD128
7f0cfeb8a000-7f0cfeb8b000 r--p 00000000 103:02 9226270                   /usr/lib/libvdpau.so.1.0.0
7f0cfeb8b000-7f0cfeb8c000 r-xp 00001000 103:02 9226270                   /usr/lib/libvdpau.so.1.0.0
7f0cfeb8c000-7f0cfeb8d000 r--p 00002000 103:02 9226270                   /usr/lib/libvdpau.so.1.0.0
7f0cfeb8d000-7f0cfeb8e000 r--p 00002000 103:02 9226270                   /usr/lib/libvdpau.so.1.0.0
7f0cfeb8e000-7f0cfeb8f000 rw-p 00003000 103:02 9226270                   /usr/lib/libvdpau.so.1.0.0
7f0cfeb8f000-7f0cfeb90000 r--p 00000000 103:02 9219580                   /usr/lib/libva-drm.so.2.2400.0
7f0cfeb90000-7f0cfeb91000 r-xp 00001000 103:02 9219580                   /usr/lib/libva-drm.so.2.2400.0
7f0cfeb91000-7f0cfeb92000 r--p 00002000 103:02 9219580                   /usr/lib/libva-drm.so.2.2400.0
7f0cfeb92000-7f0cfeb93000 r--p 00002000 103:02 9219580                   /usr/lib/libva-drm.so.2.2400.0
7f0cfeb93000-7f0cfeb94000 rw-p 00003000 103:02 9219580                   /usr/lib/libva-drm.so.2.2400.0
7f0cfeb94000-7f0cfeb95000 r--p 00000000 103:02 9217923                   /usr/lib/libwayland-egl.so.1.25.0
7f0cfeb95000-7f0cfeb96000 r-xp 00001000 103:02 9217923                   /usr/lib/libwayland-egl.so.1.25.0
7f0cfeb96000-7f0cfeb97000 r--p 00002000 103:02 9217923                   /usr/lib/libwayland-egl.so.1.25.0
7f0cfeb97000-7f0cfeb98000 r--p 00002000 103:02 9217923                   /usr/lib/libwayland-egl.so.1.25.0
7f0cfeb98000-7f0cfeb99000 rw-p 00003000 103:02 9217923                   /usr/lib/libwayland-egl.so.1.25.0
7f0cfeb99000-7f0cfeb9b000 r--p 00000000 103:02 9219181                   /usr/lib/libXv.so.1.0.0
7f0cfeb9b000-7f0cfeb9f000 r-xp 00002000 103:02 9219181                   /usr/lib/libXv.so.1.0.0
7f0cfeb9f000-7f0cfeba0000 r--p 00006000 103:02 9219181                   /usr/lib/libXv.so.1.0.0
7f0cfeba0000-7f0cfeba1000 r--p 00006000 103:02 9219181                   /usr/lib/libXv.so.1.0.0
7f0cfeba1000-7f0cfeba2000 rw-p 00007000 103:02 9219181                   /usr/lib/libXv.so.1.0.0
7f0cfeba2000-7f0cfeba8000 r--p 00000000 103:02 9225992                   /usr/lib/libjack.so.0.0.28
7f0cfeba8000-7f0cfebb5000 r-xp 00006000 103:02 9225992                   /usr/lib/libjack.so.0.0.28
7f0cfebb5000-7f0cfebba000 r--p 00013000 103:02 9225992                   /usr/lib/libjack.so.0.0.28
7f0cfebba000-7f0cfebbb000 r--p 00017000 103:02 9225992                   /usr/lib/libjack.so.0.0.28
7f0cfebbb000-7f0cfebbc000 rw-p 00018000 103:02 9225992                   /usr/lib/libjack.so.0.0.28
7f0cfebbc000-7f0cfebc6000 rw-p 00000000 00:00 0 
7f0cfebc6000-7f0cfebc7000 r--p 00000000 103:02 9238231                   /usr/lib/libuchardet.so.0.0.8
7f0cfebc7000-7f0cfebce000 r-xp 00001000 103:02 9238231                   /usr/lib/libuchardet.so.0.0.8
7f0cfebce000-7f0cfebf1000 r--p 00008000 103:02 9238231                   /usr/lib/libuchardet.so.0.0.8
7f0cfebf1000-7f0cfebf4000 r--p 0002a000 103:02 9238231                   /usr/lib/libuchardet.so.0.0.8
7f0cfebf4000-7f0cfebf5000 rw-p 0002d000 103:02 9238231                   /usr/lib/libuchardet.so.0.0.8
7f0cfebf5000-7f0cfebfe000 r--p 00000000 103:02 9220123                   /usr/lib/liblcms2.so.2.0.19
7f0cfebfe000-7f0cfec6d000 r-xp 00009000 103:02 9220123                   /usr/lib/liblcms2.so.2.0.19
7f0cfec6d000-7f0cfec82000 r--p 00078000 103:02 9220123                   /usr/lib/liblcms2.so.2.0.19
7f0cfec82000-7f0cfec85000 r--p 0008c000 103:02 9220123                   /usr/lib/liblcms2.so.2.0.19
7f0cfec85000-7f0cfec88000 rw-p 0008f000 103:02 9220123                   /usr/lib/liblcms2.so.2.0.19
7f0cfec88000-7f0cfec89000 rw-p 00000000 00:00 0 
7f0cfed8a000-7f0cfef8a000 rw-s 122c23000 00:07 525                       /dev/dri/renderD128
7f0cfef8a000-7f0cff088000 r--p 00000000 103:02 263747                    /usr/share/fonts/arial/ARIAL.TTF
7f0cff088000-7f0cff120000 r--p 00000000 103:02 9723237                   /usr/share/fonts/noto/NotoSans-Regular.ttf
7f0cff122000-7f0cff123000 r--p 00000000 103:02 9238189                   /usr/lib/libXpresent.so.1.0.0
7f0cff123000-7f0cff124000 r-xp 00001000 103:02 9238189                   /usr/lib/libXpresent.so.1.0.0
7f0cff124000-7f0cff125000 r--p 00002000 103:02 9238189                   /usr/lib/libXpresent.so.1.0.0
7f0cff125000-7f0cff126000 r--p 00002000 103:02 9238189                   /usr/lib/libXpresent.so.1.0.0
7f0cff126000-7f0cff127000 rw-p 00003000 103:02 9238189                   /usr/lib/libXpresent.so.1.0.0
7f0cff127000-7f0cff12a000 r--p 00000000 103:02 9226759                   /usr/lib/libsndio.so.7.3
7f0cff12a000-7f0cff133000 r-xp 00003000 103:02 9226759                   /usr/lib/libsndio.so.7.3
7f0cff133000-7f0cff136000 r--p 0000c000 103:02 9226759                   /usr/lib/libsndio.so.7.3
7f0cff136000-7f0cff137000 r--p 0000f000 103:02 9226759                   /usr/lib/libsndio.so.7.3
7f0cff137000-7f0cff138000 rw-p 00010000 103:02 9226759                   /usr/lib/libsndio.so.7.3
7f0cff138000-7f0cff13a000 rw-p 00000000 00:00 0 
7f0cff13a000-7f0cff13d000 r--p 00000000 103:02 9226073                   /usr/lib/libbluray.so.3.1.0
7f0cff13d000-7f0cff18e000 r-xp 00003000 103:02 9226073                   /usr/lib/libbluray.so.3.1.0
7f0cff18e000-7f0cff19f000 r--p 00054000 103:02 9226073                   /usr/lib/libbluray.so.3.1.0
7f0cff19f000-7f0cff1a1000 r--p 00064000 103:02 9226073                   /usr/lib/libbluray.so.3.1.0
7f0cff1a1000-7f0cff1a2000 rw-p 00066000 103:02 9226073                   /usr/lib/libbluray.so.3.1.0
7f0cff2a3000-7f0cff2a4000 rw-p 00000000 00:00 0 
7f0cff2a4000-7f0cff2a8000 ---p 00000000 00:00 0 
7f0cff2a8000-7f0cff3a5000 rw-p 00000000 00:00 0 
7f0cff3a5000-7f0cff3a9000 ---p 00000000 00:00 0 
7f0cff3a9000-7f0cff4a5000 rw-p 00000000 00:00 0 
7f0cff4a5000-7f0cff55f000 r--p 00000000 103:02 9729157                   /usr/share/fonts/TTF/DejaVuSans.ttf
7f0cff55f000-7f0cff5f7000 r--p 00000000 103:02 9723234                   /usr/share/fonts/noto/NotoSans-Medium.ttf
7f0cff5f7000-7f0cff7f7000 rw-s 10f528000 00:07 525                       /dev/dri/renderD128
7f0cff7f7000-7f0cff9f7000 rw-s 158c89000 00:07 525                       /dev/dri/renderD128
7f0cff9f7000-7f0d029fd000 rw-p 00000000 00:00 0 
7f0d029fd000-7f0d02bfd000 rw-s 169c64000 00:07 525                       /dev/dri/renderD128
7f0d02bfd000-7f0d02dfd000 rw-s 110084000 00:07 525                       /dev/dri/renderD128
7f0d02dfd000-7f0d04600000 rw-p 00000000 00:00 0 
7f0d04600000-7f0d04801000 rw-s 00000000 103:02 26345691                  /home/arcady/.cache/mesa_shader_cache/index
7f0d04801000-7f0d04805000 rw-s 12e3e5000 00:07 525                       /dev/dri/renderD128
7f0d04805000-7f0d04806000 r--p 00000000 103:02 9238202                   /usr/lib/libXss.so.1.0.0
7f0d04806000-7f0d04808000 r-xp 00001000 103:02 9238202                   /usr/lib/libXss.so.1.0.0
7f0d04808000-7f0d04809000 r--p 00003000 103:02 9238202                   /usr/lib/libXss.so.1.0.0
7f0d04809000-7f0d0480a000 r--p 00003000 103:02 9238202                   /usr/lib/libXss.so.1.0.0
7f0d0480a000-7f0d0480b000 rw-p 00004000 103:02 9238202                   /usr/lib/libXss.so.1.0.0
7f0d0480b000-7f0d04811000 r--p 00000000 103:02 9238226                   /usr/lib/libmujs.so
7f0d04811000-7f0d0484c000 r-xp 00006000 103:02 9238226                   /usr/lib/libmujs.so
7f0d0484c000-7f0d0485e000 r--p 00041000 103:02 9238226                   /usr/lib/libmujs.so
7f0d0485e000-7f0d04860000 r--p 00053000 103:02 9238226                   /usr/lib/libmujs.so
7f0d04860000-7f0d04861000 rw-p 00055000 103:02 9238226                   /usr/lib/libmujs.so
7f0d04861000-7f0d04951000 r--p 00000000 103:02 263754                    /usr/share/fonts/arial/ARIALBD 1.TTF
7f0d04951000-7f0d049ff000 r--p 00000000 103:02 9729153                   /usr/share/fonts/TTF/DejaVuSans-Bold.ttf
7f0d049ff000-7f0d05200000 rw-p 00000000 00:00 0 
7f0d05200000-7f0d07194000 r--p 00000000 103:02 9196245                   /usr/lib/libicudata.so.78.3
7f0d07194000-7f0d07195000 r--p 01f93000 103:02 9196245                   /usr/lib/libicudata.so.78.3
7f0d07195000-7f0d0719d000 r--p 00000000 103:02 9226979                   /usr/lib/libavdevice.so.62.3.102
7f0d0719d000-7f0d071ae000 r-xp 00008000 103:02 9226979                   /usr/lib/libavdevice.so.62.3.102
7f0d071ae000-7f0d071b5000 r--p 00019000 103:02 9226979                   /usr/lib/libavdevice.so.62.3.102
7f0d071b5000-7f0d071b9000 r--p 0001f000 103:02 9226979                   /usr/lib/libavdevice.so.62.3.102
7f0d071b9000-7f0d071ba000 rw-p 00023000 103:02 9226979                   /usr/lib/libavdevice.so.62.3.102
7f0d071ba000-7f0d071bd000 r--p 00000000 103:02 9226150                   /usr/lib/libdvdnav.so.4.4.0
7f0d071bd000-7f0d071cf000 r-xp 00003000 103:02 9226150                   /usr/lib/libdvdnav.so.4.4.0
7f0d071cf000-7f0d071d3000 r--p 00015000 103:02 9226150                   /usr/lib/libdvdnav.so.4.4.0
7f0d071d3000-7f0d071d4000 r--p 00018000 103:02 9226150                   /usr/lib/libdvdnav.so.4.4.0
7f0d071d4000-7f0d071d5000 rw-p 00019000 103:02 9226150                   /usr/lib/libdvdnav.so.4.4.0
7f0d071d5000-7f0d071db000 r--p 00000000 103:02 9227885                   /usr/lib/libcdio.so.19.1.0
7f0d071db000-7f0d071f0000 r-xp 00006000 103:02 9227885                   /usr/lib/libcdio.so.19.1.0
7f0d071f0000-7f0d071fa000 r--p 0001b000 103:02 9227885                   /usr/lib/libcdio.so.19.1.0
7f0d071fa000-7f0d071fc000 r--p 00024000 103:02 9227885                   /usr/lib/libcdio.so.19.1.0
7f0d071fc000-7f0d071fd000 rw-p 00026000 103:02 9227885                   /usr/lib/libcdio.so.19.1.0
7f0d071fd000-7f0d07200000 rw-p 00000000 00:00 0 
7f0d07200000-7f0d07248000 r--p 00000000 103:02 9196260                   /usr/lib/libicuuc.so.78.3
7f0d07248000-7f0d0739e000 r-xp 00048000 103:02 9196260                   /usr/lib/libicuuc.so.78.3
7f0d0739e000-7f0d07438000 r--p 0019e000 103:02 9196260                   /usr/lib/libicuuc.so.78.3
7f0d07438000-7f0d0744b000 r--p 00238000 103:02 9196260                   /usr/lib/libicuuc.so.78.3
7f0d0744b000-7f0d0744c000 rw-p 0024b000 103:02 9196260                   /usr/lib/libicuuc.so.78.3
7f0d0744c000-7f0d0744e000 rw-p 00000000 00:00 0 
7f0d0744e000-7f0d0744f000 r--p 00000000 103:02 9217920                   /usr/lib/libwayland-cursor.so.0.25.0
7f0d0744f000-7f0d07451000 r-xp 00001000 103:02 9217920                   /usr/lib/libwayland-cursor.so.0.25.0
7f0d07451000-7f0d07452000 r--p 00003000 103:02 9217920                   /usr/lib/libwayland-cursor.so.0.25.0
7f0d07452000-7f0d07453000 r--p 00003000 103:02 9217920                   /usr/lib/libwayland-cursor.so.0.25.0
7f0d07453000-7f0d07457000 rw-p 00004000 103:02 9217920                   /usr/lib/libwayland-cursor.so.0.25.0
7f0d07457000-7f0d07459000 r--p 00000000 103:02 9265459                   /usr/lib/libgbm.so.1.0.0
7f0d07459000-7f0d0745a000 r-xp 00002000 103:02 9265459                   /usr/lib/libgbm.so.1.0.0
7f0d0745a000-7f0d0745b000 r--p 00003000 103:02 9265459                   /usr/lib/libgbm.so.1.0.0
7f0d0745b000-7f0d0745c000 r--p 00003000 103:02 9265459                   /usr/lib/libgbm.so.1.0.0
7f0d0745c000-7f0d0745d000 rw-p 00004000 103:02 9265459                   /usr/lib/libgbm.so.1.0.0
7f0d0745d000-7f0d0745f000 r--p 00000000 103:02 9227003                   /usr/lib/libswresample.so.6.3.102
7f0d0745f000-7f0d07482000 r-xp 00002000 103:02 9227003                   /usr/lib/libswresample.so.6.3.102
7f0d07482000-7f0d07487000 r--p 00025000 103:02 9227003                   /usr/lib/libswresample.so.6.3.102
7f0d07487000-7f0d07489000 r--p 00029000 103:02 9227003                   /usr/lib/libswresample.so.6.3.102
7f0d07489000-7f0d0748a000 rw-p 0002b000 103:02 9227003                   /usr/lib/libswresample.so.6.3.102
7f0d0748a000-7f0d07525000 r--p 00000000 103:02 9723224                   /usr/share/fonts/noto/NotoSans-Bold.ttf
7f0d07525000-7f0d07526000 rw-p 00000000 00:00 0 
7f0d07526000-7f0d0752a000 ---p 00000000 00:00 0 
7f0d0752a000-7f0d07626000 rw-p 00000000 00:00 0 
7f0d07626000-7f0d07633000 r--p 00000000 103:02 9179034                   /usr/lib/libncursesw.so.6.6
7f0d07633000-7f0d0768b000 r-xp 0000d000 103:02 9179034                   /usr/lib/libncursesw.so.6.6
7f0d0768b000-7f0d076a3000 r--p 00065000 103:02 9179034                   /usr/lib/libncursesw.so.6.6
7f0d076a3000-7f0d076a8000 r--p 0007c000 103:02 9179034                   /usr/lib/libncursesw.so.6.6
7f0d076a8000-7f0d076a9000 rw-p 00081000 103:02 9179034                   /usr/lib/libncursesw.so.6.6
7f0d076a9000-7f0d076c3000 r--p 00000000 103:02 9196343                   /usr/lib/libxml2.so.16.1.3
7f0d076c3000-7f0d077c1000 r-xp 0001a000 103:02 9196343                   /usr/lib/libxml2.so.16.1.3
7f0d077c1000-7f0d07808000 r--p 00118000 103:02 9196343                   /usr/lib/libxml2.so.16.1.3
7f0d07808000-7f0d07811000 r--p 0015f000 103:02 9196343                   /usr/lib/libxml2.so.16.1.3
7f0d07811000-7f0d07812000 rw-p 00168000 103:02 9196343                   /usr/lib/libxml2.so.16.1.3
7f0d07812000-7f0d07813000 rw-p 00000000 00:00 0 
7f0d07813000-7f0d0782c000 r--p 00000000 103:02 9233260                   /usr/lib/libSPIRV-Tools.so
7f0d0782c000-7f0d07975000 r-xp 00019000 103:02 9233260                   /usr/lib/libSPIRV-Tools.so
7f0d07975000-7f0d079fc000 r--p 00162000 103:02 9233260                   /usr/lib/libSPIRV-Tools.so
7f0d079fc000-7f0d079ff000 r--p 001e9000 103:02 9233260                   /usr/lib/libSPIRV-Tools.so
7f0d079ff000-7f0d07a00000 rw-p 001ec000 103:02 9233260                   /usr/lib/libSPIRV-Tools.so
7f0d07a00000-7f0d0bd30000 r--p 00000000 103:02 9209811                   /usr/lib/libLLVM.so.22.1
7f0d0bd30000-7f0d105f2000 r-xp 0432f000 103:02 9209811                   /usr/lib/libLLVM.so.22.1
7f0d105f2000-7f0d1081a000 r--p 08bf0000 103:02 9209811                   /usr/lib/libLLVM.so.22.1
7f0d1081a000-7f0d10824000 rw-p 08e17000 103:02 9209811                   /usr/lib/libLLVM.so.22.1
7f0d10824000-7f0d108d0000 rw-p 00000000 00:00 0 
7f0d108d0000-7f0d108d4000 rw-s 127a1d000 00:07 525                       /dev/dri/renderD128
7f0d108d4000-7f0d108d7000 r--p 00000000 103:02 9996542                   /usr/lib/python3.14/site-packages/vapoursynth/libvsscript.so
7f0d108d7000-7f0d108dd000 r-xp 00003000 103:02 9996542                   /usr/lib/python3.14/site-packages/vapoursynth/libvsscript.so
7f0d108dd000-7f0d108df000 r--p 00009000 103:02 9996542                   /usr/lib/python3.14/site-packages/vapoursynth/libvsscript.so
7f0d108df000-7f0d108e0000 r--p 0000a000 103:02 9996542                   /usr/lib/python3.14/site-packages/vapoursynth/libvsscript.so
7f0d108e0000-7f0d108e1000 rw-p 0000b000 103:02 9996542                   /usr/lib/python3.14/site-packages/vapoursynth/libvsscript.so
7f0d108e1000-7f0d108e3000 r--p 00000000 103:02 9238167                   /usr/lib/libcdio_cdda.so.2.0.0
7f0d108e3000-7f0d108e9000 r-xp 00002000 103:02 9238167                   /usr/lib/libcdio_cdda.so.2.0.0
7f0d108e9000-7f0d108eb000 r--p 00008000 103:02 9238167                   /usr/lib/libcdio_cdda.so.2.0.0
7f0d108eb000-7f0d108ec000 r--p 00009000 103:02 9238167                   /usr/lib/libcdio_cdda.so.2.0.0
7f0d108ec000-7f0d108ed000 rw-p 0000a000 103:02 9238167                   /usr/lib/libcdio_cdda.so.2.0.0
7f0d108ed000-7f0d108f8000 r--p 00000000 103:02 9182986                   /usr/lib/libzstd.so.1.5.7
7f0d108f8000-7f0d109e8000 r-xp 0000b000 103:02 9182986                   /usr/lib/libzstd.so.1.5.7
7f0d109e8000-7f0d109fe000 r--p 000fb000 103:02 9182986                   /usr/lib/libzstd.so.1.5.7
7f0d109fe000-7f0d109ff000 r--p 00110000 103:02 9182986                   /usr/lib/libzstd.so.1.5.7
7f0d109ff000-7f0d10a00000 rw-p 00111000 103:02 9182986                   /usr/lib/libzstd.so.1.5.7
7f0d10a00000-7f0d10a1a000 r--p 00000000 103:02 9265456                   /usr/lib/libgallium-26.1.6-arch3.1.so
7f0d10a1a000-7f0d129e3000 r-xp 0001a000 103:02 9265456                   /usr/lib/libgallium-26.1.6-arch3.1.so
7f0d129e3000-7f0d13c25000 r--p 01fe3000 103:02 9265456                   /usr/lib/libgallium-26.1.6-arch3.1.so
7f0d13c25000-7f0d13d99000 r--p 03225000 103:02 9265456                   /usr/lib/libgallium-26.1.6-arch3.1.so
7f0d13d99000-7f0d13dcf000 rw-p 03399000 103:02 9265456                   /usr/lib/libgallium-26.1.6-arch3.1.so
7f0d13dcf000-7f0d13f9c000 rw-p 00000000 00:00 0 
7f0d13f9c000-7f0d13f9d000 r--p 00000000 103:02 9238170                   /usr/lib/libcdio_paranoia.so.2.0.0
7f0d13f9d000-7f0d13fa5000 r-xp 00001000 103:02 9238170                   /usr/lib/libcdio_paranoia.so.2.0.0
7f0d13fa5000-7f0d13fa6000 r--p 00009000 103:02 9238170                   /usr/lib/libcdio_paranoia.so.2.0.0
7f0d13fa6000-7f0d13fa7000 r--p 00009000 103:02 9238170                   /usr/lib/libcdio_paranoia.so.2.0.0
7f0d13fa7000-7f0d13fa8000 rw-p 0000a000 103:02 9238170                   /usr/lib/libcdio_paranoia.so.2.0.0
7f0d13fa8000-7f0d13fac000 r--p 00000000 103:02 9226043                   /usr/lib/libass.so.9.4.2
7f0d13fac000-7f0d13fef000 r-xp 00004000 103:02 9226043                   /usr/lib/libass.so.9.4.2
7f0d13fef000-7f0d13ff7000 r--p 00047000 103:02 9226043                   /usr/lib/libass.so.9.4.2
7f0d13ff7000-7f0d13ff8000 r--p 0004f000 103:02 9226043                   /usr/lib/libass.so.9.4.2
7f0d13ff8000-7f0d13ff9000 rw-p 00050000 103:02 9226043                   /usr/lib/libass.so.9.4.2
7f0d13ff9000-7f0d14000000 r--s 00000000 103:02 9266633                   /usr/lib/gconv/gconv-modules.cache
7f0d14000000-7f0d17ff5000 rw-p 00000000 00:00 0 
7f0d17ff5000-7f0d18000000 ---p 00000000 00:00 0 
7f0d18000000-7f0d18006000 r--p 00000000 103:02 263752                    /usr/share/fonts/arial/ArialMdm.ttf
7f0d18006000-7f0d18008000 r--p 00000000 103:02 9217342                   /usr/lib/libpciaccess.so.0.11.1
7f0d18008000-7f0d1800d000 r-xp 00002000 103:02 9217342                   /usr/lib/libpciaccess.so.0.11.1
7f0d1800d000-7f0d1800f000 r--p 00007000 103:02 9217342                   /usr/lib/libpciaccess.so.0.11.1
7f0d1800f000-7f0d18010000 r--p 00008000 103:02 9217342                   /usr/lib/libpciaccess.so.0.11.1
7f0d18010000-7f0d18011000 rw-p 00009000 103:02 9217342                   /usr/lib/libpciaccess.so.0.11.1
7f0d18011000-7f0d18017000 r--p 00000000 103:02 9209760                   /usr/lib/libedit.so.0.0.78
7f0d18017000-7f0d18048000 r-xp 00006000 103:02 9209760                   /usr/lib/libedit.so.0.0.78
7f0d18048000-7f0d18056000 r--p 00037000 103:02 9209760                   /usr/lib/libedit.so.0.0.78
7f0d18056000-7f0d18059000 r--p 00044000 103:02 9209760                   /usr/lib/libedit.so.0.0.78
7f0d18059000-7f0d1805a000 rw-p 00047000 103:02 9209760                   /usr/lib/libedit.so.0.0.78
7f0d1805a000-7f0d1805d000 rw-p 00000000 00:00 0 
7f0d1805d000-7f0d18060000 r--p 00000000 103:02 9217367                   /usr/lib/libdrm_intel.so.1.134.0
7f0d18060000-7f0d1807b000 r-xp 00003000 103:02 9217367                   /usr/lib/libdrm_intel.so.1.134.0
7f0d1807b000-7f0d18085000 r--p 0001e000 103:02 9217367                   /usr/lib/libdrm_intel.so.1.134.0
7f0d18085000-7f0d18086000 r--p 00028000 103:02 9217367                   /usr/lib/libdrm_intel.so.1.134.0
7f0d18086000-7f0d18087000 rw-p 00029000 103:02 9217367                   /usr/lib/libdrm_intel.so.1.134.0
7f0d18087000-7f0d1808a000 r--p 00000000 103:02 9217363                   /usr/lib/libdrm_amdgpu.so.1.134.0
7f0d1808a000-7f0d18091000 r-xp 00003000 103:02 9217363                   /usr/lib/libdrm_amdgpu.so.1.134.0
7f0d18091000-7f0d18093000 r--p 0000a000 103:02 9217363                   /usr/lib/libdrm_amdgpu.so.1.134.0
7f0d18093000-7f0d18094000 r--p 0000c000 103:02 9217363                   /usr/lib/libdrm_amdgpu.so.1.134.0
7f0d18094000-7f0d18095000 rw-p 0000d000 103:02 9217363                   /usr/lib/libdrm_amdgpu.so.1.134.0
7f0d18095000-7f0d18098000 r--p 00000000 103:02 9200800                   /usr/lib/libelf-0.195.so
7f0d18098000-7f0d180ac000 r-xp 00003000 103:02 9200800                   /usr/lib/libelf-0.195.so
7f0d180ac000-7f0d180b0000 r--p 00017000 103:02 9200800                   /usr/lib/libelf-0.195.so
7f0d180b0000-7f0d180b1000 r--p 0001b000 103:02 9200800                   /usr/lib/libelf-0.195.so
7f0d180b1000-7f0d180b2000 rw-p 0001c000 103:02 9200800                   /usr/lib/libelf-0.195.so
7f0d180b2000-7f0d180b5000 r--p 00000000 103:02 9214060                   /usr/lib/libxcb-sync.so.1.0.0
7f0d180b5000-7f0d180b8000 r-xp 00003000 103:02 9214060                   /usr/lib/libxcb-sync.so.1.0.0
7f0d180b8000-7f0d180b9000 r--p 00006000 103:02 9214060                   /usr/lib/libxcb-sync.so.1.0.0
7f0d180b9000-7f0d180ba000 r--p 00007000 103:02 9214060                   /usr/lib/libxcb-sync.so.1.0.0
7f0d180ba000-7f0d180bb000 rw-p 00008000 103:02 9214060                   /usr/lib/libxcb-sync.so.1.0.0
7f0d180bb000-7f0d180c2000 r--p 00000000 103:02 9214039                   /usr/lib/libxcb-randr.so.0.1.0
7f0d180c2000-7f0d180c8000 r-xp 00007000 103:02 9214039                   /usr/lib/libxcb-randr.so.0.1.0
7f0d180c8000-7f0d180cb000 r--p 0000d000 103:02 9214039                   /usr/lib/libxcb-randr.so.0.1.0
7f0d180cb000-7f0d180cc000 r--p 00010000 103:02 9214039                   /usr/lib/libxcb-randr.so.0.1.0
7f0d180cc000-7f0d180cd000 rw-p 00011000 103:02 9214039                   /usr/lib/libxcb-randr.so.0.1.0
7f0d180cd000-7f0d180cf000 r--p 00000000 103:02 9217864                   /usr/lib/libsensors.so.5.0.0
7f0d180cf000-7f0d180d9000 r-xp 00002000 103:02 9217864                   /usr/lib/libsensors.so.5.0.0
7f0d180d9000-7f0d180dd000 r--p 0000c000 103:02 9217864                   /usr/lib/libsensors.so.5.0.0
7f0d180dd000-7f0d180de000 r--p 00010000 103:02 9217864                   /usr/lib/libsensors.so.5.0.0
7f0d180de000-7f0d180df000 rw-p 00011000 103:02 9217864                   /usr/lib/libsensors.so.5.0.0
7f0d180df000-7f0d180e2000 r--p 00000000 103:02 9214066                   /usr/lib/libxcb-xfixes.so.0.0.0
7f0d180e2000-7f0d180e5000 r-xp 00003000 103:02 9214066                   /usr/lib/libxcb-xfixes.so.0.0.0
7f0d180e5000-7f0d180e6000 r--p 00006000 103:02 9214066                   /usr/lib/libxcb-xfixes.so.0.0.0
7f0d180e6000-7f0d180e7000 r--p 00007000 103:02 9214066                   /usr/lib/libxcb-xfixes.so.0.0.0
7f0d180e7000-7f0d180e8000 rw-p 00008000 103:02 9214066                   /usr/lib/libxcb-xfixes.so.0.0.0
7f0d180e8000-7f0d18200000 r--s 00000000 103:02 17439173                  /var/cache/fontconfig/923e285e415b1073c8df160bee08820f-le64.cache-12
7f0d18200000-7f0d1829a000 r--p 00000000 103:02 9178936                   /usr/lib/libstdc++.so.6.0.36
7f0d1829a000-7f0d18477000 r-xp 0009a000 103:02 9178936                   /usr/lib/libstdc++.so.6.0.36
7f0d18477000-7f0d18516000 r--p 00277000 103:02 9178936                   /usr/lib/libstdc++.so.6.0.36
7f0d18516000-7f0d18527000 r--p 00316000 103:02 9178936                   /usr/lib/libstdc++.so.6.0.36
7f0d18527000-7f0d18528000 rw-p 00327000 103:02 9178936                   /usr/lib/libstdc++.so.6.0.36
7f0d18528000-7f0d1852c000 rw-p 00000000 00:00 0 
7f0d1852f000-7f0d18530000 r--p 00000000 103:02 9217824                   /usr/lib/libxshmfence.so.1.0.0
7f0d18530000-7f0d18531000 r-xp 00001000 103:02 9217824                   /usr/lib/libxshmfence.so.1.0.0
7f0d18531000-7f0d18532000 r--p 00002000 103:02 9217824                   /usr/lib/libxshmfence.so.1.0.0
7f0d18532000-7f0d18533000 r--p 00002000 103:02 9217824                   /usr/lib/libxshmfence.so.1.0.0
7f0d18533000-7f0d18534000 rw-p 00003000 103:02 9217824                   /usr/lib/libxshmfence.so.1.0.0
7f0d18534000-7f0d18535000 r--p 00000000 103:02 9214036                   /usr/lib/libxcb-present.so.0.0.0
7f0d18535000-7f0d18536000 r-xp 00001000 103:02 9214036                   /usr/lib/libxcb-present.so.0.0.0
7f0d18536000-7f0d18537000 r--p 00002000 103:02 9214036                   /usr/lib/libxcb-present.so.0.0.0
7f0d18537000-7f0d18538000 r--p 00002000 103:02 9214036                   /usr/lib/libxcb-present.so.0.0.0
7f0d18538000-7f0d18539000 rw-p 00003000 103:02 9214036                   /usr/lib/libxcb-present.so.0.0.0
7f0d18539000-7f0d1853b000 r--p 00000000 103:02 9214030                   /usr/lib/libxcb-dri3.so.0.1.0
7f0d1853b000-7f0d1853d000 r-xp 00002000 103:02 9214030                   /usr/lib/libxcb-dri3.so.0.1.0
7f0d1853d000-7f0d1853e000 r--p 00004000 103:02 9214030                   /usr/lib/libxcb-dri3.so.0.1.0
7f0d1853e000-7f0d1853f000 r--p 00004000 103:02 9214030                   /usr/lib/libxcb-dri3.so.0.1.0
7f0d1853f000-7f0d18540000 rw-p 00005000 103:02 9214030                   /usr/lib/libxcb-dri3.so.0.1.0
7f0d18540000-7f0d18541000 r--p 00000000 103:02 9214057                   /usr/lib/libxcb-shm.so.0.0.0
7f0d18541000-7f0d18542000 r-xp 00001000 103:02 9214057                   /usr/lib/libxcb-shm.so.0.0.0
7f0d18542000-7f0d18543000 r--p 00002000 103:02 9214057                   /usr/lib/libxcb-shm.so.0.0.0
7f0d18543000-7f0d18544000 r--p 00002000 103:02 9214057                   /usr/lib/libxcb-shm.so.0.0.0
7f0d18544000-7f0d18545000 rw-p 00003000 103:02 9214057                   /usr/lib/libxcb-shm.so.0.0.0
7f0d18545000-7f0d18551000 r--p 00000000 103:02 9214033                   /usr/lib/libxcb-glx.so.0.0.0
7f0d18551000-7f0d1855a000 r-xp 0000c000 103:02 9214033                   /usr/lib/libxcb-glx.so.0.0.0
7f0d1855a000-7f0d1855f000 r--p 00015000 103:02 9214033                   /usr/lib/libxcb-glx.so.0.0.0
7f0d1855f000-7f0d18561000 r--p 0001a000 103:02 9214033                   /usr/lib/libxcb-glx.so.0.0.0
7f0d18561000-7f0d18562000 rw-p 0001c000 103:02 9214033                   /usr/lib/libxcb-glx.so.0.0.0
7f0d18562000-7f0d18567000 r--p 00000000 103:02 9217357                   /usr/lib/libdrm.so.2.134.0
7f0d18567000-7f0d18575000 r-xp 00005000 103:02 9217357                   /usr/lib/libdrm.so.2.134.0
7f0d18575000-7f0d18579000 r--p 00013000 103:02 9217357                   /usr/lib/libdrm.so.2.134.0
7f0d18579000-7f0d1857a000 r--p 00017000 103:02 9217357                   /usr/lib/libdrm.so.2.134.0
7f0d1857a000-7f0d1857b000 rw-p 00018000 103:02 9217357                   /usr/lib/libdrm.so.2.134.0
7f0d1857b000-7f0d18580000 r--p 00000000 103:02 9265455                   /usr/lib/libGLX_mesa.so.0.0.0
7f0d18580000-7f0d185c1000 r-xp 00005000 103:02 9265455                   /usr/lib/libGLX_mesa.so.0.0.0
7f0d185c1000-7f0d185d2000 r--p 00046000 103:02 9265455                   /usr/lib/libGLX_mesa.so.0.0.0
7f0d185d2000-7f0d185d6000 r--p 00056000 103:02 9265455                   /usr/lib/libGLX_mesa.so.0.0.0
7f0d185d6000-7f0d185d7000 rw-p 0005a000 103:02 9265455                   /usr/lib/libGLX_mesa.so.0.0.0
7f0d185d7000-7f0d18600000 r--s 00000000 103:02 17436334                  /var/cache/fontconfig/f2e43df3287529323e79e7929dc44cc9-le64.cache-12
7f0d18600000-7f0d19f1a000 r-xp 00000000 103:02 26488011                  /home/arcady/.skiko/skiko-linux-x64-434f7633c843870c0839a1137b128f6c3db3c5d58dcad3545e90827e3e341afb/libskiko-linux-x64.so
7f0d19f1a000-7f0d19f52000 r--p 01919000 103:02 26488011                  /home/arcady/.skiko/skiko-linux-x64-434f7633c843870c0839a1137b128f6c3db3c5d58dcad3545e90827e3e341afb/libskiko-linux-x64.so
7f0d19f52000-7f0d19f55000 rw-p 01951000 103:02 26488011                  /home/arcady/.skiko/skiko-linux-x64-434f7633c843870c0839a1137b128f6c3db3c5d58dcad3545e90827e3e341afb/libskiko-linux-x64.so
7f0d19f55000-7f0d19f5e000 rw-p 00000000 00:00 0 
7f0d19f5e000-7f0d19f5f000 rw-s 00000000 00:01 4228                       /memfd:pipewire-memfd:flags=0x0000000f,type=2,size=2312 (deleted)
7f0d19f60000-7f0d19f61000 r-xp 00000000 00:31 2520                       /tmp/ffiOIA7vN (deleted)
7f0d19f61000-7f0d19f62000 rw-p 00000000 00:00 0 
7f0d19f62000-7f0d19f63000 r--p 00000000 103:02 9217828                   /usr/lib/libXxf86vm.so.1.0.0
7f0d19f63000-7f0d19f67000 r-xp 00001000 103:02 9217828                   /usr/lib/libXxf86vm.so.1.0.0
7f0d19f67000-7f0d19f68000 r--p 00005000 103:02 9217828                   /usr/lib/libXxf86vm.so.1.0.0
7f0d19f68000-7f0d19f69000 r--p 00005000 103:02 9217828                   /usr/lib/libXxf86vm.so.1.0.0
7f0d19f69000-7f0d19f6a000 rw-p 00006000 103:02 9217828                   /usr/lib/libXxf86vm.so.1.0.0
7f0d19f6a000-7f0d19f6b000 r--p 00000000 103:02 9216426                   /usr/lib/libX11-xcb.so.1.0.0
7f0d19f6b000-7f0d19f6c000 r-xp 00001000 103:02 9216426                   /usr/lib/libX11-xcb.so.1.0.0
7f0d19f6c000-7f0d19f6d000 r--p 00002000 103:02 9216426                   /usr/lib/libX11-xcb.so.1.0.0
7f0d19f6d000-7f0d19f6e000 r--p 00002000 103:02 9216426                   /usr/lib/libX11-xcb.so.1.0.0
7f0d19f6e000-7f0d19f6f000 rw-p 00003000 103:02 9216426                   /usr/lib/libX11-xcb.so.1.0.0
7f0d19f6f000-7f0d19f7b000 r--s 00000000 103:02 17436335                  /var/cache/fontconfig/7d660be5d4eca970fa91d6ca176f5ce2-le64.cache-12
7f0d19f7b000-7f0d19f8f000 r--s 00000000 103:02 17436327                  /var/cache/fontconfig/9ca6e536950a5e9260f4a55525eb84c7-le64.cache-12
7f0d19f8f000-7f0d1a031000 r--s 00000000 103:02 17439172                  /var/cache/fontconfig/f6b893a7224233d96cb72fd88691c0b4-le64.cache-12
7f0d1a031000-7f0d1a03d000 r--s 00000000 103:02 17436324                  /var/cache/fontconfig/4b31aef11cb0687b6d280d34cbe23592-le64.cache-12
7f0d1a03d000-7f0d1a03e000 rw-p 00000000 00:00 0 
7f0d1a03e000-7f0d1a042000 ---p 00000000 00:00 0 
7f0d1a042000-7f0d1a13f000 rw-p 00000000 00:00 0 
7f0d1a13f000-7f0d1a143000 ---p 00000000 00:00 0 
7f0d1a143000-7f0d1a240000 rw-p 00000000 00:00 0 
7f0d1a240000-7f0d1a244000 ---p 00000000 00:00 0 
7f0d1a244000-7f0d1a340000 rw-p 00000000 00:00 0 
7f0d1a441000-7f0d1a442000 rw-p 00000000 00:00 0 
7f0d1a442000-7f0d1a446000 ---p 00000000 00:00 0 
7f0d1a446000-7f0d1a543000 rw-p 00000000 00:00 0 
7f0d1a543000-7f0d1a547000 ---p 00000000 00:00 0 
7f0d1a547000-7f0d1a643000 rw-p 00000000 00:00 0 
7f0d1a744000-7f0d1a745000 rw-s 00000000 00:01 20497                      /memfd:pipewire-memfd:flags=0x0000000f,type=2,size=2312 (deleted)
7f0d1a745000-7f0d1a746000 rw-p 00000000 00:00 0 
7f0d1a746000-7f0d1a747000 r--p 00000000 103:02 28594824                  /home/arcady/.gradle/jdks/jetbrains_s_r_o_-21-amd64-linux.2/lib/libjawt.so
7f0d1a747000-7f0d1a748000 r-xp 00001000 103:02 28594824                  /home/arcady/.gradle/jdks/jetbrains_s_r_o_-21-amd64-linux.2/lib/libjawt.so
7f0d1a748000-7f0d1a749000 r--p 00002000 103:02 28594824                  /home/arcady/.gradle/jdks/jetbrains_s_r_o_-21-amd64-linux.2/lib/libjawt.so
7f0d1a749000-7f0d1a74a000 r--p 00002000 103:02 28594824                  /home/arcady/.gradle/jdks/jetbrains_s_r_o_-21-amd64-linux.2/lib/libjawt.so
7f0d1a74a000-7f0d1a74b000 rw-p 00000000 00:00 0 
7f0d1a74b000-7f0d1a74d000 r--p 00000000 103:02 9217809                   /usr/lib/libGLX.so.0.0.0
7f0d1a74d000-7f0d1a768000 r-xp 00002000 103:02 9217809                   /usr/lib/libGLX.so.0.0.0
7f0d1a768000-7f0d1a76b000 r--p 0001d000 103:02 9217809                   /usr/lib/libGLX.so.0.0.0
7f0d1a76b000-7f0d1a76c000 r--p 00020000 103:02 9217809                   /usr/lib/libGLX.so.0.0.0
7f0d1a76c000-7f0d1a76d000 rw-p 00021000 103:02 9217809                   /usr/lib/libGLX.so.0.0.0
7f0d1a76d000-7f0d1a77d000 rw-p 00000000 00:00 0 
7f0d1a77d000-7f0d1a77f000 r--p 00000000 103:02 9217812                   /usr/lib/libGLdispatch.so.0.0.0
7f0d1a77f000-7f0d1a7be000 r-xp 00002000 103:02 9217812                   /usr/lib/libGLdispatch.so.0.0.0
7f0d1a7be000-7f0d1a7d1000 r--p 00041000 103:02 9217812                   /usr/lib/libGLdispatch.so.0.0.0
7f0d1a7d1000-7f0d1a7ed000 r--p 00054000 103:02 9217812                   /usr/lib/libGLdispatch.so.0.0.0
7f0d1a7ed000-7f0d1a7ee000 rw-p 00070000 103:02 9217812                   /usr/lib/libGLdispatch.so.0.0.0
7f0d1a7ee000-7f0d1a7f6000 rw-p 00000000 00:00 0 
7f0d1a7f6000-7f0d1a7f7000 rw-p 00000000 00:00 0 
7f0d1a7f7000-7f0d1a7fb000 ---p 00000000 00:00 0 
7f0d1a7fb000-7f0d1a8f8000 rw-p 00000000 00:00 0 
7f0d1a8f8000-7f0d1a8fc000 ---p 00000000 00:00 0 
7f0d1a8fc000-7f0d1a9f8000 rw-p 00000000 00:00 0 
7f0d1aaf9000-7f0d1aafa000 rw-p 00000000 00:00 0 
7f0d1aafa000-7f0d1aafe000 ---p 00000000 00:00 0 
7f0d1aafe000-7f0d1abfa000 rw-p 00000000 00:00 0 
7f0d1abfc000-7f0d1adfc000 rw-s 1739ac000 00:07 525                       /dev/dri/renderD128
7f0d1adfc000-7f0d1adfd000 rw-p 00000000 00:00 0 
7f0d1adfd000-7f0d1ae01000 ---p 00000000 00:00 0 
7f0d1ae01000-7f0d1aefd000 rw-p 00000000 00:00 0 
7f0d1affe000-7f0d1c000000 rw-p 00000000 00:00 0 
7f0d1c000000-7f0d1eec1000 rw-p 00000000 00:00 0 
7f0d1eec1000-7f0d20000000 ---p 00000000 00:00 0 
7f0d20000000-7f0d2191f000 rw-p 00000000 00:00 0 
7f0d2191f000-7f0d24000000 ---p 00000000 00:00 0 
7f0d24000000-7f0d27feb000 rw-p 00000000 00:00 0 
7f0d27feb000-7f0d28000000 ---p 00000000 00:00 0 
7f0d28000000-7f0d28001000 rw-s 00000000 00:01 12795                      /memfd:pipewire-memfd:flags=0x0000000f,type=2,size=2312 (deleted)
7f0d28001000-7f0d28002000 rw-s 11e917000 00:07 525                       /dev/dri/renderD128
7f0d28002000-7f0d28005000 r--s 00000000 103:02 17436340                  /var/cache/fontconfig/1876b2dcf508980ebba421dbe8e808d3-le64.cache-12
7f0d28005000-7f0d2800b000 r--s 00000000 103:02 17436332                  /var/cache/fontconfig/b67b32625a2bb51b023d3814a918f351-le64.cache-12
7f0d2800b000-7f0d2803a000 r--p 00000000 103:02 9217803                   /usr/lib/libGL.so.1.7.0
7f0d2803a000-7f0d28059000 r-xp 0002f000 103:02 9217803                   /usr/lib/libGL.so.1.7.0
7f0d28059000-7f0d2806e000 r--p 0004e000 103:02 9217803                   /usr/lib/libGL.so.1.7.0
7f0d2806e000-7f0d2807c000 r--p 00062000 103:02 9217803                   /usr/lib/libGL.so.1.7.0
7f0d2807c000-7f0d2807d000 rw-p 00070000 103:02 9217803                   /usr/lib/libGL.so.1.7.0
7f0d2807d000-7f0d2807e000 rw-p 00000000 00:00 0 
7f0d2807e000-7f0d2808c000 r--p 00000000 103:02 9199964                   /usr/lib/libdbus-1.so.3.38.3
7f0d2808c000-7f0d280c2000 r-xp 0000e000 103:02 9199964                   /usr/lib/libdbus-1.so.3.38.3
7f0d280c2000-7f0d280d4000 r--p 00044000 103:02 9199964                   /usr/lib/libdbus-1.so.3.38.3
7f0d280d4000-7f0d280d6000 r--p 00055000 103:02 9199964                   /usr/lib/libdbus-1.so.3.38.3
7f0d280d6000-7f0d280d7000 rw-p 00057000 103:02 9199964                   /usr/lib/libdbus-1.so.3.38.3
7f0d280d7000-7f0d280d8000 rw-p 00000000 00:00 0 
7f0d280d8000-7f0d280dc000 ---p 00000000 00:00 0 
7f0d280dc000-7f0d281d8000 rw-p 00000000 00:00 0 
7f0d282d9000-7f0d292db000 rw-p 00000000 00:00 0 
7f0d292db000-7f0d292df000 r--p 00000000 103:02 9219348                   /usr/lib/gio/modules/libdconfsettings.so
7f0d292df000-7f0d292e6000 r-xp 00004000 103:02 9219348                   /usr/lib/gio/modules/libdconfsettings.so
7f0d292e6000-7f0d292e9000 r--p 0000b000 103:02 9219348                   /usr/lib/gio/modules/libdconfsettings.so
7f0d292e9000-7f0d292ea000 r--p 0000d000 103:02 9219348                   /usr/lib/gio/modules/libdconfsettings.so
7f0d292ea000-7f0d292eb000 rw-p 0000e000 103:02 9219348                   /usr/lib/gio/modules/libdconfsettings.so
7f0d292eb000-7f0d292ed000 r--p 00000000 103:02 9220696                   /usr/lib/libXrandr.so.2.2.0
7f0d292ed000-7f0d292f6000 r-xp 00002000 103:02 9220696                   /usr/lib/libXrandr.so.2.2.0
7f0d292f6000-7f0d292f8000 r--p 0000b000 103:02 9220696                   /usr/lib/libXrandr.so.2.2.0
7f0d292f8000-7f0d292f9000 r--p 0000c000 103:02 9220696                   /usr/lib/libXrandr.so.2.2.0
7f0d292f9000-7f0d292fa000 rw-p 0000d000 103:02 9220696                   /usr/lib/libXrandr.so.2.2.0
7f0d292fa000-7f0d29308000 r--p 00000000 103:02 9201637                   /usr/share/glib-2.0/schemas/gschemas.compiled
7f0d29308000-7f0d2931d000 r--p 00000000 103:02 9190687                   /usr/lib/libsystemd.so.0.44.0
7f0d2931d000-7f0d293f6000 r-xp 00015000 103:02 9190687                   /usr/lib/libsystemd.so.0.44.0
7f0d293f6000-7f0d29445000 r--p 000ee000 103:02 9190687                   /usr/lib/libsystemd.so.0.44.0
7f0d29445000-7f0d2944e000 r--p 0013c000 103:02 9190687                   /usr/lib/libsystemd.so.0.44.0
7f0d2944e000-7f0d2944f000 rw-p 00145000 103:02 9190687                   /usr/lib/libsystemd.so.0.44.0
7f0d2944f000-7f0d29450000 rw-p 00000000 00:00 0 
7f0d29450000-7f0d29453000 r--p 00000000 103:02 9192715                   /usr/lib/libpcre2-8.so.0.15.0
7f0d29453000-7f0d294e7000 r-xp 00003000 103:02 9192715                   /usr/lib/libpcre2-8.so.0.15.0
7f0d294e7000-7f0d29516000 r--p 00097000 103:02 9192715                   /usr/lib/libpcre2-8.so.0.15.0
7f0d29516000-7f0d29517000 r--p 000c5000 103:02 9192715                   /usr/lib/libpcre2-8.so.0.15.0
7f0d29517000-7f0d29518000 rw-p 000c6000 103:02 9192715                   /usr/lib/libpcre2-8.so.0.15.0
7f0d29518000-7f0d29522000 r--p 00000000 103:02 9182319                   /usr/lib/libmount.so.1.1.0
7f0d29522000-7f0d2956b000 r-xp 0000a000 103:02 9182319                   /usr/lib/libmount.so.1.1.0
7f0d2956b000-7f0d2957d000 r--p 00053000 103:02 9182319                   /usr/lib/libmount.so.1.1.0
7f0d2957d000-7f0d2957f000 r--p 00065000 103:02 9182319                   /usr/lib/libmount.so.1.1.0
7f0d2957f000-7f0d29580000 rw-p 00067000 103:02 9182319                   /usr/lib/libmount.so.1.1.0
7f0d29580000-7f0d2959e000 r--p 00000000 103:02 9198934                   /usr/lib/libglib-2.0.so.0.8800.3
7f0d2959e000-7f0d2966c000 r-xp 0001e000 103:02 9198934                   /usr/lib/libglib-2.0.so.0.8800.3
7f0d2966c000-7f0d29700000 r--p 000ec000 103:02 9198934                   /usr/lib/libglib-2.0.so.0.8800.3
7f0d29700000-7f0d29701000 r--p 00180000 103:02 9198934                   /usr/lib/libglib-2.0.so.0.8800.3
7f0d29701000-7f0d29702000 rw-p 00181000 103:02 9198934                   /usr/lib/libglib-2.0.so.0.8800.3
7f0d29702000-7f0d29703000 rw-p 00000000 00:00 0 
7f0d29703000-7f0d29735000 r--p 00000000 103:02 9198920                   /usr/lib/libgio-2.0.so.0.8800.3
7f0d29735000-7f0d29873000 r-xp 00032000 103:02 9198920                   /usr/lib/libgio-2.0.so.0.8800.3
7f0d29873000-7f0d298f2000 r--p 00170000 103:02 9198920                   /usr/lib/libgio-2.0.so.0.8800.3
7f0d298f2000-7f0d298fb000 r--p 001ee000 103:02 9198920                   /usr/lib/libgio-2.0.so.0.8800.3
7f0d298fb000-7f0d298fc000 rw-p 001f7000 103:02 9198920                   /usr/lib/libgio-2.0.so.0.8800.3
7f0d298fc000-7f0d298fe000 rw-p 00000000 00:00 0 
7f0d298fe000-7f0d298ff000 rw-s 17a50c000 00:07 525                       /dev/dri/renderD128
7f0d298ff000-7f0d29900000 rw-s 104013000 00:07 525                       /dev/dri/renderD128
7f0d29900000-7f0d29903000 r--s 00000000 103:02 17436336                  /var/cache/fontconfig/e552019f4ed2e530c25d313cf4ffa813-le64.cache-12
7f0d29903000-7f0d29905000 r--s 00000000 103:02 17436330                  /var/cache/fontconfig/4c31730dec557ab86b580f3ca5555446-le64.cache-12
7f0d29905000-7f0d29908000 r--s 00000000 103:02 17436329                  /var/cache/fontconfig/6ba42ae0000f58711b5caaf10d690066-le64.cache-12
7f0d29908000-7f0d29911000 r--s 00000000 103:02 26488700                  /home/arcady/.cache/fontconfig/72dd03ea2de15255d6d5b020e424504a-le64.cache-12
7f0d29911000-7f0d29913000 r--p 00000000 103:02 28594838                  /home/arcady/.gradle/jdks/jetbrains_s_r_o_-21-amd64-linux.2/lib/libmanagement_ext.so
7f0d29913000-7f0d29916000 r-xp 00002000 103:02 28594838                  /home/arcady/.gradle/jdks/jetbrains_s_r_o_-21-amd64-linux.2/lib/libmanagement_ext.so
7f0d29916000-7f0d29917000 r--p 00005000 103:02 28594838                  /home/arcady/.gradle/jdks/jetbrains_s_r_o_-21-amd64-linux.2/lib/libmanagement_ext.so
7f0d29917000-7f0d29918000 ---p 00006000 103:02 28594838                  /home/arcady/.gradle/jdks/jetbrains_s_r_o_-21-amd64-linux.2/lib/libmanagement_ext.so
7f0d29918000-7f0d29919000 r--p 00006000 103:02 28594838                  /home/arcady/.gradle/jdks/jetbrains_s_r_o_-21-amd64-linux.2/lib/libmanagement_ext.so
7f0d29919000-7f0d2991a000 rw-p 00000000 00:00 0 
7f0d2991a000-7f0d2991c000 r--p 00000000 103:02 28594836                  /home/arcady/.gradle/jdks/jetbrains_s_r_o_-21-amd64-linux.2/lib/libmanagement.so
7f0d2991c000-7f0d2991d000 r-xp 00002000 103:02 28594836                  /home/arcady/.gradle/jdks/jetbrains_s_r_o_-21-amd64-linux.2/lib/libmanagement.so
7f0d2991d000-7f0d2991e000 r--p 00003000 103:02 28594836                  /home/arcady/.gradle/jdks/jetbrains_s_r_o_-21-amd64-linux.2/lib/libmanagement.so
7f0d2991e000-7f0d2991f000 r--p 00003000 103:02 28594836                  /home/arcady/.gradle/jdks/jetbrains_s_r_o_-21-amd64-linux.2/lib/libmanagement.so
7f0d2991f000-7f0d29920000 rw-p 00000000 00:00 0 
7f0d29920000-7f0d29921000 rw-p 00000000 00:00 0 
7f0d29921000-7f0d29925000 ---p 00000000 00:00 0 
7f0d29925000-7f0d29a22000 rw-p 00000000 00:00 0 
7f0d29a22000-7f0d29a26000 ---p 00000000 00:00 0 
7f0d29a26000-7f0d29b23000 rw-p 00000000 00:00 0 
7f0d29b23000-7f0d29b27000 ---p 00000000 00:00 0 
7f0d29b27000-7f0d29c24000 rw-p 00000000 00:00 0 
7f0d29c24000-7f0d29c28000 ---p 00000000 00:00 0 
7f0d29c28000-7f0d29d25000 rw-p 00000000 00:00 0 
7f0d29d25000-7f0d29d29000 ---p 00000000 00:00 0 
7f0d29d29000-7f0d29e25000 rw-p 00000000 00:00 0 
7f0d29e25000-7f0d29e27000 r--p 00000000 103:02 9219098                   /usr/lib/libXfixes.so.3.1.0
7f0d29e27000-7f0d29e2a000 r-xp 00002000 103:02 9219098                   /usr/lib/libXfixes.so.3.1.0
7f0d29e2a000-7f0d29e2b000 r--p 00005000 103:02 9219098                   /usr/lib/libXfixes.so.3.1.0
7f0d29e2b000-7f0d29e2c000 r--p 00006000 103:02 9219098                   /usr/lib/libXfixes.so.3.1.0
7f0d29e2c000-7f0d29e2d000 rw-p 00007000 103:02 9219098                   /usr/lib/libXfixes.so.3.1.0
7f0d29e2d000-7f0d29e30000 r--p 00000000 103:02 9220619                   /usr/lib/libXcursor.so.1.0.2
7f0d29e30000-7f0d29e37000 r-xp 00003000 103:02 9220619                   /usr/lib/libXcursor.so.1.0.2
7f0d29e37000-7f0d29e39000 r--p 0000a000 103:02 9220619                   /usr/lib/libXcursor.so.1.0.2
7f0d29e39000-7f0d29e3a000 r--p 0000b000 103:02 9220619                   /usr/lib/libXcursor.so.1.0.2
7f0d29e3a000-7f0d29e3b000 rw-p 0000c000 103:02 9220619                   /usr/lib/libXcursor.so.1.0.2
7f0d29e3b000-7f0d29e41000 r--p 00000000 103:02 28594814                  /home/arcady/.gradle/jdks/jetbrains_s_r_o_-21-amd64-linux.2/lib/libfontmanager.so
7f0d29e41000-7f0d29fbf000 r-xp 00006000 103:02 28594814                  /home/arcady/.gradle/jdks/jetbrains_s_r_o_-21-amd64-linux.2/lib/libfontmanager.so
7f0d29fbf000-7f0d29ffc000 r--p 00184000 103:02 28594814                  /home/arcady/.gradle/jdks/jetbrains_s_r_o_-21-amd64-linux.2/lib/libfontmanager.so
7f0d29ffc000-7f0d29ffe000 r--p 001c0000 103:02 28594814                  /home/arcady/.gradle/jdks/jetbrains_s_r_o_-21-amd64-linux.2/lib/libfontmanager.so
7f0d29ffe000-7f0d29fff000 rw-p 001c2000 103:02 28594814                  /home/arcady/.gradle/jdks/jetbrains_s_r_o_-21-amd64-linux.2/lib/libfontmanager.so
7f0d29fff000-7f0d2a400000 rw-p 00000000 00:00 0 
7f0d2a400000-7f0d2b500000 rw-p 00000000 00:00 0 
7f0d2b500000-7f0d2b600000 rw-p 00000000 00:00 0 
7f0d2b600000-7f0d2bdc0000 rw-p 00000000 00:00 0 
7f0d2bdc0000-7f0d2bf00000 rw-p 00000000 00:00 0 
7f0d2bf00000-7f0d2c100000 rw-p 00000000 00:00 0 
7f0d2c100000-7f0d2c200000 rw-p 00000000 00:00 0 
7f0d2c200000-7f0d2c580000 rw-p 00000000 00:00 0 
7f0d2c580000-7f0d2c600000 rw-p 00000000 00:00 0 
7f0d2c600000-7f0d2cf00000 rw-p 00000000 00:00 0 
7f0d2cf00000-7f0d2d000000 rw-p 00000000 00:00 0 
7f0d2d000000-7f0d2d800000 rw-p 00000000 00:00 0 
7f0d2d800000-7f0d2da00000 rw-p 00000000 00:00 0 
7f0d2da00000-7f0d2db00000 rw-p 00000000 00:00 0 
7f0d2db00000-7f0d2dc00000 rw-p 00000000 00:00 0 
7f0d2dc00000-7f0d2e000000 rw-p 00000000 00:00 0 
7f0d2e000000-7f0d2fc96000 rw-p 00001000 103:02 28594925                  /home/arcady/.gradle/jdks/jetbrains_s_r_o_-21-amd64-linux.2/lib/server/classes.jsa
7f0d2fc96000-7f0d30000000 ---p 00000000 00:00 0 
7f0d30000000-7f0d30040000 rw-p 00000000 00:00 0 
7f0d30040000-7f0d30080000 rw-p 00000000 00:00 0 
7f0d30080000-7f0d302c0000 rw-p 00000000 00:00 0 
7f0d302c0000-7f0d303e0000 rw-p 00000000 00:00 0 
7f0d303e0000-7f0d30400000 rw-p 00000000 00:00 0 
7f0d30400000-7f0d304c0000 rw-p 00000000 00:00 0 
7f0d304c0000-7f0d30500000 rw-p 00000000 00:00 0 
7f0d30500000-7f0d307f0000 rw-p 00000000 00:00 0 
7f0d307f0000-7f0d70000000 ---p 00000000 00:00 0 
7f0d70000000-7f0d732c7000 rw-p 00000000 00:00 0 
7f0d732c7000-7f0d74000000 ---p 00000000 00:00 0 
7f0d74000000-7f0d77fab000 rw-p 00000000 00:00 0 
7f0d77fab000-7f0d78000000 ---p 00000000 00:00 0 
7f0d78000000-7f0d7ae9d000 rw-p 00000000 00:00 0 
7f0d7ae9d000-7f0d7c000000 ---p 00000000 00:00 0 
7f0d7c000000-7f0d7c001000 rw-s 186a0a000 00:07 525                       /dev/dri/renderD128
7f0d7c001000-7f0d7c003000 r--s 00000000 103:02 17436328                  /var/cache/fontconfig/bfb830de4b3e0bf031b5adbbfd7ab8e8-le64.cache-12
7f0d7c003000-7f0d7c011000 r--p 00000000 103:02 9201637                   /usr/share/glib-2.0/schemas/gschemas.compiled
7f0d7c011000-7f0d7c016000 r--p 00000000 103:02 9182303                   /usr/lib/libblkid.so.1.1.0
7f0d7c016000-7f0d7c049000 r-xp 00005000 103:02 9182303                   /usr/lib/libblkid.so.1.1.0
7f0d7c049000-7f0d7c054000 r--p 00038000 103:02 9182303                   /usr/lib/libblkid.so.1.1.0
7f0d7c054000-7f0d7c05a000 r--p 00042000 103:02 9182303                   /usr/lib/libblkid.so.1.1.0
7f0d7c05a000-7f0d7c05b000 rw-p 00048000 103:02 9182303                   /usr/lib/libblkid.so.1.1.0
7f0d7c05b000-7f0d7c05d000 r--p 00000000 103:02 9198940                   /usr/lib/libgmodule-2.0.so.0.8800.3
7f0d7c05d000-7f0d7c05f000 r-xp 00002000 103:02 9198940                   /usr/lib/libgmodule-2.0.so.0.8800.3
7f0d7c05f000-7f0d7c060000 r--p 00004000 103:02 9198940                   /usr/lib/libgmodule-2.0.so.0.8800.3
7f0d7c060000-7f0d7c061000 r--p 00004000 103:02 9198940                   /usr/lib/libgmodule-2.0.so.0.8800.3
7f0d7c061000-7f0d7c062000 rw-p 00005000 103:02 9198940                   /usr/lib/libgmodule-2.0.so.0.8800.3
7f0d7c062000-7f0d7c06e000 r--p 00000000 103:02 9198945                   /usr/lib/libgobject-2.0.so.0.8800.3
7f0d7c06e000-7f0d7c0b7000 r-xp 0000c000 103:02 9198945                   /usr/lib/libgobject-2.0.so.0.8800.3
7f0d7c0b7000-7f0d7c0d1000 r--p 00055000 103:02 9198945                   /usr/lib/libgobject-2.0.so.0.8800.3
7f0d7c0d1000-7f0d7c0d4000 r--p 0006e000 103:02 9198945                   /usr/lib/libgobject-2.0.so.0.8800.3
7f0d7c0d4000-7f0d7c0d5000 rw-p 00071000 103:02 9198945                   /usr/lib/libgobject-2.0.so.0.8800.3
7f0d7c0d5000-7f0d7c0d8000 r--p 00000000 103:02 9190682                   /usr/lib/libnss_resolve.so.2
7f0d7c0d8000-7f0d7c10b000 r-xp 00003000 103:02 9190682                   /usr/lib/libnss_resolve.so.2
7f0d7c10b000-7f0d7c123000 r--p 00036000 103:02 9190682                   /usr/lib/libnss_resolve.so.2
7f0d7c123000-7f0d7c12a000 r--p 0004e000 103:02 9190682                   /usr/lib/libnss_resolve.so.2
7f0d7c12a000-7f0d7c12b000 rw-p 00055000 103:02 9190682                   /usr/lib/libnss_resolve.so.2
7f0d7c12b000-7f0d7c12f000 r--p 00000000 103:02 9201625                   /usr/lib/libgcc_s.so.1
7f0d7c12f000-7f0d7c15b000 r-xp 00004000 103:02 9201625                   /usr/lib/libgcc_s.so.1
7f0d7c15b000-7f0d7c15f000 r--p 00030000 103:02 9201625                   /usr/lib/libgcc_s.so.1
7f0d7c15f000-7f0d7c160000 r--p 00034000 103:02 9201625                   /usr/lib/libgcc_s.so.1
7f0d7c160000-7f0d7c161000 rw-p 00035000 103:02 9201625                   /usr/lib/libgcc_s.so.1
7f0d7c161000-7f0d7c165000 r--p 00000000 103:02 9190680                   /usr/lib/libnss_mymachines.so.2
7f0d7c165000-7f0d7c1b6000 r-xp 00004000 103:02 9190680                   /usr/lib/libnss_mymachines.so.2
7f0d7c1b6000-7f0d7c1d0000 r--p 00055000 103:02 9190680                   /usr/lib/libnss_mymachines.so.2
7f0d7c1d0000-7f0d7c1d3000 r--p 0006f000 103:02 9190680                   /usr/lib/libnss_mymachines.so.2
7f0d7c1d3000-7f0d7c1d4000 rw-p 00072000 103:02 9190680                   /usr/lib/libnss_mymachines.so.2
7f0d7c1d4000-7f0d7c3d6000 rw-p 00000000 00:00 0 
7f0d7c3d6000-7f0d7c3d9000 r--p 00000000 103:02 9217917                   /usr/lib/libwayland-client.so.0.25.0
7f0d7c3d9000-7f0d7c3e1000 r-xp 00003000 103:02 9217917                   /usr/lib/libwayland-client.so.0.25.0
7f0d7c3e1000-7f0d7c3e4000 r--p 0000b000 103:02 9217917                   /usr/lib/libwayland-client.so.0.25.0
7f0d7c3e4000-7f0d7c3e6000 r--p 0000d000 103:02 9217917                   /usr/lib/libwayland-client.so.0.25.0
7f0d7c3e6000-7f0d7c3e7000 rw-p 0000f000 103:02 9217917                   /usr/lib/libwayland-client.so.0.25.0
7f0d7c3e7000-7f0d7c3f3000 r--p 00000000 103:02 9214087                   /usr/lib/libxcb.so.1.1.0
7f0d7c3f3000-7f0d7c409000 r-xp 0000c000 103:02 9214087                   /usr/lib/libxcb.so.1.1.0
7f0d7c409000-7f0d7c412000 r--p 00022000 103:02 9214087                   /usr/lib/libxcb.so.1.1.0
7f0d7c412000-7f0d7c413000 r--p 0002a000 103:02 9214087                   /usr/lib/libxcb.so.1.1.0
7f0d7c413000-7f0d7c414000 rw-p 0002b000 103:02 9214087                   /usr/lib/libxcb.so.1.1.0
7f0d7c414000-7f0d7c42b000 r--p 00000000 103:02 9216429                   /usr/lib/libX11.so.6.4.0
7f0d7c42b000-7f0d7c4dd000 r-xp 00017000 103:02 9216429                   /usr/lib/libX11.so.6.4.0
7f0d7c4dd000-7f0d7c571000 r--p 000c9000 103:02 9216429                   /usr/lib/libX11.so.6.4.0
7f0d7c571000-7f0d7c574000 r--p 0015d000 103:02 9216429                   /usr/lib/libX11.so.6.4.0
7f0d7c574000-7f0d7c577000 rw-p 00160000 103:02 9216429                   /usr/lib/libX11.so.6.4.0
7f0d7c577000-7f0d7c578000 rw-p 00000000 00:00 0 
7f0d7c578000-7f0d7c58c000 r--p 00000000 103:02 28594810                  /home/arcady/.gradle/jdks/jetbrains_s_r_o_-21-amd64-linux.2/lib/libawt_xawt.so
7f0d7c58c000-7f0d7c5d8000 r-xp 00014000 103:02 28594810                  /home/arcady/.gradle/jdks/jetbrains_s_r_o_-21-amd64-linux.2/lib/libawt_xawt.so
7f0d7c5d8000-7f0d7c5f3000 r--p 00060000 103:02 28594810                  /home/arcady/.gradle/jdks/jetbrains_s_r_o_-21-amd64-linux.2/lib/libawt_xawt.so
7f0d7c5f3000-7f0d7c5f9000 r--p 0007a000 103:02 28594810                  /home/arcady/.gradle/jdks/jetbrains_s_r_o_-21-amd64-linux.2/lib/libawt_xawt.so
7f0d7c5f9000-7f0d7c5fb000 rw-p 00080000 103:02 28594810                  /home/arcady/.gradle/jdks/jetbrains_s_r_o_-21-amd64-linux.2/lib/libawt_xawt.so
7f0d7c5fb000-7f0d7c5fd000 rw-p 00000000 00:00 0 
7f0d7c5fd000-7f0d7c603000 r--p 00000000 103:02 9213699                   /usr/lib/libpng16.so.16.58.0
7f0d7c603000-7f0d7c645000 r-xp 00006000 103:02 9213699                   /usr/lib/libpng16.so.16.58.0
7f0d7c645000-7f0d7c650000 r--p 00048000 103:02 9213699                   /usr/lib/libpng16.so.16.58.0
7f0d7c650000-7f0d7c651000 r--p 00053000 103:02 9213699                   /usr/lib/libpng16.so.16.58.0
7f0d7c651000-7f0d7c652000 rw-p 00054000 103:02 9213699                   /usr/lib/libpng16.so.16.58.0
7f0d7c652000-7f0d7c658000 r--p 00000000 103:02 9213706                   /usr/lib/libfreetype.so.6.20.6
7f0d7c658000-7f0d7c72d000 r-xp 00006000 103:02 9213706                   /usr/lib/libfreetype.so.6.20.6
7f0d7c72d000-7f0d7c758000 r--p 000db000 103:02 9213706                   /usr/lib/libfreetype.so.6.20.6
7f0d7c758000-7f0d7c760000 r--p 00106000 103:02 9213706                   /usr/lib/libfreetype.so.6.20.6
7f0d7c760000-7f0d7c761000 rw-p 0010e000 103:02 9213706                   /usr/lib/libfreetype.so.6.20.6
7f0d7c761000-7f0d7c767000 r--p 00000000 103:02 9213725                   /usr/lib/libfontconfig.so.1.17.0
7f0d7c767000-7f0d7c7a7000 r-xp 00006000 103:02 9213725                   /usr/lib/libfontconfig.so.1.17.0
7f0d7c7a7000-7f0d7c7dc000 r--p 00046000 103:02 9213725                   /usr/lib/libfontconfig.so.1.17.0
7f0d7c7dc000-7f0d7c7e5000 r--p 0007b000 103:02 9213725                   /usr/lib/libfontconfig.so.1.17.0
7f0d7c7e5000-7f0d7c7e6000 rw-p 00084000 103:02 9213725                   /usr/lib/libfontconfig.so.1.17.0
7f0d7c7e6000-7f0d7c805000 r--p 00000000 103:02 28594807                  /home/arcady/.gradle/jdks/jetbrains_s_r_o_-21-amd64-linux.2/lib/libawt.so
7f0d7c805000-7f0d7c8a5000 r-xp 0001f000 103:02 28594807                  /home/arcady/.gradle/jdks/jetbrains_s_r_o_-21-amd64-linux.2/lib/libawt.so
7f0d7c8a5000-7f0d7c8be000 r--p 000bf000 103:02 28594807                  /home/arcady/.gradle/jdks/jetbrains_s_r_o_-21-amd64-linux.2/lib/libawt.so
7f0d7c8be000-7f0d7c8bf000 ---p 000d8000 103:02 28594807                  /home/arcady/.gradle/jdks/jetbrains_s_r_o_-21-amd64-linux.2/lib/libawt.so
7f0d7c8bf000-7f0d7c8c0000 r--p 000d8000 103:02 28594807                  /home/arcady/.gradle/jdks/jetbrains_s_r_o_-21-amd64-linux.2/lib/libawt.so
7f0d7c8c0000-7f0d7c8d4000 rw-p 000d9000 103:02 28594807                  /home/arcady/.gradle/jdks/jetbrains_s_r_o_-21-amd64-linux.2/lib/libawt.so
7f0d7c8d4000-7f0d7c8f9000 rw-p 00000000 00:00 0 
7f0d7c9fa000-7f0d7c9fb000 rw-p 00000000 00:00 0 
7f0d7c9fb000-7f0d7c9ff000 ---p 00000000 00:00 0 
7f0d7c9ff000-7f0d7cafb000 rw-p 00000000 00:00 0 
7f0d7cbfc000-7f0d7cbfd000 rw-p 00000000 00:00 0 
7f0d7cbfd000-7f0d7cc01000 ---p 00000000 00:00 0 
7f0d7cc01000-7f0d7ccfe000 rw-p 00000000 00:00 0 
7f0d7ccfe000-7f0d7cd02000 ---p 00000000 00:00 0 
7f0d7cd02000-7f0d7cdff000 rw-p 00000000 00:00 0 
7f0d7cdff000-7f0d7ce03000 ---p 00000000 00:00 0 
7f0d7ce03000-7f0d7ceff000 rw-p 00000000 00:00 0 
7f0d7d000000-7f0d7d101000 r-xp 00000000 00:31 2514                       /tmp/sqlite-3.51.3.0-826856d4-ef5a-41c0-815c-7c34f80bdfdc-libsqlitejdbc.so
7f0d7d101000-7f0d7d300000 ---p 00101000 00:31 2514                       /tmp/sqlite-3.51.3.0-826856d4-ef5a-41c0-815c-7c34f80bdfdc-libsqlitejdbc.so
7f0d7d300000-7f0d7d308000 rw-p 00100000 00:31 2514                       /tmp/sqlite-3.51.3.0-826856d4-ef5a-41c0-815c-7c34f80bdfdc-libsqlitejdbc.so
7f0d7d308000-7f0d7d30b000 r--s 00000000 103:02 17436325                  /var/cache/fontconfig/f349e9996a5320f6dd491cedd2b1f964-le64.cache-12
7f0d7d30b000-7f0d7d30c000 r--p 00000000 103:02 28594815                  /home/arcady/.gradle/jdks/jetbrains_s_r_o_-21-amd64-linux.2/lib/libfontmanager_xawt.so
7f0d7d30c000-7f0d7d30d000 r-xp 00001000 103:02 28594815                  /home/arcady/.gradle/jdks/jetbrains_s_r_o_-21-amd64-linux.2/lib/libfontmanager_xawt.so
7f0d7d30d000-7f0d7d30e000 r--p 00002000 103:02 28594815                  /home/arcady/.gradle/jdks/jetbrains_s_r_o_-21-amd64-linux.2/lib/libfontmanager_xawt.so
7f0d7d30e000-7f0d7d30f000 r--p 00002000 103:02 28594815                  /home/arcady/.gradle/jdks/jetbrains_s_r_o_-21-amd64-linux.2/lib/libfontmanager_xawt.so
7f0d7d30f000-7f0d7d310000 rw-p 00000000 00:00 0 
7f0d7d310000-7f0d7d311000 r--p 00000000 103:02 9220687                   /usr/lib/libXinerama.so.1.0.0
7f0d7d311000-7f0d7d312000 r-xp 00001000 103:02 9220687                   /usr/lib/libXinerama.so.1.0.0
7f0d7d312000-7f0d7d313000 r--p 00002000 103:02 9220687                   /usr/lib/libXinerama.so.1.0.0
7f0d7d313000-7f0d7d314000 r--p 00002000 103:02 9220687                   /usr/lib/libXinerama.so.1.0.0
7f0d7d314000-7f0d7d315000 rw-p 00003000 103:02 9220687                   /usr/lib/libXinerama.so.1.0.0
7f0d7d315000-7f0d7d316000 rw-p 00000000 00:00 0 
7f0d7d316000-7f0d7d31a000 ---p 00000000 00:00 0 
7f0d7d31a000-7f0d7d417000 rw-p 00000000 00:00 0 
7f0d7d417000-7f0d7d41b000 ---p 00000000 00:00 0 
7f0d7d41b000-7f0d7d518000 rw-p 00000000 00:00 0 
7f0d7d518000-7f0d7d51c000 ---p 00000000 00:00 0 
7f0d7d51c000-7f0d7d619000 rw-p 00000000 00:00 0 
7f0d7d619000-7f0d7d61d000 ---p 00000000 00:00 0 
7f0d7d61d000-7f0d7d71a000 rw-p 00000000 00:00 0 
7f0d7d71a000-7f0d7d71e000 ---p 00000000 00:00 0 
7f0d7d71e000-7f0d7e124000 rw-p 00000000 00:00 0 
7f0d7e124000-7f0d7e128000 ---p 00000000 00:00 0 
7f0d7e128000-7f0d7e225000 rw-p 00000000 00:00 0 
7f0d7e225000-7f0d7e229000 ---p 00000000 00:00 0 
7f0d7e229000-7f0d7e326000 rw-p 00000000 00:00 0 
7f0d7e326000-7f0d7e32a000 ---p 00000000 00:00 0 
7f0d7e32a000-7f0d7e427000 rw-p 00000000 00:00 0 
7f0d7e427000-7f0d7e42b000 ---p 00000000 00:00 0 
7f0d7e42b000-7f0d7e527000 rw-p 00000000 00:00 0 
7f0d7e527000-7f0d7e52c000 r--p 00000000 103:02 28594833                  /home/arcady/.gradle/jdks/jetbrains_s_r_o_-21-amd64-linux.2/lib/libjsvml.so
7f0d7e52c000-7f0d7e56d000 r-xp 00005000 103:02 28594833                  /home/arcady/.gradle/jdks/jetbrains_s_r_o_-21-amd64-linux.2/lib/libjsvml.so
7f0d7e56d000-7f0d7e5f6000 r--p 00046000 103:02 28594833                  /home/arcady/.gradle/jdks/jetbrains_s_r_o_-21-amd64-linux.2/lib/libjsvml.so
7f0d7e5f6000-7f0d7e5f7000 r--p 000ce000 103:02 28594833                  /home/arcady/.gradle/jdks/jetbrains_s_r_o_-21-amd64-linux.2/lib/libjsvml.so
7f0d7e5f7000-7f0d7e5f8000 rw-p 000cf000 103:02 28594833                  /home/arcady/.gradle/jdks/jetbrains_s_r_o_-21-amd64-linux.2/lib/libjsvml.so
7f0d7e5f8000-7f0d7e5f9000 rw-p 00000000 00:00 0 
7f0d7e5f9000-7f0d7e5fd000 ---p 00000000 00:00 0 
7f0d7e5fd000-7f0d7e6fa000 rw-p 00000000 00:00 0 
7f0d7e6fa000-7f0d7e6fe000 ---p 00000000 00:00 0 
7f0d7e6fe000-7f0d7e7fb000 rw-p 00000000 00:00 0 
7f0d7e7fb000-7f0d7e7ff000 ---p 00000000 00:00 0 
7f0d7e7ff000-7f0d7e8fc000 rw-p 00000000 00:00 0 
7f0d7e8fc000-7f0d7e900000 ---p 00000000 00:00 0 
7f0d7e900000-7f0d7e9fd000 rw-p 00000000 00:00 0 
7f0d7e9fd000-7f0d7ea01000 ---p 00000000 00:00 0 
7f0d7ea01000-7f0d7eafe000 rw-p 00000000 00:00 0 
7f0d7eafe000-7f0d7eb02000 ---p 00000000 00:00 0 
7f0d7eb02000-7f0d7ebff000 rw-p 00000000 00:00 0 
7f0d7ebff000-7f0d7ec03000 ---p 00000000 00:00 0 
7f0d7ec03000-7f0d7ed00000 rw-p 00000000 00:00 0 
7f0d7ed00000-7f0d7ed04000 ---p 00000000 00:00 0 
7f0d7ed04000-7f0d7ee00000 rw-p 00000000 00:00 0 
7f0d7ee00000-7f0d7f39e000 r--p 00000000 103:02 9266632                   /usr/lib/locale/locale-archive
7f0d7f39e000-7f0d7f3a0000 r--p 00000000 103:02 9193364                   /usr/lib/libffi.so.8.4.1
7f0d7f3a0000-7f0d7f3a8000 r-xp 00002000 103:02 9193364                   /usr/lib/libffi.so.8.4.1
7f0d7f3a8000-7f0d7f3aa000 r--p 0000a000 103:02 9193364                   /usr/lib/libffi.so.8.4.1
7f0d7f3aa000-7f0d7f3ab000 r--p 0000b000 103:02 9193364                   /usr/lib/libffi.so.8.4.1
7f0d7f3ab000-7f0d7f3ac000 rw-p 0000c000 103:02 9193364                   /usr/lib/libffi.so.8.4.1
7f0d7f3ac000-7f0d7f3af000 r--p 00000000 103:02 9219104                   /usr/lib/libXi.so.6.1.0
7f0d7f3af000-7f0d7f3be000 r-xp 00003000 103:02 9219104                   /usr/lib/libXi.so.6.1.0
7f0d7f3be000-7f0d7f3c1000 r--p 00012000 103:02 9219104                   /usr/lib/libXi.so.6.1.0
7f0d7f3c1000-7f0d7f3c2000 r--p 00014000 103:02 9219104                   /usr/lib/libXi.so.6.1.0
7f0d7f3c2000-7f0d7f3c3000 rw-p 00015000 103:02 9219104                   /usr/lib/libXi.so.6.1.0
7f0d7f3c3000-7f0d7f3c7000 r--p 00000000 103:02 9217243                   /usr/lib/libXext.so.6.4.0
7f0d7f3c7000-7f0d7f3d6000 r-xp 00004000 103:02 9217243                   /usr/lib/libXext.so.6.4.0
7f0d7f3d6000-7f0d7f3d9000 r--p 00013000 103:02 9217243                   /usr/lib/libXext.so.6.4.0
7f0d7f3d9000-7f0d7f3da000 r--p 00016000 103:02 9217243                   /usr/lib/libXext.so.6.4.0
7f0d7f3da000-7f0d7f3db000 rw-p 00017000 103:02 9217243                   /usr/lib/libXext.so.6.4.0
7f0d7f3db000-7f0d7f5dd000 rw-p 00000000 00:00 0 
7f0d7f5dd000-7f0d7f6f7000 rw-p 00000000 00:00 0 
7f0d7f6f7000-7f0d7f8f9000 rw-p 00000000 00:00 0 
7f0d7f8f9000-7f0d83fe3000 rw-p 00000000 00:00 0 
7f0d83fe3000-7f0d84000000 ---p 00000000 00:00 0 
7f0d84000000-7f0d87278000 rw-p 00000000 00:00 0 
7f0d87278000-7f0d88000000 ---p 00000000 00:00 0 
7f0d88000000-7f0d8a3fe000 rw-p 00000000 00:00 0 
7f0d8a3fe000-7f0d8c000000 ---p 00000000 00:00 0 
7f0d8c000000-7f0d8c002000 r--p 00000000 103:02 26398486                  /home/arcady/.config/dconf/user
7f0d8c002000-7f0d8c004000 r--p 00000000 103:02 9213998                   /usr/lib/libXdmcp.so.6.0.0
7f0d8c004000-7f0d8c006000 r-xp 00002000 103:02 9213998                   /usr/lib/libXdmcp.so.6.0.0
7f0d8c006000-7f0d8c008000 r--p 00004000 103:02 9213998                   /usr/lib/libXdmcp.so.6.0.0
7f0d8c008000-7f0d8c009000 r--p 00005000 103:02 9213998                   /usr/lib/libXdmcp.so.6.0.0
7f0d8c009000-7f0d8c00a000 rw-p 00006000 103:02 9213998                   /usr/lib/libXdmcp.so.6.0.0
7f0d8c00a000-7f0d8c00b000 r--p 00000000 103:02 9214002                   /usr/lib/libXau.so.6.0.0
7f0d8c00b000-7f0d8c00c000 r-xp 00001000 103:02 9214002                   /usr/lib/libXau.so.6.0.0
7f0d8c00c000-7f0d8c00d000 r--p 00002000 103:02 9214002                   /usr/lib/libXau.so.6.0.0
7f0d8c00d000-7f0d8c00e000 r--p 00002000 103:02 9214002                   /usr/lib/libXau.so.6.0.0
7f0d8c00e000-7f0d8c00f000 rw-p 00003000 103:02 9214002                   /usr/lib/libXau.so.6.0.0
7f0d8c00f000-7f0d8c010000 r--p 00000000 103:02 9182597                   /usr/lib/libbrotlicommon.so.1.2.0
7f0d8c010000-7f0d8c011000 r-xp 00001000 103:02 9182597                   /usr/lib/libbrotlicommon.so.1.2.0
7f0d8c011000-7f0d8c030000 r--p 00002000 103:02 9182597                   /usr/lib/libbrotlicommon.so.1.2.0
7f0d8c030000-7f0d8c031000 r--p 00021000 103:02 9182597                   /usr/lib/libbrotlicommon.so.1.2.0
7f0d8c031000-7f0d8c032000 rw-p 00022000 103:02 9182597                   /usr/lib/libbrotlicommon.so.1.2.0
7f0d8c032000-7f0d8c034000 r--p 00000000 103:02 9192467                   /usr/lib/libbz2.so.1.0.8
7f0d8c034000-7f0d8c041000 r-xp 00002000 103:02 9192467                   /usr/lib/libbz2.so.1.0.8
7f0d8c041000-7f0d8c043000 r--p 0000f000 103:02 9192467                   /usr/lib/libbz2.so.1.0.8
7f0d8c043000-7f0d8c044000 r--p 00010000 103:02 9192467                   /usr/lib/libbz2.so.1.0.8
7f0d8c044000-7f0d8c045000 rw-p 00011000 103:02 9192467                   /usr/lib/libbz2.so.1.0.8
7f0d8c045000-7f0d8c047000 r--p 00000000 103:02 9199913                   /usr/lib/libexpat.so.1.12.2
7f0d8c047000-7f0d8c070000 r-xp 00002000 103:02 9199913                   /usr/lib/libexpat.so.1.12.2
7f0d8c070000-7f0d8c079000 r--p 0002b000 103:02 9199913                   /usr/lib/libexpat.so.1.12.2
7f0d8c079000-7f0d8c07b000 r--p 00034000 103:02 9199913                   /usr/lib/libexpat.so.1.12.2
7f0d8c07b000-7f0d8c07c000 rw-p 00036000 103:02 9199913                   /usr/lib/libexpat.so.1.12.2
7f0d8c07c000-7f0d8e400000 rw-p 00000000 00:00 0 
7f0d8e400000-7f0d8e401000 r--s 00000000 103:02 17436337                  /var/cache/fontconfig/787b69f04c7448ed6c581b040220c91f-le64.cache-12
7f0d8e41f000-7f0d8e420000 rw-s 00000000 00:01 15642                      /memfd:xshmfence (deleted)
7f0d8e420000-7f0d8e421000 rw-s 14cb77000 00:07 525                       /dev/dri/renderD128
7f0d8e421000-7f0d8e422000 rw-s 00000000 00:01 4226                       /memfd:pipewire-memfd:flags=0x0000000f,type=2,size=2312 (deleted)
7f0d8e422000-7f0d8e423000 rw-s 00000000 00:01 15641                      /memfd:xshmfence (deleted)
7f0d8e424000-7f0d8e425000 rw-p 00000000 00:00 0 
7f0d8e425000-7f0d8e429000 ---p 00000000 00:00 0 
7f0d8e429000-7f0d8e447000 rw-p 00000000 00:00 0 
7f0d8e447000-7f0d8e4e3000 rw-p 00000000 00:00 0 
7f0d8e4e3000-7f0d8e7e6000 rw-p 00000000 00:00 0 
7f0d8e7e6000-7f0d8f047000 rw-p 00000000 00:00 0 
7f0d8f047000-7f0d965b7000 ---p 00000000 00:00 0 
7f0d965b7000-7f0d966ab000 rw-p 00000000 00:00 0 
7f0d966ab000-7f0d97559000 ---p 00000000 00:00 0 
7f0d97559000-7f0d9764d000 rw-p 00000000 00:00 0 
7f0d9764d000-7f0d984fb000 ---p 00000000 00:00 0 
7f0d984fb000-7f0d98a00000 rw-p 00000000 00:00 0 
7f0d98a00000-7f0d9a7c0000 rwxp 00000000 00:00 0 
7f0d9a7c0000-7f0d9ff37000 ---p 00000000 00:00 0 
7f0d9ff37000-7f0da02f7000 rwxp 00000000 00:00 0 
7f0da02f7000-7f0da04c9000 ---p 00000000 00:00 0 
7f0da04c9000-7f0da1189000 rwxp 00000000 00:00 0 
7f0da1189000-7f0da7a00000 ---p 00000000 00:00 0 
7f0da7a00000-7f0dabeaf000 r--s 00000000 103:02 28594915                  /home/arcady/.gradle/jdks/jetbrains_s_r_o_-21-amd64-linux.2/lib/modules
7f0dabeaf000-7f0dabeb0000 rw-p 00000000 00:00 0 
7f0dabeb0000-7f0dabeb1000 r--p 00000000 103:02 9182600                   /usr/lib/libbrotlidec.so.1.2.0
7f0dabeb1000-7f0dabebb000 r-xp 00001000 103:02 9182600                   /usr/lib/libbrotlidec.so.1.2.0
7f0dabebb000-7f0dabebe000 r--p 0000b000 103:02 9182600                   /usr/lib/libbrotlidec.so.1.2.0
7f0dabebe000-7f0dabebf000 r--p 0000d000 103:02 9182600                   /usr/lib/libbrotlidec.so.1.2.0
7f0dabebf000-7f0dabec0000 rw-p 0000e000 103:02 9182600                   /usr/lib/libbrotlidec.so.1.2.0
7f0dabec0000-7f0daff9c000 rw-p 00000000 00:00 0 
7f0daff9c000-7f0db0000000 ---p 00000000 00:00 0 
7f0db0000000-7f0db0002000 r--p 00000000 103:02 9217308                   /usr/lib/libXrender.so.1.3.0
7f0db0002000-7f0db000a000 r-xp 00002000 103:02 9217308                   /usr/lib/libXrender.so.1.3.0
7f0db000a000-7f0db000c000 r--p 0000a000 103:02 9217308                   /usr/lib/libXrender.so.1.3.0
7f0db000c000-7f0db000d000 r--p 0000b000 103:02 9217308                   /usr/lib/libXrender.so.1.3.0
7f0db000d000-7f0db000e000 rw-p 0000c000 103:02 9217308                   /usr/lib/libXrender.so.1.3.0
7f0db000e000-7f0db0012000 r--p 00000000 103:02 28594854                  /home/arcady/.gradle/jdks/jetbrains_s_r_o_-21-amd64-linux.2/lib/libverify.so
7f0db0012000-7f0db0019000 r-xp 00004000 103:02 28594854                  /home/arcady/.gradle/jdks/jetbrains_s_r_o_-21-amd64-linux.2/lib/libverify.so
7f0db0019000-7f0db001b000 r--p 0000b000 103:02 28594854                  /home/arcady/.gradle/jdks/jetbrains_s_r_o_-21-amd64-linux.2/lib/libverify.so
7f0db001b000-7f0db001d000 r--p 0000c000 103:02 28594854                  /home/arcady/.gradle/jdks/jetbrains_s_r_o_-21-amd64-linux.2/lib/libverify.so
7f0db001d000-7f0db043c000 rw-p 00000000 00:00 0 
7f0db043c000-7f0db050d000 ---p 00000000 00:00 0 
7f0db050d000-7f0db0549000 rw-p 00000000 00:00 0 
7f0db0549000-7f0db05f8000 ---p 00000000 00:00 0 
7f0db05f8000-7f0db05fc000 ---p 00000000 00:00 0 
7f0db05fc000-7f0db06f8000 rw-p 00000000 00:00 0 
7f0db06f8000-7f0db0708000 r--p 00000000 103:02 9178136                   /usr/lib/libm.so.6
7f0db0708000-7f0db079e000 r-xp 00010000 103:02 9178136                   /usr/lib/libm.so.6
7f0db079e000-7f0db07fe000 r--p 000a6000 103:02 9178136                   /usr/lib/libm.so.6
7f0db07fe000-7f0db07ff000 r--p 00105000 103:02 9178136                   /usr/lib/libm.so.6
7f0db07ff000-7f0db0800000 rw-p 00106000 103:02 9178136                   /usr/lib/libm.so.6
7f0db0800000-7f0db0aa4000 r--p 00000000 103:02 28594928                  /home/arcady/.gradle/jdks/jetbrains_s_r_o_-21-amd64-linux.2/lib/server/libjvm.so
7f0db0aa4000-7f0db1920000 r-xp 002a4000 103:02 28594928                  /home/arcady/.gradle/jdks/jetbrains_s_r_o_-21-amd64-linux.2/lib/server/libjvm.so
7f0db1920000-7f0db1c08000 r--p 01120000 103:02 28594928                  /home/arcady/.gradle/jdks/jetbrains_s_r_o_-21-amd64-linux.2/lib/server/libjvm.so
7f0db1c08000-7f0db1cdd000 r--p 01407000 103:02 28594928                  /home/arcady/.gradle/jdks/jetbrains_s_r_o_-21-amd64-linux.2/lib/server/libjvm.so
7f0db1cdd000-7f0db1d0d000 rw-p 014dc000 103:02 28594928                  /home/arcady/.gradle/jdks/jetbrains_s_r_o_-21-amd64-linux.2/lib/server/libjvm.so
7f0db1d0d000-7f0db1d84000 rw-p 00000000 00:00 0 
7f0db1d84000-7f0db1d86000 r--p 00000000 103:02 9219889                   /usr/lib/libXtst.so.6.1.0
7f0db1d86000-7f0db1d89000 r-xp 00002000 103:02 9219889                   /usr/lib/libXtst.so.6.1.0
7f0db1d89000-7f0db1d8a000 r--p 00005000 103:02 9219889                   /usr/lib/libXtst.so.6.1.0
7f0db1d8a000-7f0db1d8b000 r--p 00006000 103:02 9219889                   /usr/lib/libXtst.so.6.1.0
7f0db1d8b000-7f0db1d8c000 rw-p 00007000 103:02 9219889                   /usr/lib/libXtst.so.6.1.0
7f0db1d8c000-7f0db1d8d000 r--p 00000000 103:02 28594813                  /home/arcady/.gradle/jdks/jetbrains_s_r_o_-21-amd64-linux.2/lib/libextnet.so
7f0db1d8d000-7f0db1d8e000 r-xp 00001000 103:02 28594813                  /home/arcady/.gradle/jdks/jetbrains_s_r_o_-21-amd64-linux.2/lib/libextnet.so
7f0db1d8e000-7f0db1d8f000 r--p 00002000 103:02 28594813                  /home/arcady/.gradle/jdks/jetbrains_s_r_o_-21-amd64-linux.2/lib/libextnet.so
7f0db1d8f000-7f0db1d90000 r--p 00002000 103:02 28594813                  /home/arcady/.gradle/jdks/jetbrains_s_r_o_-21-amd64-linux.2/lib/libextnet.so
7f0db1d90000-7f0db1d91000 rw-p 00000000 00:00 0 
7f0db1d91000-7f0db1d94000 r--p 00000000 103:02 28594843                  /home/arcady/.gradle/jdks/jetbrains_s_r_o_-21-amd64-linux.2/lib/libnet.so
7f0db1d94000-7f0db1d9c000 r-xp 00003000 103:02 28594843                  /home/arcady/.gradle/jdks/jetbrains_s_r_o_-21-amd64-linux.2/lib/libnet.so
7f0db1d9c000-7f0db1d9e000 r--p 0000b000 103:02 28594843                  /home/arcady/.gradle/jdks/jetbrains_s_r_o_-21-amd64-linux.2/lib/libnet.so
7f0db1d9e000-7f0db1d9f000 ---p 0000d000 103:02 28594843                  /home/arcady/.gradle/jdks/jetbrains_s_r_o_-21-amd64-linux.2/lib/libnet.so
7f0db1d9f000-7f0db1da0000 r--p 0000d000 103:02 28594843                  /home/arcady/.gradle/jdks/jetbrains_s_r_o_-21-amd64-linux.2/lib/libnet.so
7f0db1da0000-7f0db1da1000 rw-p 00000000 00:00 0 
7f0db1da1000-7f0db1da8000 r--p 00000000 103:02 28594846                  /home/arcady/.gradle/jdks/jetbrains_s_r_o_-21-amd64-linux.2/lib/libnio.so
7f0db1da8000-7f0db1db1000 r-xp 00007000 103:02 28594846                  /home/arcady/.gradle/jdks/jetbrains_s_r_o_-21-amd64-linux.2/lib/libnio.so
7f0db1db1000-7f0db1db5000 r--p 00010000 103:02 28594846                  /home/arcady/.gradle/jdks/jetbrains_s_r_o_-21-amd64-linux.2/lib/libnio.so
7f0db1db5000-7f0db1db6000 ---p 00014000 103:02 28594846                  /home/arcady/.gradle/jdks/jetbrains_s_r_o_-21-amd64-linux.2/lib/libnio.so
7f0db1db6000-7f0db1db7000 r--p 00014000 103:02 28594846                  /home/arcady/.gradle/jdks/jetbrains_s_r_o_-21-amd64-linux.2/lib/libnio.so
7f0db1db7000-7f0db1db8000 rw-p 00015000 103:02 28594846                  /home/arcady/.gradle/jdks/jetbrains_s_r_o_-21-amd64-linux.2/lib/libnio.so
7f0db1db8000-7f0db1dba000 r--p 00000000 103:02 28594858                  /home/arcady/.gradle/jdks/jetbrains_s_r_o_-21-amd64-linux.2/lib/libzip.so
7f0db1dba000-7f0db1dbe000 r-xp 00002000 103:02 28594858                  /home/arcady/.gradle/jdks/jetbrains_s_r_o_-21-amd64-linux.2/lib/libzip.so
7f0db1dbe000-7f0db1dc0000 r--p 00006000 103:02 28594858                  /home/arcady/.gradle/jdks/jetbrains_s_r_o_-21-amd64-linux.2/lib/libzip.so
7f0db1dc0000-7f0db1dc1000 r--p 00007000 103:02 28594858                  /home/arcady/.gradle/jdks/jetbrains_s_r_o_-21-amd64-linux.2/lib/libzip.so
7f0db1dc1000-7f0db1dca000 rw-p 00000000 00:00 0 
7f0db1dca000-7f0db1dce000 ---p 00000000 00:00 0 
7f0db1dce000-7f0db1ddb000 r--p 00000000 103:02 28594822                  /home/arcady/.gradle/jdks/jetbrains_s_r_o_-21-amd64-linux.2/lib/libjava.so
7f0db1ddb000-7f0db1dea000 r-xp 0000d000 103:02 28594822                  /home/arcady/.gradle/jdks/jetbrains_s_r_o_-21-amd64-linux.2/lib/libjava.so
7f0db1dea000-7f0db1df0000 r--p 0001c000 103:02 28594822                  /home/arcady/.gradle/jdks/jetbrains_s_r_o_-21-amd64-linux.2/lib/libjava.so
7f0db1df0000-7f0db1df1000 r--p 00021000 103:02 28594822                  /home/arcady/.gradle/jdks/jetbrains_s_r_o_-21-amd64-linux.2/lib/libjava.so
7f0db1df1000-7f0db1df2000 rw-p 00022000 103:02 28594822                  /home/arcady/.gradle/jdks/jetbrains_s_r_o_-21-amd64-linux.2/lib/libjava.so
7f0db1df2000-7f0db1df3000 rw-p 00000000 00:00 0 
7f0db1df3000-7f0db1df5000 r--p 00000000 103:02 28594817                  /home/arcady/.gradle/jdks/jetbrains_s_r_o_-21-amd64-linux.2/lib/libinstrument.so
7f0db1df5000-7f0db1dfb000 r-xp 00002000 103:02 28594817                  /home/arcady/.gradle/jdks/jetbrains_s_r_o_-21-amd64-linux.2/lib/libinstrument.so
7f0db1dfb000-7f0db1dfe000 r--p 00008000 103:02 28594817                  /home/arcady/.gradle/jdks/jetbrains_s_r_o_-21-amd64-linux.2/lib/libinstrument.so
7f0db1dfe000-7f0db1dff000 r--p 0000a000 103:02 28594817                  /home/arcady/.gradle/jdks/jetbrains_s_r_o_-21-amd64-linux.2/lib/libinstrument.so
7f0db1dff000-7f0db1e00000 rw-p 0000b000 103:02 28594817                  /home/arcady/.gradle/jdks/jetbrains_s_r_o_-21-amd64-linux.2/lib/libinstrument.so
7f0db1e00000-7f0db1e24000 r--p 00000000 103:02 9178120                   /usr/lib/libc.so.6
7f0db1e24000-7f0db1fd1000 r-xp 00024000 103:02 9178120                   /usr/lib/libc.so.6
7f0db1fd1000-7f0db2049000 r--p 001d1000 103:02 9178120                   /usr/lib/libc.so.6
7f0db2049000-7f0db204d000 r--p 00248000 103:02 9178120                   /usr/lib/libc.so.6
7f0db204d000-7f0db204f000 rw-p 0024c000 103:02 9178120                   /usr/lib/libc.so.6
7f0db204f000-7f0db2057000 rw-p 00000000 00:00 0 
7f0db2057000-7f0db2058000 rw-p 00000000 00:00 0 
7f0db2058000-7f0db2059000 r--s 00000000 00:4c 187                        /run/user/1000/dconf/user
7f0db2059000-7f0db2061000 rw-s 00000000 00:31 2510                       /tmp/hsperfdata_arcady/25105
7f0db2061000-7f0db2062000 ---p 00000000 00:00 0 
7f0db2062000-7f0db2063000 r--p 00000000 00:00 0 
7f0db2063000-7f0db2064000 ---p 00000000 00:00 0 
7f0db2064000-7f0db2067000 r--p 00000000 103:02 28594827                  /home/arcady/.gradle/jdks/jetbrains_s_r_o_-21-amd64-linux.2/lib/libjimage.so
7f0db2067000-7f0db207b000 r-xp 00003000 103:02 28594827                  /home/arcady/.gradle/jdks/jetbrains_s_r_o_-21-amd64-linux.2/lib/libjimage.so
7f0db207b000-7f0db2081000 r--p 00017000 103:02 28594827                  /home/arcady/.gradle/jdks/jetbrains_s_r_o_-21-amd64-linux.2/lib/libjimage.so
7f0db2081000-7f0db2082000 ---p 0001d000 103:02 28594827                  /home/arcady/.gradle/jdks/jetbrains_s_r_o_-21-amd64-linux.2/lib/libjimage.so
7f0db2082000-7f0db2084000 r--p 0001d000 103:02 28594827                  /home/arcady/.gradle/jdks/jetbrains_s_r_o_-21-amd64-linux.2/lib/libjimage.so
7f0db2084000-7f0db2085000 rw-p 0001f000 103:02 28594827                  /home/arcady/.gradle/jdks/jetbrains_s_r_o_-21-amd64-linux.2/lib/libjimage.so
7f0db2085000-7f0db2086000 r--p 00000000 103:02 9178168                   /usr/lib/librt.so.1
7f0db2086000-7f0db2087000 r-xp 00001000 103:02 9178168                   /usr/lib/librt.so.1
7f0db2087000-7f0db2088000 r--p 00002000 103:02 9178168                   /usr/lib/librt.so.1
7f0db2088000-7f0db2089000 r--p 00002000 103:02 9178168                   /usr/lib/librt.so.1
7f0db2089000-7f0db208a000 rw-p 00003000 103:02 9178168                   /usr/lib/librt.so.1
7f0db208a000-7f0db208e000 rw-p 00000000 00:00 0 
7f0db208e000-7f0db208f000 r--p 00000000 103:02 9178129                   /usr/lib/libdl.so.2
7f0db208f000-7f0db2090000 r-xp 00001000 103:02 9178129                   /usr/lib/libdl.so.2
7f0db2090000-7f0db2091000 r--p 00002000 103:02 9178129                   /usr/lib/libdl.so.2
7f0db2091000-7f0db2092000 r--p 00002000 103:02 9178129                   /usr/lib/libdl.so.2
7f0db2092000-7f0db2093000 rw-p 00003000 103:02 9178129                   /usr/lib/libdl.so.2
7f0db2093000-7f0db2094000 r--p 00000000 103:02 9178162                   /usr/lib/libpthread.so.0
7f0db2094000-7f0db2095000 r-xp 00001000 103:02 9178162                   /usr/lib/libpthread.so.0
7f0db2095000-7f0db2096000 r--p 00002000 103:02 9178162                   /usr/lib/libpthread.so.0
7f0db2096000-7f0db2097000 r--p 00002000 103:02 9178162                   /usr/lib/libpthread.so.0
7f0db2097000-7f0db2098000 rw-p 00003000 103:02 9178162                   /usr/lib/libpthread.so.0
7f0db2098000-7f0db209a000 r--p 00000000 103:02 28594828                  /home/arcady/.gradle/jdks/jetbrains_s_r_o_-21-amd64-linux.2/lib/libjli.so
7f0db209a000-7f0db20a4000 r-xp 00002000 103:02 28594828                  /home/arcady/.gradle/jdks/jetbrains_s_r_o_-21-amd64-linux.2/lib/libjli.so
7f0db20a4000-7f0db20a7000 r--p 0000c000 103:02 28594828                  /home/arcady/.gradle/jdks/jetbrains_s_r_o_-21-amd64-linux.2/lib/libjli.so
7f0db20a7000-7f0db20a8000 ---p 0000f000 103:02 28594828                  /home/arcady/.gradle/jdks/jetbrains_s_r_o_-21-amd64-linux.2/lib/libjli.so
7f0db20a8000-7f0db20a9000 r--p 0000f000 103:02 28594828                  /home/arcady/.gradle/jdks/jetbrains_s_r_o_-21-amd64-linux.2/lib/libjli.so
7f0db20a9000-7f0db20aa000 rw-p 00010000 103:02 28594828                  /home/arcady/.gradle/jdks/jetbrains_s_r_o_-21-amd64-linux.2/lib/libjli.so
7f0db20aa000-7f0db20ad000 r--p 00000000 103:02 9219791                   /usr/lib/libz.so.1.3.1.zlib-ng
7f0db20ad000-7f0db20d7000 r-xp 00003000 103:02 9219791                   /usr/lib/libz.so.1.3.1.zlib-ng
7f0db20d7000-7f0db20e0000 r--p 0002d000 103:02 9219791                   /usr/lib/libz.so.1.3.1.zlib-ng
7f0db20e0000-7f0db20e1000 r--p 00035000 103:02 9219791                   /usr/lib/libz.so.1.3.1.zlib-ng
7f0db20e1000-7f0db20e2000 rw-p 00036000 103:02 9219791                   /usr/lib/libz.so.1.3.1.zlib-ng
7f0db20e2000-7f0db20e4000 rw-p 00000000 00:00 0 
7f0db20e4000-7f0db211a000 r--p 00000000 103:02 8914054                   /etc/ld.so.cache
7f0db211a000-7f0db211e000 r--p 00000000 00:00 0                          [vvar]
7f0db211e000-7f0db2120000 r--p 00000000 00:00 0                          [vvar_vclock]
7f0db2120000-7f0db2122000 r-xp 00000000 00:00 0                          [vdso]
7f0db2122000-7f0db2123000 r--p 00000000 103:02 9178108                   /usr/lib/ld-linux-x86-64.so.2
7f0db2123000-7f0db2154000 r-xp 00001000 103:02 9178108                   /usr/lib/ld-linux-x86-64.so.2
7f0db2154000-7f0db2164000 r--p 00032000 103:02 9178108                   /usr/lib/ld-linux-x86-64.so.2
7f0db2164000-7f0db2166000 r--p 00041000 103:02 9178108                   /usr/lib/ld-linux-x86-64.so.2
7f0db2166000-7f0db2167000 rw-p 00043000 103:02 9178108                   /usr/lib/ld-linux-x86-64.so.2
7f0db2167000-7f0db2168000 rw-p 00000000 00:00 0 
7ffe3f44e000-7ffe3f477000 rw-p 00000000 00:00 0                          [stack]
ffffffffff600000-ffffffffff601000 --xp 00000000 00:00 0                  [vsyscall]
Total number of mappings: 1841

JVMTI agents:
/home/arcady/.gradle/caches/modules-2/files-2.1/org.jetbrains.compose.hot-reload/hot-reload-agent/1.1.1/15bff959a6459c2786e055fba794266fade25ade/hot-reload-agent-1.1.1.jar path:none, loaded, initialized, instrumentlib options:none


VM Arguments:
jvm_args: -Dcompose.reload.argfile=/home/arcady/Documents/cove/app/desktop/build/run/main/main.argfile -Dcompose.reload.build.continuous=false -Dcompose.reload.build.warmup=true -Dcompose.reload.buildSystem=Gradle -Dcompose.reload.devToolsClasspath=/home/arcady/.gradle/caches/modules-2/files-2.1/org.jetbrains.compose.hot-reload/hot-reload-devtools/1.1.1/bc27016efe338fc35c213cac2349d477adc08095/hot-reload-devtools-1.1.1.jar:/home/arcady/.gradle/caches/modules-2/files-2.1/org.jetbrains.compose.hot-reload/hot-reload-devtools-api/1.1.1/78295e7e36c6e1258d87e238865978a1a980da99/hot-reload-devtools-api-1.1.1.jar:/home/arcady/.gradle/caches/modules-2/files-2.1/org.jetbrains.compose.hot-reload/hot-reload-orchestration/1.1.1/7b5f9ed6f49115dd0ab30a91bd22214f101d23f/hot-reload-orchestration-1.1.1.jar:/home/arcady/.gradle/caches/modules-2/files-2.1/org.jetbrains.compose.hot-reload/hot-reload-core/1.1.1/f31266b5813648696560864a541a2fe784a0a671/hot-reload-core-1.1.1.jar:/home/arcady/.gradle/caches/modules-2/files-2.1/org.jetbrains.compose.hot-reload/hot-reload-runtime-api-jvm/1.1.1/61c13a79480c55140cbd9fe1ca651d86efcbee7/hot-reload-runtime-api-jvm-1.1.1.jar:/home/arcady/.gradle/caches/modules-2/files-2.1/org.jetbrains.compose.desktop/desktop-jvm/1.10.0/42facd9840309ac4eb841a986c5d1b97d2780471/desktop-jvm-1.10.0.jar:/home/arcady/.gradle/caches/modules-2/files-2.1/org.jetbrains.compose.components/components-resources-desktop/1.10.0/c6115b607f77e9d033de360f989850d3824bf112/library-desktop-1.10.0.jar:/home/arcady/.gradle/caches/modules-2/files-2.1/io.sellmair/evas-compose-jvm/1.4.0/a89b78f345d4a21a29c295820e4aa931aec1b93b/evas-compose-jvm-1.4.0.jar:/home/arcady/.gradle/caches/modules-2/files-2.1/io.sellmair/evas-jvm/1.4.0/3c6955af5c56c65290575b2b998ec166c5079de4/evas-jvm-1.4.0.jar:/home/arcady/.gradle/caches/modules-2/files-2.1/org.jetbrains.skiko/skiko-awt-runtime-linux-x64/0.9.37.3/aa9d80683c4b8fd560e22eb53a70b335e8281b66/skiko-awt-runtime-linux-x64-0.9.37.3.jar:/home/arcady/.gradle/caches/modules-2/files-2.1/org.jetbrains.compose.material3/material3-desktop/1.9.0/19004c4eb3dc6618eb66a076bbe3d7e1a2e7b85/material3-desktop-1.9.0.jar:/home/arcady/.gradle/caches/modules-2/files-2.1/org.jetbrains-Dcompose.reload.devToolsDetached=false -Dcompose.reload.devToolsEnabled=true -Dcompose.reload.devToolsHeadless=false -Dcompose.reload.devToolsTransparencyEnabled=false -Dcompose.reload.dirtyResolveDepthLimit=5 -Dcompose.reload.effectsEnabled=true -Dcompose.reload.isActive=true -Dcompose.reload.launchMode=GradleBlocking -Dcompose.reload.logLevel=Info -Dcompose.reload.logStdout=false -Dcompose.reload.mainClass=com.coveninja.cove.desktop.MainKt -Dcompose.reload.pidFile=/home/arcady/Documents/cove/app/desktop/build/run/main/main.pid -Dcompose.reload.staticsReinitializeMode=AllDirty -Dcompose.reload.virtualMethodResolveEnabled=true -Dgradle.build.project=:desktop -Dgradle.build.root=/home/arcady/Documents/cove/app -Dgradle.build.task=hotReloadMain -Dgradle.offline.mode=false -Dorg.gradle.java.home=/home/arcady/.local/share/JetBrains/Toolbox/apps/intellij-idea/jbr -XX:+IgnoreUnrecognizedVMOptions -XX:+AllowEnhancedClassRedefinition -javaagent:/home/arcady/.gradle/caches/modules-2/files-2.1/org.jetbrains.compose.hot-reload/hot-reload-agent/1.1.1/15bff959a6459c2786e055fba794266fade25ade/hot-reload-agent-1.1.1.jar -Dfile.encoding=UTF-8 -Duser.country=US -Duser.language=en -Duser.variant -Dawt.toolkit.name=XToolkit 
java_command: com.coveninja.cove.desktop.MainKt
java_class_path (initial): /home/arcady/.gradle/caches/modules-2/files-2.1/org.jetbrains.compose.hot-reload/hot-reload-agent/1.1.1/15bff959a6459c2786e055fba794266fade25ade/hot-reload-agent-1.1.1.jar:/home/arcady/.gradle/caches/modules-2/files-2.1/org.jetbrains.compose.hot-reload/hot-reload-orchestration/1.1.1/7b5f9ed6f49115dd0ab30a91bd22214f101d23f/hot-reload-orchestration-1.1.1.jar:/home/arcady/.gradle/caches/modules-2/files-2.1/org.jetbrains.compose.hot-reload/hot-reload-analysis/1.1.1/b85d3c35d1e89e3328b734d164758535901fe4b5/hot-reload-analysis-1.1.1.jar:/home/arcady/.gradle/caches/modules-2/files-2.1/org.jetbrains.compose.hot-reload/hot-reload-core/1.1.1/f31266b5813648696560864a541a2fe784a0a671/hot-reload-core-1.1.1.jar:/home/arcady/.gradle/caches/modules-2/files-2.1/org.javassist/javassist/3.30.2-GA/284580b5e42dfa1b8267058566435d9e93fae7f7/javassist-3.30.2-GA.jar:/home/arcady/.gradle/caches/modules-2/files-2.1/org.ow2.asm/asm-tree/9.9.1/b6b1b3366296163b4b1f540731aad0a2baa484d8/asm-tree-9.9.1.jar:/home/arcady/.gradle/caches/modules-2/files-2.1/org.ow2.asm/asm/9.9.1/2ceea6ab43bcae1979b2a6d85fc0ca429877e5ab/asm-9.9.1.jar:/home/arcady/.gradle/caches/modules-2/files-2.1/org.jetbrains.compose.hot-reload/hot-reload-annotations-jvm/1.1.1/4c2dbc6fe7ff43481c1ef134b21219e0f76b66f9/hot-reload-annotations-jvm-1.1.1.jar:/home/arcady/Documents/cove/app/desktop/build/run/main/classpath/hot:/home/arcady/Documents/cove/app/desktop/build/run/main/classpath/classes:/home/arcady/Documents/cove/app/desktop/build/run/main/classpath/libs/backend/-3ga6dke/backend-desktop.jar:/home/arcady/Documents/cove/app/desktop/build/run/main/classpath/libs/ui/aic1m96/ui-desktop.jar:/home/arcady/Documents/cove/app/desktop/build/run/main/classpath/libs/shared/-4m2l5mk/shared-desktop.jar:/home/arcady/.gradle/caches/modules-2/files-2.1/org.jetbrains.compose.hot-reload/hot-reload-runtime-jvm/1.1.1/501822c4866027236f6b7e925f6b46e99136b560/hot-reload-runtime-jvm-1.1.1.jar:/home/arcady/.gradle/caches/modules-2/files-2.1/app.cash.sqldelight/coroutines-extensions-jvm/2.3.2/d173c66e5dac733184a7c23a7809f93330ffd3b7/sqldelight-coroutines-extensions-jvm-2.3.2.jar:/home/arcady/.gradle/caches/modules-2/files-2.1/io.ktor/ktor-client-content-negotiation-jvm/3.5.1/d8e8b3cbcd66160ecb0274eb5ef23cb12dbc431c/ktor-client-content-negotiation-jvm-3.5.1.jar:/home/arcady/.gradle/caches/modules-2/files-2.1/io.ktor/ktor-client-cio-jvm/3.5.1/573f85f4f30f07998fbc75c812f0ed2f8f2c27aa/ktor-client-cio-jvm-3.5.1.jar:/home/arcady/.gradle/caches/modules-2/files-2.1/io.ktor/ktor-client-okhttp-jvm/3.5.1/f3616f56c9354da06f4bc7d4f9b0a0850ac20ca1/ktor-client-okhttp-jvm-3.5.1.jar:/home/arcady/.gradle/caches/modules-2/files-2.1/io.coil-kt.coil3/coil-network-ktor3-jvm/3.5.0/d85dbeb646cf44c53a733fcb63cc82f6a6d54f16/coil-network-ktor3-jvm-3.5.0.jar:/home/arcady/.gradle/caches/modules-2/files-2.1/io.ktor/ktor-client-core-jvm/3.5.1/87b25b4cd59e949d0514ebc7f027510b35ff6d2f/ktor-client-core-jvm-3.5.1.jar:/home/arcady/.gradle/caches/modules-2/files-2.1/io.ktor/ktor-serialization-kotlinx-json-jvm/3.5.1/99dbf20f4082d37d8e7cfa9d956d0cf38881d8e8/ktor-serialization-kotlinx-json-jvm-3.5.1.jar:/home/arcady/.gradle/caches/modules-2/files-2.1/io.ktor/ktor-server-cio-jvm/3.5.1/32e77bcedfd525dd0037cfd7cfa1f4b927266681/ktor-server-cio-jvm-3.5.1.jar:/home/arcady/.gradle/caches/modules-2/files-2.1/io.ktor/ktor-server-content-negotiation-jvm/3.5.1/7eba258119a98b66a6407c8dda2dee9e3ead8359/ktor-server-content-negotiation-jvm-3.5.1.jar:/home/arcady/.gradle/caches/modules-2/files-2.1/io.ktor/ktor-server-cors-jvm/3.5.1/708ab69951e06ea64164ba3d91556b95d0c26ac/ktor-server-cors-jvm-3.5.1.jar:/home/arcady/.gradle/caches/modules-2/files-2.1/io.ktor/ktor-server-partial-content-jvm/3.5.1/6c8578424cfe06dff01e5e38226879bc039099d1/ktor-server-partial-content-jvm-3.5.1.jar:/home/arcady/.gradle/caches/modules-2/files-2.1/io.ktor/ktor-server-sse-jvm/3.5.1/3716b55aa493d0d6571111fba3c954d5de705866/ktor-server-sse-jvm-3.5.1.jar:/home/arcady/.gradle/caches/modules-2/files-2.1/io.ktor/ktor-server-status-pages-jvm/3.5.1/14941f6546db5e0a4bc4b0b7ae1fb750fcff2fa0/ktor-server-status-pages-jvm-3.5.1.jar:/home/arcady/.gradle/caches/modules-2/files-2.1/io.ktor/ktor-server-conditional-headers-jvm/3.5.1/23be1d505ff894503616920c91cb021c656dbb66/ktor-server-conditional-headers-jvm-3.5.1.jar:/home/arcady/.gradle/caches/modules-2/files-2.1/io.ktor/ktor-server-core-jvm/3.5.1/7acc00c03828a37686de8cb90e47e4a0ed7e8408/ktor-server-core-jvm-3.5.1.jar:/home/arcady/.gradle/caches/modules-2/files-2.1/org.jetbrains.compose.desktop/desktop-jvm/1.11.1/1fee826ff9d1fafd500b57a22facfc0236bc14c7/desktop-jvm-1.11.1.jar:/home/arcady/.gradle/caches/modules-2/files-2.1/org.jetbrains.skiko/skiko-awt-runtime-linux-x64/0.144.6/291f8626a2fecd06e9f585424360560189ab7303/skiko-awt-runtime-linux-x64-0.144.6.jar:/home/arcady/.gradle/caches/modules-2/files-2.1/org.jetbrains.compose.material3/material3-desktop/1.9.0/19004c4eb3dc6618eb66a076bbe3d7e1a2e7b85/material3-desktop-1.9.0.jar:/home/arcady/.gradle/caches/modules-2/files-2.1/org.jetbrains.compose.material/material-desktop/1.11.1/2891a6f3a62dc4c367636a521d1b680a7d6ff6d/material-desktop-1.11.1.jar:/home/arcady/.gradle/caches/modules-2/files-2.1/org.jetbrains.compose.animation/animation-core-desktop/1.11.1/1bf633ecd1a38a1cf7a41630bc56cba0da9cc25b/animation-core-desktop-1.11.1.jar:/home/arcady/.gradle/caches/modules-2/files-2.1/org.jetbrains.compose.material/material-ripple-desktop/1.11.1/ae97a5eeb23bc3f461bc3e16e2a9882175405d17/material-ripple-desktop-1.11.1.jar:/home/arcady/.gradle/caches/modules-2/files-2.1/org.jetbrains.compose.animation/animation-desktop/1.11.1/f873fb28f1a08d45a4dd20a0130b3da8cadf383c/animation-desktop-1.11.1.jar:/home/arcady/.gradle/caches/modules-2/files-2.1/org.jetbrains.compose.foundation/foundation-layout-desktop/1.11.1/853fc5d01388da6515ce40b719798914012f6469/foundation-layout-desktop-1.11.1.jar:/home/arcady/.gradle/caches/modules-2/files-2.1/io.coil-kt.coil3/coil-compose-jvm/3.5.0/820523ee39decd98eecdb61a7fc03412eedbbabc/coil-compose-jvm-3.5.0.jar:/home/arcady/.gradle/caches/modules-2/files-2.1/io.coil-kt.coil3/coil-compose-core-jvm/3.5.0/8ebdd416d1157820ca47dc6a7644c56716a9c8fa/coil-compose-core-jvm-3.5.0.jar:/home/arcady/.gradle/caches/modules-2/files-2.1/org.jetbrains.compose.foundation/foundation-desktop/1.11.1/6df316e7af2c0c97f200de289925f62ca8fce53d/foundation-desktop-1.11.1.jar:/home/arcady/.gradle/caches/modules-2/files-2.1/org.jetbrains.compose.ui/ui-backhandler-desktop/1.11.1/bd3540bb1d6abd60c5e58f32663b2f3e89406cd1/ui-backhandler-desktop-1.11.1.jar:/home/arcady/.gradle/caches/modules-2/files-2.1/org.jetbrains.compose.ui/ui-geometry-desktop/1.11.1/5e430152487375359973ac9874653d335dcc220/ui-geometry-desktop-1.11.1.jar:/home/arcady/.gradle/caches/modules-2/files-2.1/org.jetbrains.compose.ui/ui-graphics-desktop/1.11.1/6ea106d02adf29694eedf12fdfb621947d3621bf/ui-graphics-desktop-1.11.1.jar:/home/arcady/.gradle/caches/modules-2/files-2.1/org.jetbrains.compose.ui/ui-unit-desktop/1.11.1/f6c06f98da206d01dc40c1587c6bc4c40cbef623/ui-unit-desktop-1.11.1.jar:/home/arcady/.gradle/caches/modules-2/files-2.1/org.jetbrains.compose.ui/ui-tooling-preview-desktop/1.11.1/97ec578d33adc34adcaa63e9af7bb2328c6c29b7/ui-tooling-preview-desktop-1.11.1.jar:/home/arcady/.gradle/caches/modules-2/files-2.1/org.jetbrains.compose.ui/ui-desktop/1.11.1/24c40c0d60c77a6fb34f930f13bfa4a3ff62c0f/ui-desktop-1.11.1.jar:/home/arcady/.gradle/caches/modules-2/files-2.1/org.jetbrains.compose.ui/ui-util-desktop/1.11.1/4302c582878b82ab24e1f34e6e90f967f7b416ed/ui-util-desktop-1.11.1.jar:/home/arcady/.gradle/caches/modules-2/files-2.1/org.jetbrains.compose.ui/ui-text-desktop/1.11.1/6ded685e2601260d6231c859a849b96ee6c60368/ui-text-desktop-1.11.1.jar:/home/arcady/.gradle/caches/modules-2/files-2.1/io.coil-kt.coil3/coil-jvm/3.5.0/602087c06fa4b1795a1572a26b174516c4d932e5/coil-jvm-3.5.0.jar:/home/arcady/.gradle/caches/modules-2/files-2.1/io.coil-kt.coil3/coil-network-core-jvm/3.5.0/5a995a2262efe8e8569b40fee8ce223aaa5599d8/coil-network-core-jvm-3.5.0.jar:/home/arcady/.gradle/caches/modules-2/files-2.1/io.coil-kt.coil3/coil-core-jvm/3.5.0/5e82ee4827a88516057cb4ebd22871f6672643a8/coil-core-jvm-3.5.0.jar:/home/arcady/.gradle/caches/modules-2/files-2.1/org.jetbrains.skiko/skiko-awt/0.144.6/c9bec39e3c517ed5591c71c7db0cbbe64b6be849/skiko-awt-0.144.6.jar:/home/arcady/.gradle/caches/modules-2/files-2.1/org.jetbrains.kotlinx/kotlinx-coroutines-slf4j/1.11.0/556153d93573d016dd4e5df37e3d03d07d8d303/kotlinx-coroutines-slf4j-1.11.0.jar:/home/arcady/.gradle/caches/modules-2/files-2.1/app.cash.sqldelight/async-extensions-jvm/2.3.2/e5f111fd2538f59c6b7bf770edc9f05912ed95ae/sqldelight-async-extensions-jvm-2.3.2.jar:/home/arcady/.gradle/caches/modules-2/files-2.1/io.ktor/ktor-http-cio-jvm/3.5.1/1a16204a224f61963937735faec75b7f1853de5f/ktor-http-cio-jvm-3.5.1.jar:/home/arcady/.gradle/caches/modules-2/files-2.1/io.ktor/ktor-websocket-serialization-jvm/3.5.1/f26344135c92f3434f39262f9d6c3ac35aff7fd8/ktor-websocket-serialization-jvm-3.5.1.jar:/home/arcady/.gradle/caches/modules-2/files-2.1/io.ktor/ktor-serialization-kotlinx-jvm/3.5.1/a9d2d5091a5bd1e1218c59df1387c2533a5c8c8/ktor-serialization-kotlinx-jvm-3.5.1.jar:/home/arcady/.gradle/caches/modules-2/files-2.1/io.ktor/ktor-serialization-jvm/3.5.1/695550e97ab815bfae0aa4d837ffddcf05e2cfa0/ktor-serialization-jvm-3.5.1.jar:/home/arcady/.gradle/caches/modules-2/files-2.1/io.ktor/ktor-websockets-jvm/3.5.1/97dc5d4f5dc4b01b7116619e2ae99ab79a5a90ac/ktor-websockets-jvm-3.5.1.jar:/home/arcady/.gradle/caches/modules-2/files-2.1/io.ktor/ktor-network-tls-jvm/3.5.1/14035ff7dbd67931b2aaca4fb2c82a410a232683/ktor-network-tls-jvm-3.5.1.jar:/home/arcady/.gradle/caches/modules-2/files-2.1/io.ktor/ktor-http-jvm/3.5.1/514c40c2803e18de2cb04198aaf3874e66346c9e/ktor-http-jvm-3.5.1.jar:/home/arcady/.gradle/caches/modules-2/files-2.1/io.ktor/ktor-events-jvm/3.5.1/9e4bf00bd3d980098d60c62f5e33f2588279c593/ktor-events-jvm-3.5.1.jar:/home/arcady/.gradle/caches/modules-2/files-2.1/io.ktor/ktor-sse-jvm/3.5.1/537081aa4574a1228078acec7ffca808c74c8dd4/ktor-sse-jvm-3.5.1.jar:/home/arcady/.gradle/caches/modules-2/files-2.1/io.ktor/ktor-network-jvm/3.5.1/aeaad6929901bf7000ce744ef81ed0e94a4ee0be/ktor-network-jvm-3.5.1.jar:/home/arcady/.gradle/caches/modules-2/files-2.1/io.ktor/ktor-utils-jvm/3.5.1/662afab83c79a0b0fa6fea92f32841858145553b/ktor-utils-jvm-3.5.1.jar:/home/arcady/.gradle/caches/modules-2/files-2.1/androidx.navigationevent/navigationevent-desktop/1.0.1/ddb1e7fe97ed51c3d35bba493f97fcf12398719/navigationevent-desktop-1.0.1.jar:/home/arcady/.gradle/caches/modules-2/files-2.1/androidx.compose.runtime/runtime-retain-desktop/1.11.2/3aa3ec26ef2a3d26bc556b51b33d09efc1a198e8/runtime-retain-desktop-1.11.2.jar:/home/arcady/.gradle/caches/modules-2/files-2.1/androidx.compose.runtime/runtime-annotation-jvm/1.11.2/db4aa964627ac96331b72e231b9ad54318d112f4/runtime-annotation-jvm-1.11.2.jar:/home/arcady/.gradle/caches/modules-2/files-2.1/androidx.compose.runtime/runtime-saveable-desktop/1.11.2/1618fae89791692a224fe7aa79edbd7a8f5b7522/runtime-saveable-desktop-1.11.2.jar:/home/arcady/.gradle/caches/modules-2/files-2.1/org.jetbrains.compose.runtime/runtime-saveable-desktop/1.11.1/b7c8a8ed985a0f15b4d8d206de1fc6125b499388/runtime-saveable-desktop-1.11.1.jar:/home/arcady/.gradle/caches/modules-2/files-2.1/org.jetbrains.androidx.lifecycle/lifecycle-runtime-compose-desktop/2.9.6/7b6b6793f3c4c5996b20d1d99cf728e5fac00364/lifecycle-runtime-compose-desktop-2.9.6.jar:/home/arcady/.gradle/caches/modules-2/files-2.1/org.jetbrains.androidx.savedstate/savedstate-compose-desktop/1.3.6/63692375ffe667f12cb3ea8aa1e605d659ed2add/savedstate-compose-desktop-1.3.6.jar:/home/arcady/.gradle/caches/modules-2/files-2.1/org.jetbrains.compose.runtime/runtime-desktop/1.11.1/1941336b045aac4b87cc3be81d9fdb9977c88c61/runtime-desktop-1.11.1.jar:/home/arcady/.gradle/caches/modules-2/files-2.1/androidx.lifecycle/lifecycle-runtime-desktop/2.9.4/1cc820319ec0139e76b8a2fe4be0b356b4e624c4/lifecycle-runtime-desktop-2.9.4.jar:/home/arcady/.gradle/caches/modules-2/files-2.1/androidx.lifecycle/lifecycle-common-jvm/2.9.4/ab739bccdb3541983385af169565c7c035d897e7/lifecycle-common-jvm-2.9.4.jar:/home/arcady/.gradle/caches/modules-2/files-2.1/androidx.lifecycle/lifecycle-runtime-compose-desktop/2.9.4/86a4ffec845d4e488078118a0b5095bd1fabcafe/lifecycle-runtime-compose-desktop-2.9.4.jar:/home/arcady/.gradle/caches/modules-2/files-2.1/androidx.lifecycle/lifecycle-viewmodel-desktop/2.9.4/93fee6d78f0df0e38f36e0fa2eff74f8da6d5481/lifecycle-viewmodel-desktop-2.9.4.jar:/home/arcady/.gradle/caches/modules-2/files-2.1/androidx.lifecycle/lifecycle-viewmodel-savedstate-desktop/2.9.4/72a1919b08c5a4da224d8a65ce1589aa69934e8a/lifecycle-viewmodel-savedstate-desktop-2.9.4.jar:/home/arcady/.gradle/caches/modules-2/files-2.1/androidx.savedstate/savedstate-desktop/1.4.0/3b049a0f81643d6b4b900de95bc23efc085c32d5/savedstate-desktop-1.4.0.jar:/home/arcady/.gradle/caches/modules-2/files-2.1/androidx.savedstate/savedstate-compose-desktop/1.4.0/d3d6e0e2108528eb6080dc250da925a572be4202/savedstate-compose-desktop-1.4.0.jar:/home/arcady/.gradle/caches/modules-2/files-2.1/androidx.compose.runtime/runtime-desktop/1.11.2/e93d95553cdd86c1cb8c02f50260cc1c8e341da8/runtime-desktop-1.11.2.jar:/home/arcady/.gradle/caches/modules-2/files-2.1/io.ktor/ktor-io-jvm/3.5.1/e9382eba8364609db5ce3d4e266557862e5b73fd/ktor-io-jvm-3.5.1.jar:/home/arcady/.gradle/caches/modules-2/files-2.1/org.jetbrains.kotlinx/kotlinx-coroutines-core-jvm/1.11.0/3d57dc678bd8d72a60e7adf0eca5c54e3f4f4b79/kotlinx-coroutines-core-jvm-1.11.0.jar:/home/arcady/.gradle/caches/modules-2/files-2.1/org.jetbrains.kotlinx/kotlinx-coroutines-swing/1.11.0/3cf134b8aefd813622edc37e60d66b939b55cb36/kotlinx-coroutines-swing-1.11.0.jar:/home/arcady/.gradle/caches/modules-2/files-2.1/org.jetbrains.compose.hot-reload/hot-reload-devtools-api/1.1.1/78295e7e36c6e1258d87e238865978a1a980da99/hot-reload-devtools-api-1.1.1.jar:/home/arcady/.gradle/caches/modules-2/files-2.1/app.cash.sqldelight/sqlite-driver/2.3.2/bba6319d69c46427650fd815d337e5de64b291d0/sqlite-driver-2.3.2.jar:/home/arcady/.gradle/caches/modules-2/files-2.1/org.jetbrains.kotlinx/kotlinx-serialization-json-io-jvm/1.11.0/645ed54ca9128fc217b30b3686a083141ebe635c/kotlinx-serialization-json-io-jvm-1.11.0.jar:/home/arcady/.gradle/caches/modules-2/files-2.1/org.jetbrains.kotlinx/kotlinx-serialization-core-jvm/1.11.0/c1905c9bf7452b045d5af9248835abe64ddad6bf/kotlinx-serialization-core-jvm-1.11.0.jar:/home/arcady/.gradle/caches/modules-2/files-2.1/org.jetbrains.kotlinx/kotlinx-serialization-json-jvm/1.11.0/e7e045e99e56f07599bb9ccb708c2190e2af0606/kotlinx-serialization-json-jvm-1.11.0.jar:/home/arcady/.gradle/caches/modules-2/files-2.1/app.cash.sqldelight/jdbc-driver/2.3.2/675c4cf8037ee6ea27336e752ba6ee6dca18ac55/jdbc-driver-2.3.2.jar:/home/arcady/.gradle/caches/modules-2/files-2.1/app.cash.sqldelight/runtime-jvm/2.3.2/ca2286f676b8a70bac0d71e7b7a95a89dfa4a859/runtime-jvm-2.3.2.jar:/home/arcady/.gradle/caches/modules-2/files-2.1/org.jetbrains.kotlinx/kotlinx-datetime-jvm/0.7.1/81c2e0246bd28cc2dcbdf0ab53628322e66a9de9/kotlinx-datetime-jvm-0.7.1.jar:/home/arcady/.gradle/caches/modules-2/files-2.1/org.jetbrains.kotlin/kotlin-reflect/2.3.21/6acc55c52691ce3fd41b20a0472f3513106521a5/kotlin-reflect-2.3.21.jar:/home/arcady/.gradle/caches/modules-2/files-2.1/com.squareup.okhttp3/okhttp-jvm/5.3.2/f31e8de27feebe1e56d6c9d354a0986b65be0e1d/okhttp-jvm-5.3.2.jar:/home/arcady/.gradle/caches/modules-2/files-2.1/com.squareup.okio/okio-jvm/3.17.0/a12d684ec0df9541b3869ae60a4a5257fd3613df/okio-jvm-3.17.0.jar:/home/arcady/.gradle/caches/modules-2/files-2.1/org.jetbrains.kotlinx/atomicfu-jvm/0.28.0/6a9ac536f4b2144e57c176fd4e26821eb12084f4/atomicfu-jvm-0.28.0.jar:/home/arcady/.gradle/caches/modules-2/files-2.1/androidx.collection/collection-jvm/1.5.0/7ba2c69414d46ebc2dd76598bdd0a75c54281a57/collection-jvm-1.5.0.jar:/home/arcady/.gradle/caches/modules-2/files-2.1/androidx.arch.core/core-common/2.2.0/5e1b8b81dfd5f52c56a8d53b18ca759c19a301f3/core-common-2.2.0.jar:/home/arcady/.gradle/caches/modules-2/files-2.1/androidx.annotation/annotation-jvm/1.9.1/b17951747e38bf3986a24431b9ba0d039958aa5f/annotation-jvm-1.9.1.jar:/home/arcady/.gradle/caches/modules-2/files-2.1/org.jetbrains.kotlinx/kotlinx-io-core-jvm/0.9.0/7f7536f8f057ffc7f79375714e9730c4b8bdd7c9/kotlinx-io-core-jvm-0.9.0.jar:/home/arcady/.gradle/caches/modules-2/files-2.1/org.jetbrains.kotlinx/kotlinx-io-bytestring-jvm/0.9.0/e73a7915234a8ea7954f32b715ef8e42b02f66a3/kotlinx-io-bytestring-jvm-0.9.0.jar:/home/arcady/.gradle/caches/modules-2/files-2.1/org.jetbrains.kotlin/kotlin-stdlib/2.4.10/8943c84ddc6d5cc00a10dbc3736c397066eeaab5/kotlin-stdlib-2.4.10.jar:/home/arcady/.gradle/caches/modules-2/files-2.1/net.java.dev.jna/jna/5.19.0/395436f40fa0822145c052342de69d85dfe9f9d3/jna-5.19.0.jar:/home/arcady/.gradle/caches/modules-2/files-2.1/org.jogamp.jogl/jogl-all/2.6.0/dc0dd5ce77cf31ea1dd8fc2c2c27592be76feb7c/jogl-all-2.6.0.jar:/home/arcady/.gradle/caches/modules-2/files-2.1/org.jogamp.jogl/jogl-all/2.6.0/9c5dcf644b3f8a32fc41e341381cf1a4a8684d48/jogl-all-2.6.0-natives-linux-amd64.jar:/home/arcady/.gradle/caches/modules-2/files-2.1/org.jogamp.gluegen/gluegen-rt/2.6.0/524e9cc0f1939e201ae548229c66bafca0e1ed24/gluegen-rt-2.6.0.jar:/home/arcady/.gradle/caches/modules-2/files-2.1/org.jogamp.gluegen/gluegen-rt/2.6.0/7a99a746281a6ac3e97134b589c2d8d13dc0378e/gluegen-rt-2.6.0-natives-linux-amd64.jar:/home/arcady/.gradle/caches/modules-2/files-2.1/org.jetbrains/annotations/23.0.0/8cc20c07506ec18e0834947b84a864bfc094484e/annotations-23.0.0.jar:/home/arcady/.gradle/caches/modules-2/files-2.1/com.frostwire/jlibtorrent/2.0.12.9/541c28a638936c4de35b9e66c42ccca22adc287d/jlibtorrent-2.0.12.9.jar:/home/arcady/.gradle/caches/modules-2/files-2.1/org.graalvm.js/js-community/25.0.2/a415eb59c88a2dda2a4e739214bb7111cffc5984/js-community-25.0.2.pom:/home/arcady/.gradle/caches/modules-2/files-2.1/org.graalvm.js/js/25.0.2/ec12bb5a8df20e7159b3239129d666460a89662c/js-25.0.2.pom:/home/arcady/.gradle/caches/modules-2/files-2.1/org.graalvm.js/js-language/25.0.2/1bab7bfeb0e853b22e01c170c5910ec3fed64bd7/js-language-25.0.2.jar:/home/arcady/.gradle/caches/modules-2/files-2.1/org.graalvm.truffle/truffle-runtime/25.0.2/e30b34b7bd3103b7b1b175021ec1ac2aa606d692/truffle-runtime-25.0.2.jar:/home/arcady/.gradle/caches/modules-2/files-2.1/org.graalvm.regex/regex/25.0.2/d9139554e05fbe619028745419850198249d0b24/regex-25.0.2.jar:/home/arcady/.gradle/caches/modules-2/files-2.1/org.graalvm.truffle/truffle-api/25.0.2/50b987c8860bd113be3c24e0e3e473c41467618f/truffle-api-25.0.2.jar:/home/arcady/.gradle/caches/modules-2/files-2.1/org.graalvm.polyglot/polyglot/25.0.2/ae7722e14f72efac7172bf66d92c3fd9266ed151/polyglot-25.0.2.jar:/home/arcady/.gradle/caches/modules-2/files-2.1/com.frostwire/jlibtorrent-linux-x86_64/2.0.12.9/5a9791cee2574387863a430f2a92b58ba7293a61/jlibtorrent-linux-x86_64-2.0.12.9.jar:/home/arcady/.gradle/caches/modules-2/files-2.1/antlr/antlr/2.7.7/83cd2cd674a217ade95a4bb83a8a14f351f48bd0/antlr-2.7.7.jar:/home/arcady/.gradle/caches/modules-2/files-2.1/org.xerial/sqlite-jdbc/3.51.3.0/a6a5177ff8d35028a8943129aa4a18e850fe1387/sqlite-jdbc-3.51.3.0.jar:/home/arcady/.gradle/caches/modules-2/files-2.1/org.graalvm.sdk/jniutils/25.0.2/bb775e33e75152b04e4000ecca87ce6341794cf2/jniutils-25.0.2.jar:/home/arcady/.gradle/caches/modules-2/files-2.1/org.graalvm.sdk/collections/25.0.2/6e921cc0f9986aff40cb6b96f17c669c18d858c7/collections-25.0.2.jar:/home/arcady/.gradle/caches/modules-2/files-2.1/org.graalvm.shadowed/icu4j/25.0.2/cadb4d511905a20f2dc0b61320e43736a49e1dfd/icu4j-25.0.2.jar:/home/arcady/.gradle/caches/modules-2/files-2.1/org.graalvm.sdk/nativeimage/25.0.2/51871243791b4ba45af46df4ad5e8a35393d1044/nativeimage-25.0.2.jar:/home/arcady/.gradle/caches/modules-2/files-2.1/org.slf4j/slf4j-api/2.0.18/78a9e7a37cd6360e0b818e86341b24123d28d4df/slf4j-api-2.0.18.jar:/home/arcady/.gradle/caches/modules-2/files-2.1/com.typesafe/config/1.4.9/fc87584fea1adcf5df899e58501a470329e59b52/config-1.4.9.jar:/home/arcady/.gradle/caches/modules-2/files-2.1/org.graalvm.sdk/word/25.0.2/2f4e3c92bba118d3adab969956e5ea3d66e96d18/word-25.0.2.jar:/home/arcady/.gradle/caches/modules-2/files-2.1/org.jetbrains.runtime/jbr-api/1.9.0/2bc161f5472b5fd5610740e4d6ebe896c811cb0e/jbr-api-1.9.0.jar:/home/arcady/.gradle/caches/modules-2/files-2.1/org.graalvm.truffle/truffle-compiler/25.0.2/4c61dfa49ba0d207f5df1fc410030fa256fee2ff/truffle-compiler-25.0.2.jar:/home/arcady/.gradle/caches/modules-2/files-2.1/org.graalvm.shadowed/xz/25.0.2/3a62dce96f476ff431800ec61d1807fd83c7c77b/xz-25.0.2.jar:/home/arcady/.gradle/caches/modules-2/files-2.1/org.jspecify/jspecify/1.0.0/7425a601c1c7ec76645a78d22b8c6a627edee507/jspecify-1.0.0.jar
Launcher Type: SUN_STANDARD

[Global flags]
     bool AllowEnhancedClassRedefinition           = true                                      {product} {command line}
     intx CICompilerCount                          = 4                                         {product} {ergonomic}
     uint ConcGCThreads                            = 3                                         {product} {ergonomic}
     uint G1ConcRefinementThreads                  = 10                                        {product} {ergonomic}
   size_t G1HeapRegionSize                         = 4194304                                   {product} {ergonomic}
    uintx GCDrainStackTargetSize                   = 64                                        {product} {ergonomic}
     bool IgnoreUnrecognizedVMOptions              = true                                      {product} {command line}
   size_t InitialHeapSize                          = 528482304                                 {product} {ergonomic}
   size_t MarkStackSize                            = 4194304                                   {product} {ergonomic}
   size_t MaxHeapSize                              = 8392802304                                {product} {ergonomic}
   size_t MaxNewSize                               = 5033164800                                {product} {ergonomic}
   size_t MinHeapDeltaBytes                        = 4194304                                   {product} {ergonomic}
   size_t MinHeapSize                              = 8388608                                   {product} {ergonomic}
    uintx NonNMethodCodeHeapSize                   = 5839372                                {pd product} {ergonomic}
    uintx NonProfiledCodeHeapSize                  = 122909434                              {pd product} {ergonomic}
    uintx ProfiledCodeHeapSize                     = 122909434                              {pd product} {ergonomic}
    uintx ReservedCodeCacheSize                    = 251658240                              {pd product} {ergonomic}
     bool SegmentedCodeCache                       = true                                      {product} {ergonomic}
   size_t SoftMaxHeapSize                          = 8392802304                             {manageable} {ergonomic}
     bool UseCompressedOops                        = true                           {product lp64_product} {ergonomic}
     bool UseG1GC                                  = true                                      {product} {ergonomic}

Logging:
Log output configuration:
 #0: stdout all=warning uptime,level,tags foldmultilines=false
 #1: stderr all=off uptime,level,tags foldmultilines=false

Release file:
JAVA_VERSION="21.0.11"
MODULES="java.base java.datatransfer java.xml java.prefs java.desktop gluegen.rt java.compiler java.instrument java.logging java.management java.security.sasl java.naming java.rmi java.management.rmi java.net.http java.scripting java.security.jgss java.transaction.xa java.sql java.sql.rowset java.xml.crypto java.se java.smartcardio jogl.all jcef jdk.accessibility jdk.internal.jvmstat jdk.attach jdk.charsets jdk.internal.opt jdk.zipfs jdk.compiler jdk.crypto.ec jdk.crypto.cryptoki jdk.dynalink jdk.internal.ed jdk.editpad jdk.hotspot.agent jdk.httpserver jdk.incubator.vector jdk.internal.le jdk.internal.vm.ci jdk.internal.vm.compiler jdk.internal.vm.compiler.management jdk.jartool jdk.javadoc jdk.jcmd jdk.management jdk.management.agent jdk.jconsole jdk.jdeps jdk.jdwp.agent jdk.jdi jdk.jfr jdk.jlink jdk.jpackage jdk.jshell jdk.jsobject jdk.jstatd jdk.localedata jdk.management.jfr jdk.naming.dns jdk.naming.rmi jdk.net jdk.nio.mapmode jdk.random jdk.sctp jdk.security.auth jdk.security.jgss jdk.unsupported jdk.unsupported.desktop jdk.xml.dom"
IMPLEMENTOR="JetBrains s.r.o."
IMPLEMENTOR_VERSION="JBRSDK-21.0.11+10-1163.116-jcef"
JAVA_RUNTIME_VERSION="21.0.11+10-b1163.116"
LIBC="gnu"
OS_ARCH="x86_64"
OS_NAME="Linux"
SOURCE=".:git:cf1f197170a0+ jcef_git:git:4a605f44671a"
JCEF_VERSION="137.0.17.1107+ge397b56"
JCEF_COMMIT_HASH="e397b569415d3c67b114495985454e5201955573"

Environment Variables:
PATH=/home/arcady/.local/bin:/home/arcady/loom-prefix/bin:/home/arcady/Documents/CoveQml/dist/bin:/home/arcady/go/bin:/home/arcady/.cargo/bin:/usr/local/bin:/usr/bin:/bin:/usr/local/sbin:/home/arcady/.local/share/flatpak/exports/bin:/var/lib/flatpak/exports/bin:/usr/lib/jvm/default/bin:/usr/bin/site_perl:/usr/bin/vendor_perl:/usr/bin/core_perl:/home/arcady/.local/share/JetBrains/Toolbox/scripts
SHELL=/bin/fish
DISPLAY=:0
WAYLAND_DISPLAY=wayland-1
LANG=en_US.UTF-8
LC_NUMERIC=tr_TR.UTF-8
LC_TIME=tr_TR.UTF-8

Active Locale:
LC_ALL=LC_CTYPE=en_US.UTF-8;LC_NUMERIC=C;LC_TIME=tr_TR.UTF-8;LC_COLLATE=en_US.UTF-8;LC_MONETARY=tr_TR.UTF-8;LC_MESSAGES=en_US.UTF-8;LC_PAPER=tr_TR.UTF-8;LC_NAME=tr_TR.UTF-8;LC_ADDRESS=tr_TR.UTF-8;LC_TELEPHONE=tr_TR.UTF-8;LC_MEASUREMENT=tr_TR.UTF-8;LC_IDENTIFICATION=tr_TR.UTF-8
LC_COLLATE=en_US.UTF-8
LC_CTYPE=en_US.UTF-8
LC_MESSAGES=en_US.UTF-8
LC_MONETARY=tr_TR.UTF-8
LC_NUMERIC=C
LC_TIME=tr_TR.UTF-8

Signal Handlers:
   SIGSEGV: crash_handler in libjvm.so, mask=11100100010111111101111111111110, flags=SA_RESTART|SA_SIGINFO, unblocked
    SIGBUS: crash_handler in libjvm.so, mask=11100100010111111101111111111110, flags=SA_RESTART|SA_SIGINFO, unblocked
    SIGFPE: crash_handler in libjvm.so, mask=11100100010111111101111111111110, flags=SA_RESTART|SA_SIGINFO, unblocked
   SIGPIPE: SIG_IGN, mask=00000000000010000000000000000000, flags=SA_RESTART, blocked
  *** Handler was modified!
  *** Expected: javaSignalHandler in libjvm.so, mask=11100100110111111111111111111110, flags=SA_RESTART|SA_SIGINFO
   SIGXFSZ: javaSignalHandler in libjvm.so, mask=11100100010111111101111111111110, flags=SA_RESTART|SA_SIGINFO, blocked
    SIGILL: crash_handler in libjvm.so, mask=11100100010111111101111111111110, flags=SA_RESTART|SA_SIGINFO, unblocked
   SIGUSR2: SR_handler in libjvm.so, mask=00000000000000000000000000000000, flags=SA_RESTART|SA_SIGINFO, blocked
    SIGHUP: UserHandler in libjvm.so, mask=11100100010111111101111111111110, flags=SA_RESTART|SA_SIGINFO, blocked
    SIGINT: UserHandler in libjvm.so, mask=11100100010111111101111111111110, flags=SA_RESTART|SA_SIGINFO, blocked
   SIGTERM: UserHandler in libjvm.so, mask=11100100010111111101111111111110, flags=SA_RESTART|SA_SIGINFO, blocked
   SIGQUIT: UserHandler in libjvm.so, mask=11100100010111111101111111111110, flags=SA_RESTART|SA_SIGINFO, blocked
   SIGTRAP: crash_handler in libjvm.so, mask=11100100010111111101111111111110, flags=SA_RESTART|SA_SIGINFO, unblocked


Periodic native trim disabled

JNI global refs:
JNI global refs: 123, weak refs: 64

JNI global refs memory usage: 1491, weak refs: 1489

Process memory usage:
Resident Set Size: 1857916K (5% of 32777736K total physical memory with 11357072K free physical memory)

OOME stack traces (most recent first):
Classloader memory used:
Loader jdk.internal.loader.ClassLoaders$AppClassLoader                                 : 61466K
Loader bootstrap                                                                       : 13877K
Loader jdk.internal.loader.ClassLoaders$PlatformClassLoader                            : 410K
Loader jdk.internal.reflect.DelegatingClassLoader                                      : 20336B

---------------  S Y S T E M  ---------------

OS:
DISTRIB_ID=cachyos
DISTRIB_RELEASE="rolling"
DISTRIB_DESCRIPTION="CachyOS"
uname: Linux 7.1.6-1-cachyos #1 SMP PREEMPT_DYNAMIC Wed, 05 Aug 2026 09:51:19 +0000 x86_64
OS uptime: 0 days 0:33 hours
libc: glibc 2.44 NPTL 2.44 
rlimit (soft/hard): STACK 8192k/infinity , CORE infinity/infinity , NPROC 127806/127806 , NOFILE 2097152/2097152 , AS infinity/infinity , CPU infinity/infinity , DATA infinity/infinity , FSIZE infinity/infinity , MEMLOCK 8192k/8192k
load average: 2.54 2.96 3.19

/proc/meminfo:
MemTotal:       32777736 kB
MemFree:         2278496 kB
MemAvailable:   11357324 kB
Buffers:          389808 kB
Cached:          9121196 kB
SwapCached:            0 kB
Active:         17732888 kB
Inactive:       10904632 kB
Active(anon):   12835156 kB
Inactive(anon):  6753920 kB
Active(file):    4897732 kB
Inactive(file):  4150712 kB
Unevictable:      100860 kB
Mlocked:            8584 kB
SwapTotal:      32777212 kB
SwapFree:       32773164 kB
Zswap:                 0 kB
Zswapped:              0 kB
Dirty:              3572 kB
Writeback:             0 kB
AnonPages:      18560376 kB
Mapped:          3292964 kB
Shmem:            370628 kB
KReclaimable:     495800 kB
Slab:             685892 kB
SReclaimable:     495800 kB
SUnreclaim:       190092 kB
KernelStack:       40224 kB
PageTables:       120992 kB
SecPageTables:      3412 kB
NFS_Unstable:          0 kB
Bounce:                0 kB
WritebackTmp:          0 kB
CommitLimit:    49166080 kB
Committed_AS:   37116312 kB
VmallocTotal:   34359738367 kB
VmallocUsed:      246236 kB
VmallocChunk:          0 kB
Percpu:            14016 kB
HardwareCorrupted:     0 kB
AnonHugePages:   4339712 kB
ShmemHugePages:        0 kB
ShmemPmdMapped:        0 kB
FileHugePages:    198656 kB
FilePmdMapped:    100352 kB
CmaTotal:              0 kB
CmaFree:               0 kB
Unaccepted:            0 kB
Balloon:               0 kB
GPUActive:        280220 kB
GPUReclaim:        52976 kB
HugePages_Total:       0
HugePages_Free:        0
HugePages_Rsvd:        0
HugePages_Surp:        0
Hugepagesize:       2048 kB
Hugetlb:               0 kB
DirectMap4k:      725872 kB
DirectMap2M:    30652416 kB
DirectMap1G:     2097152 kB

/sys/kernel/mm/transparent_hugepage/enabled: [always] madvise never
/sys/kernel/mm/transparent_hugepage/hpage_pmd_size: 2097152
/sys/kernel/mm/transparent_hugepage/defrag (defrag/compaction efforts parameter): always defer [defer+madvise] madvise never

Process Memory:
Virtual Size: 12539436K (peak: 12810588K)
Resident Set Size: 1857924K (peak: 2582196K) (anon: 1676424K, file: 180332K, shmem: 1168K)
Swapped out: 0K
C-Heap outstanding allocations: 554317K, retained: 698714K
glibc malloc tunables: (default)

/proc/sys/kernel/threads-max (system-wide limit on the number of threads): 255613
/proc/sys/vm/max_map_count (maximum number of memory map areas a process may have): 1048576
/proc/sys/vm/swappiness (control to define how aggressively the kernel swaps out anonymous memory): 150
/proc/sys/kernel/pid_max (system-wide limit on number of process identifiers): 4194304

container information not found.
Steal ticks since vm start: 0
Steal ticks percentage since vm start:  0.000

CPU: total 12 (initial active 12) (12 cores per cpu, 2 threads per core) family 23 model 113 stepping 0 microcode 0x8701034, cx8, cmov, fxsr, ht, mmx, 3dnowpref, sse, sse2, sse3, ssse3, sse4a, sse4.1, sse4.2, popcnt, lzcnt, tsc, tscinvbit, avx, avx2, aes, clmul, bmi1, bmi2, adx, sha, fma, vzeroupper, clflush, clflushopt, rdtscp, rdpid, f16c
CPU Model and flags from /proc/cpuinfo:
model name	: AMD Ryzen 5 3600 6-Core Processor
flags		: fpu vme de pse tsc msr pae mce cx8 apic sep mtrr pge mca cmov pat pse36 clflush mmx fxsr sse sse2 ht syscall nx mmxext fxsr_opt pdpe1gb rdtscp lm constant_tsc rep_good nopl xtopology nonstop_tsc cpuid extd_apicid aperfmperf rapl pni pclmulqdq monitor ssse3 fma cx16 sse4_1 sse4_2 x2apic movbe popcnt aes xsave avx f16c rdrand lahf_lm cmp_legacy svm extapic cr8_legacy abm sse4a misalignsse 3dnowprefetch osvw ibs skinit wdt tce topoext perfctr_core perfctr_nb bpext perfctr_llc mwaitx cpb cat_l3 cdp_l3 hw_pstate ssbd mba ibpb stibp vmmcall fsgsbase bmi1 avx2 smep bmi2 cqm rdt_a rdseed adx smap clflushopt clwb sha_ni xsaveopt xsavec xgetbv1 cqm_llc cqm_occup_llc cqm_mbm_total cqm_mbm_local clzero irperf xsaveerptr rdpru wbnoinvd arat npt lbrv svm_lock nrip_save tsc_scale vmcb_clean flushbyasid decodeassists pausefilter pfthreshold avic v_vmsave_vmload vgif v_spec_ctrl umip rdpid overflow_recov succor smca sev sev_es

Online cpus: 0-11
Offline cpus: 
BIOS frequency limitation: <Not Available>
Frequency switch latency (ns): 0
Available cpu frequencies: <Not Available>
Current governor: performance
Core performance/turbo boost: 1

Memory: 4k page, physical 32777736k(11357324k free), swap 32777212k(32773164k free)
Page Sizes: 4k

vm_info: OpenJDK 64-Bit Server VM (21.0.11+10-b1163.116) for linux-amd64 JRE (21.0.11+10-b1163.116), built on 2026-04-30 by "builduser" with gcc 10.3.1 20210422 (Red Hat 10.3.1-1.2.0.1)

END.
