#
# A fatal error has been detected by the Java Runtime Environment:
#
#  SIGSEGV (0xb) at pc=0x00007f46085b0089, pid=141472, tid=148833
#
# JRE version: OpenJDK Runtime Environment JBR-21.0.11+10-1163.116-jcef (21.0.11+10) (build 21.0.11+10-b1163.116)
# Java VM: OpenJDK 64-Bit Server VM JBR-21.0.11+10-1163.116-jcef (21.0.11+10-b1163.116, mixed mode, sharing, tiered, compressed oops, compressed class ptrs, g1 gc, linux-amd64)
# Problematic frame:
# C  [libc.so.6+0x1b0089]
#
# Core dump will be written. Default location: Core dumps may be processed with "/usr/lib/systemd/systemd-coredump %P %u %g %s %t %c %h %d %F %I" (or dumping to /home/arcady/Documents/cove/app/desktop/core.141472)
#
# If you would like to submit a bug report, please visit:
#   https://youtrack.jetbrains.com/issues/JBR
# The crash happened outside the Java Virtual Machine in native code.
# See problematic frame for where to report the bug.
#

---------------  S U M M A R Y ------------

Command Line: -Dcompose.reload.argfile=/home/arcady/Documents/cove/app/desktop/build/run/main/main.argfile -Dcompose.reload.build.continuous=false -Dcompose.reload.build.warmup=true -Dcompose.reload.buildSystem=Gradle -Dcompose.reload.devToolsClasspath=/home/arcady/.gradle/caches/modules-2/files-2.1/org.jetbrains.compose.hot-reload/hot-reload-devtools/1.1.1/bc27016efe338fc35c213cac2349d477adc08095/hot-reload-devtools-1.1.1.jar:/home/arcady/.gradle/caches/modules-2/files-2.1/org.jetbrains.compose.hot-reload/hot-reload-devtools-api/1.1.1/78295e7e36c6e1258d87e238865978a1a980da99/hot-reload-devtools-api-1.1.1.jar:/home/arcady/.gradle/caches/modules-2/files-2.1/org.jetbrains.compose.hot-reload/hot-reload-orchestration/1.1.1/7b5f9ed6f49115dd0ab30a91bd22214f101d23f/hot-reload-orchestration-1.1.1.jar:/home/arcady/.gradle/caches/modules-2/files-2.1/org.jetbrains.compose.hot-reload/hot-reload-core/1.1.1/f31266b5813648696560864a541a2fe784a0a671/hot-reload-core-1.1.1.jar:/home/arcady/.gradle/caches/modules-2/files-2.1/org.jetbrains.compose.hot-reload/hot-reload-runtime-api-jvm/1.1.1/61c13a79480c55140cbd9fe1ca651d86efcbee7/hot-reload-runtime-api-jvm-1.1.1.jar:/home/arcady/.gradle/caches/modules-2/files-2.1/org.jetbrains.compose.desktop/desktop-jvm/1.10.0/42facd9840309ac4eb841a986c5d1b97d2780471/desktop-jvm-1.10.0.jar:/home/arcady/.gradle/caches/modules-2/files-2.1/org.jetbrains.compose.components/components-resources-desktop/1.10.0/c6115b607f77e9d033de360f989850d3824bf112/library-desktop-1.10.0.jar:/home/arcady/.gradle/caches/modules-2/files-2.1/io.sellmair/evas-compose-jvm/1.4.0/a89b78f345d4a21a29c295820e4aa931aec1b93b/evas-compose-jvm-1.4.0.jar:/home/arcady/.gradle/caches/modules-2/files-2.1/io.sellmair/evas-jvm/1.4.0/3c6955af5c56c65290575b2b998ec166c5079de4/evas-jvm-1.4.0.jar:/home/arcady/.gradle/caches/modules-2/files-2.1/org.jetbrains.skiko/skiko-awt-runtime-linux-x64/0.9.37.3/aa9d80683c4b8fd560e22eb53a70b335e8281b66/skiko-awt-runtime-linux-x64-0.9.37.3.jar:/home/arcady/.gradle/caches/modules-2/files-2.1/org.jetbrains.compose.material3/material3-desktop/1.9.0/19004c4eb3dc6618eb66a076bbe3d7e1a2e7b85/material3-desktop-1.9.0.jar:/home/arcady/.gradle/caches/modules-2/files-2.1/org.jetbrains-Dcompose.reload.devToolsDetached=false -Dcompose.reload.devToolsEnabled=true -Dcompose.reload.devToolsHeadless=false -Dcompose.reload.devToolsTransparencyEnabled=false -Dcompose.reload.dirtyResolveDepthLimit=5 -Dcompose.reload.effectsEnabled=true -Dcompose.reload.isActive=true -Dcompose.reload.launchMode=GradleBlocking -Dcompose.reload.logLevel=Info -Dcompose.reload.logStdout=false -Dcompose.reload.mainClass=com.coveninja.cove.desktop.MainKt -Dcompose.reload.pidFile=/home/arcady/Documents/cove/app/desktop/build/run/main/main.pid -Dcompose.reload.staticsReinitializeMode=AllDirty -Dcompose.reload.virtualMethodResolveEnabled=true -Dgradle.build.project=:desktop -Dgradle.build.root=/home/arcady/Documents/cove/app -Dgradle.build.task=hotReloadMain -Dgradle.offline.mode=false -Dorg.gradle.java.home=/home/arcady/.local/share/JetBrains/Toolbox/apps/intellij-idea/jbr -XX:+IgnoreUnrecognizedVMOptions -XX:+AllowEnhancedClassRedefinition -javaagent:/home/arcady/.gradle/caches/modules-2/files-2.1/org.jetbrains.compose.hot-reload/hot-reload-agent/1.1.1/15bff959a6459c2786e055fba794266fade25ade/hot-reload-agent-1.1.1.jar -Dfile.encoding=UTF-8 -Duser.country=US -Duser.language=en -Duser.variant -Dawt.toolkit.name=XToolkit com.coveninja.cove.desktop.MainKt

Host: AMD Ryzen 5 3600 6-Core Processor, 12 cores, 31G, CachyOS
Time: Tue Aug 11 02:52:37 2026 +03 elapsed time: 1071.976538 seconds (0d 0h 17m 51s)

---------------  T H R E A D  ---------------

Current thread (0x00007f45454c17a0):  JavaThread "cove-mpv-render" daemon [_thread_in_native, id=148833, stack(0x00007f454e0fa000,0x00007f454e1fa000) (1024K)]

Stack: [0x00007f454e0fa000,0x00007f454e1fa000],  sp=0x00007f454e1f70d8,  free space=1012k
Native frames: (J=compiled Java code, j=interpreted, Vv=VM code, C=native code)
C  [libc.so.6+0x1b0089]
C  [libmpv.so+0x146bf5]
Java frames: (J=compiled Java code, j=interpreted, Vv=VM code)
J 96033  com.sun.jna.Native.invokeInt(Lcom/sun/jna/Function;JI[Ljava/lang/Object;)I (0 bytes) @ 0x00007f45f59221a1 [0x00007f45f5922120+0x0000000000000081]
J 97756 c2 com.sun.jna.Function.invoke([Ljava/lang/Object;Ljava/lang/Class;ZI)Ljava/lang/Object; (789 bytes) @ 0x00007f45f57ca9d4 [0x00007f45f57ca6e0+0x00000000000002f4]
J 97872 c2 com.sun.jna.Function.invoke(Ljava/lang/reflect/Method;[Ljava/lang/Class;Ljava/lang/Class;[Ljava/lang/Object;Ljava/util/Map;)Ljava/lang/Object; (542 bytes) @ 0x00007f45f44f4ee4 [0x00007f45f44f49a0+0x0000000000000544]
J 97758 c2 com.sun.jna.Library$Handler.invoke(Ljava/lang/Object;Ljava/lang/reflect/Method;[Ljava/lang/Object;)Ljava/lang/Object; (394 bytes) @ 0x00007f45f5114280 [0x00007f45f5114140+0x0000000000000140]
J 102468 c2 com.coveninja.cove.desktop.player.MpvSoftwarePlayer.renderFrame()V (476 bytes) @ 0x00007f45f5069128 [0x00007f45f5068a20+0x0000000000000708]
J 96857 c1 com.coveninja.cove.desktop.player.MpvSoftwarePlayer.requestRender$lambda$0(Lcom/coveninja/cove/desktop/player/MpvSoftwarePlayer;)V (239 bytes) @ 0x00007f45ece03a54 [0x00007f45ece039e0+0x0000000000000074]
J 96856 c1 com.coveninja.cove.desktop.player.MpvSoftwarePlayer$$Lambda+0x00007f45888a4bb8.run()V (8 bytes) @ 0x00007f45ecf773c4 [0x00007f45ecf77340+0x0000000000000084]
J 99255 c1 java.util.concurrent.ThreadPoolExecutor.runWorker(Ljava/util/concurrent/ThreadPoolExecutor$Worker;)V java.base@21.0.11 (187 bytes) @ 0x00007f45ed96a52c [0x00007f45ed969ba0+0x000000000000098c]
j  java.util.concurrent.ThreadPoolExecutor$Worker.run()V+5 java.base@21.0.11
j  java.lang.Thread.runWith(Ljava/lang/Object;Ljava/lang/Runnable;)V+5 java.base@21.0.11
j  java.lang.Thread.run()V+19 java.base@21.0.11
v  ~StubRoutines::call_stub 0x00007f45f3f37cc6

siginfo: si_signo: 11 (SIGSEGV), si_code: 1 (SEGV_MAPERR), si_addr: 0x00007f45240d5a50

Registers:
RAX=0x00007f45240d5a50, RBX=0x0000000000000002, RCX=0x00000000000006ff, RDX=0x0000000000001bfc
RSP=0x00007f454e1f70d8, RBP=0x00007f454e1f73f0, RSI=0x0000000000000000, RDI=0x00007f45240d5a50
R8 =0x00007f454e1f71a0, R9 =0x0000000000000000, R10=0x0000000000000001, R11=0x000004ad000006ff
R12=0x00007f454e1f71a0, R13=0x00000000000000be, R14=0x00000000000006ff, R15=0x00007f454e1f71a0
RIP=0x00007f46085b0089, EFLAGS=0x0000000000010287, CSGSFS=0x002b000000000033, ERR=0x0000000000000006
  TRAPNO=0x000000000000000e

XMM[0]=0x0000000000000000 0x0000000000000000
XMM[1]=0x0000000000000000 0x0000000000000000
XMM[2]=0x000003f700000000 0x0000000008000000
XMM[3]=0x0000000000000000 0x0000000000000000
XMM[4]=0x0000000000000000 0x0000000000000000
XMM[5]=0x0000000000000000 0x0000000000000000
XMM[6]=0x0000000000000000 0x0000000000000000
XMM[7]=0x0000000000000000 0x0000000000000000
XMM[8]=0x0000000000000000 0x0000000000000000
XMM[9]=0x3fe0000000000000 0x3fe6e2eb1c432ca5
XMM[10]=0x0000000000000000 0xbfc8aad9c1dccadb
XMM[11]=0x3fe6e2eb1c432ca5 0xbfdd10d75c23a21b
XMM[12]=0xbfbd5498f88cd492 0x3fb27bb2fec56d5d
XMM[13]=0xbfa779451ee2ef29 0xbfdd10d75c23a21b
XMM[14]=0xbfbd5498f88cd492 0xbfbd5498f88cd492
XMM[15]=0x0000000000000000 0xbfbd5498f88cd492
  MXCSR=0x00001fbf


Register to memory mapping:

RAX=0x00007f45240d5a50 is an unknown value
RBX=0x0000000000000002 is an unknown value
RCX=0x00000000000006ff is an unknown value
RDX=0x0000000000001bfc is an unknown value
RSP=0x00007f454e1f70d8 is pointing into the stack for thread: 0x00007f45454c17a0
RBP=0x00007f454e1f73f0 is pointing into the stack for thread: 0x00007f45454c17a0
RSI=0x0 is null
RDI=0x00007f45240d5a50 is an unknown value
R8 =0x00007f454e1f71a0 is pointing into the stack for thread: 0x00007f45454c17a0
R9 =0x0 is null
R10=0x0000000000000001 is an unknown value
R11=0x000004ad000006ff is an unknown value
R12=0x00007f454e1f71a0 is pointing into the stack for thread: 0x00007f45454c17a0
R13=0x00000000000000be is an unknown value
R14=0x00000000000006ff is an unknown value
R15=0x00007f454e1f71a0 is pointing into the stack for thread: 0x00007f45454c17a0

Top of Stack: (sp=0x00007f454e1f70d8)
0x00007f454e1f70d8:   00007f4542746583 0000000000000000   .etBE...........
0x00007f454e1f70e8:   0808000008100000 0000003000000018   ............0...
0x00007f454e1f70f8:   000000014e1f71d0 00007f454e1f7110   .q.N.....q.NE...
0x00007f454e1f7108:   09e9b86ee964c300 00007f4500000001   ..d.n.......E...
0x00007f454e1f7118:   00007f454e1f71a0 0000000000000000   .q.NE...........
0x00007f454e1f7128:   00007f454e1f7160 0000000000000000   `q.NE...........
0x00007f454e1f7138:   00007f454e1f71a0 00007f457838a1e0   .q.NE.....8xE...
0x00007f454e1f7148:   00007f454e1f7190 0000000000000000   .q.NE...........
0x00007f454e1f7158:   0000000000000000 0000000000000000   ................
0x00007f454e1f7168:   0000000000000000 0000000000000000   ................
0x00007f454e1f7178:   0000000000000000 00007f457838a1e0   ..........8xE...
0x00007f454e1f7188:   09e9b86ee964c300 0000000000000000   ..d.n...........
0x00007f454e1f7198:   00007f45780608e0 000000be000006ff   ...xE...........
0x00007f454e1f71a8:   00000000000003f7 0000000000000000   ................
0x00007f454e1f71b8:   000006ff00000000 00000000000000be   ................
0x00007f454e1f71c8:   0000000000000000 0000000200000003   ................
0x00007f454e1f71d8:   0000000000000000 0000000000000000   ................
0x00007f454e1f71e8:   0000000000000000 0000000000000000   ................
0x00007f454e1f71f8:   0000000000000000 0000000000000000   ................
0x00007f454e1f7208:   0000000000000000 0000000000000000   ................
0x00007f454e1f7218:   0000000000000000 0000000000000000   ................
0x00007f454e1f7228:   0000000000000000 0000000000000000   ................
0x00007f454e1f7238:   0000000000000000 0000000000000000   ................
0x00007f454e1f7248:   0000000000000000 0000000000000000   ................
0x00007f454e1f7258:   0000000000000000 0000000000000000   ................
0x00007f454e1f7268:   0000000000000000 000000020000000c   ................
0x00007f454e1f7278:   0000000000000000 0000000000000000   ................
0x00007f454e1f7288:   0000000000000000 0000000000000000   ................
0x00007f454e1f7298:   0000000100000000 0000000000000002   ................
0x00007f454e1f72a8:   0000000000000000 0000000000000000   ................
0x00007f454e1f72b8:   0000000000000000 0000049f000003f7   ................
0x00007f454e1f72c8:   0000200101000001 0000000000000000   ..... ..........

Instructions: (pc=0x00007f46085b0089)
0x00007f46085aff89:   c3 a4 fa ff 0f 1f 00 f3 0f 1e fa 48 c1 e2 02 c5
0x00007f46085aff99:   f9 6e c6 48 89 f8 c4 e2 79 58 c0 48 83 fa 20 0f
0x00007f46085affa9:   82 77 01 00 00 c4 e2 7d 58 c0 eb 35 66 66 2e 0f
0x00007f46085affb9:   1f 84 00 00 00 00 00 f3 0f 1e fa 48 39 d1 0f 82
0x00007f46085affc9:   83 a4 fa ff 0f 1f 00 f3 0f 1e fa c5 f9 6e c6 48
0x00007f46085affd9:   89 f8 48 83 fa 20 0f 82 3b 01 00 00 c4 e2 7d 78
0x00007f46085affe9:   c0 48 83 fa 40 0f 87 95 00 00 00 c5 fe 7f 44 17
0x00007f46085afff9:   e0 c5 fe 7f 07 c5 f8 77 c3 0f 1f 00 66 66 2e 0f
0x00007f46085b0009:   1f 84 00 00 00 00 00 f3 0f 1e fa 48 39 d1 0f 82
0x00007f46085b0019:   33 a4 fa ff 66 90 66 66 2e 0f 1f 84 00 00 00 00
0x00007f46085b0029:   00 66 66 2e 0f 1f 84 00 00 00 00 00 66 66 2e 0f
0x00007f46085b0039:   1f 84 00 00 00 00 00 f3 0f 1e fa c5 f9 6e c6 48
0x00007f46085b0049:   89 f8 48 83 fa 20 0f 82 cb 00 00 00 c4 e2 7d 78
0x00007f46085b0059:   c0 48 83 fa 40 77 20 c5 fe 7f 07 c5 fe 7f 44 17
0x00007f46085b0069:   e0 c5 f8 77 c3 66 90 c5 fe 7f 47 c0 c5 fe 7f 47
0x00007f46085b0079:   e0 c5 f8 77 c3 66 90 48 3b 15 89 d1 09 00 77 77
0x00007f46085b0089:   c5 fe 7f 07 c5 fe 7f 47 20 48 01 d7 48 81 fa 80
0x00007f46085b0099:   00 00 00 76 d2 c5 fe 7f 40 40 c5 fe 7f 40 60 48
0x00007f46085b00a9:   83 c7 80 48 81 fa 00 01 00 00 76 2b 48 8d 90 80
0x00007f46085b00b9:   00 00 00 48 83 e2 e0 c5 fd 7f 02 c5 fd 7f 42 20
0x00007f46085b00c9:   c5 fd 7f 42 40 c5 fd 7f 42 60 48 83 ea 80 48 39
0x00007f46085b00d9:   fa 72 e4 0f 1f 40 00 c5 fe 7f 07 c5 fe 7f 47 20
0x00007f46085b00e9:   c5 fe 7f 47 40 c5 fe 7f 47 60 c5 f8 77 c3 66 0f
0x00007f46085b00f9:   1f 84 00 00 00 00 00 48 3b 15 89 41 0a 00 73 77
0x00007f46085b0109:   40 0f b6 c6 48 89 d1 48 89 fa f3 aa 48 89 d0 c5
0x00007f46085b0119:   f8 77 c3 0f 1f 40 00 c4 e2 79 78 c0 83 fa 10 7d
0x00007f46085b0129:   16 83 fa 08 7d 21 83 fa 04 7d 2c 83 fa 01 7f 37
0x00007f46085b0139:   7c 03 40 88 37 c3 90 c5 fa 7f 07 c5 fa 7f 44 17
0x00007f46085b0149:   f0 c3 0f 1f 44 00 00 c5 f9 d6 07 c5 f9 d6 44 17
0x00007f46085b0159:   f8 c3 0f 1f 44 00 00 c5 f9 7e 07 c5 f9 7e 44 17
0x00007f46085b0169:   fc c3 0f 1f 44 00 00 40 88 37 40 88 77 01 40 88
0x00007f46085b0179:   74 17 ff c3 0f 1f 00 c5 fe 7f 07 48 8d 54 17 80


Stack slot to memory mapping:

stack at sp + 0 slots: 0x00007f4542746583: <offset 0x0000000000146583> in /usr/lib/libmpv.so at 0x00007f4542600000
stack at sp + 1 slots: 0x0 is null
stack at sp + 2 slots: 0x0808000008100000 is an unknown value
stack at sp + 3 slots: 0x0000003000000018 is an unknown value
stack at sp + 4 slots: 0x000000014e1f71d0 is an unknown value
stack at sp + 5 slots: 0x00007f454e1f7110 is pointing into the stack for thread: 0x00007f45454c17a0
stack at sp + 6 slots: 0x09e9b86ee964c300 is an unknown value
stack at sp + 7 slots: 0x00007f4500000001 points into unknown readable memory: 00 00 cc 45 7f 00 00


Compiled method (n/a) 1071983 96033     n 0       com.sun.jna.Native::invokeInt (native)
 total in heap  [0x00007f45f5921f90,0x00007f45f5922340] = 944
 relocation     [0x00007f45f59220e8,0x00007f45f5922120] = 56
 main code      [0x00007f45f5922120,0x00007f45f5922334] = 532
 stub code      [0x00007f45f5922334,0x00007f45f5922338] = 4
 oops           [0x00007f45f5922338,0x00007f45f5922340] = 8

[Constant Pool (empty)]

[MachCode]
[Entry Point]
  # {method} {0x00007f454aa15458} 'invokeInt' '(Lcom/sun/jna/Function;JI[Ljava/lang/Object;)I' in 'com/sun/jna/Native'
  # parm0:    rsi:rsi   = 'com/sun/jna/Function'
  # parm1:    rdx:rdx   = long
  # parm2:    rcx       = int
  # parm3:    r8:r8     = '[Ljava/lang/Object;'
  #           [sp+0x50]  (sp of caller)
  0x00007f45f5922120: 448b 5608 | 49bb 0000 | 0086 457f | 0000 4d03 | d349 3bc2 | 0f84 0600 

  0x00007f45f5922138: ;   {runtime_call ic_miss_stub}
  0x00007f45f5922138: 0000 e941 | 2f66 fe90 
[Verified Entry Point]
  0x00007f45f5922140: 8984 2400 | c0fe ff55 | 488b ec48 | 83ec 4090 | 4181 7f20 | b603 0000 

  0x00007f45f5922158: ;   {runtime_call StubRoutines (final stubs)}
  0x00007f45f5922158: 7405 e841 | 9364 fe4c | 8944 2418 | 4983 f800 | 4c8d 4c24 | 184c 0f44 | 4c24 184c | 8bc1 488b 
  0x00007f45f5922178: ca48 8934 | 2448 83fe | 0048 8d14 | 2448 0f44 

  0x00007f45f5922188: ;   {oop(a 'java/lang/Class'{0x000000060f234cd8} = 'com/sun/jna/Native')}
  0x00007f45f5922188: 1424 49be | d84c 230f | 0600 0000 | 4c89 7424 | 304c 8d74 | 2430 498b | f6c5 f877 

  0x00007f45f59221a4: ;   {internal_word}
  0x00007f45f59221a4: 49ba a121 | 92f5 457f | 0000 4d89 | 97a8 0300 | 0049 89a7 | a003 0000 

  0x00007f45f59221bc: ;   {external_word}
  0x00007f45f59221bc: 803d 1a11 | a012 000f | 843c 0000 | 0056 5251 | 4150 4151 

  0x00007f45f59221d0: ;   {metadata({method} {0x00007f454aa15458} 'invokeInt' '(Lcom/sun/jna/Function;JI[Ljava/lang/Object;)I' in 'com/sun/jna/Native')}
  0x00007f45f59221d0: 48be 5854 | a14a 457f | 0000 498b | ff40 f6c4 | 0f0f 8412 | 0000 0048 

  0x00007f45f59221e8: ;   {runtime_call SharedRuntime::dtrace_method_entry(JavaThread*, Method*)}
  0x00007f45f59221e8: 83ec 08e8 | 70b4 2a12 | 4883 c408 | e905 0000 

  0x00007f45f59221f8: ;   {runtime_call SharedRuntime::dtrace_method_entry(JavaThread*, Method*)}
  0x00007f45f59221f8: 00e8 62b4 | 2a12 4159 | 4158 595a | 5e49 8dbf | c003 0000 | 41c7 874c | 0400 0004 

  0x00007f45f5922214: ;   {runtime_call Java_com_sun_jna_Native_invokeInt}
  0x00007f45f5922214: 0000 0048 | b860 afa0 | 4245 7f00 | 00ff d0c5 | f877 41c7 | 874c 0400 | 0005 0000 | 00f0 8344 
  0x00007f45f5922234: 24c0 0049 | 3baf 5004 | 0000 0f87 | 0e00 0000 | 4183 bf48 | 0400 0000 | 0f84 2400 | 0000 c5f8 
  0x00007f45f5922254: 7748 8945 | f849 8bff | 4c8b e448 | 83ec 0048 

  0x00007f45f5922264: ;   {runtime_call JavaThread::check_special_condition_for_native_trans(JavaThread*)}
  0x00007f45f5922264: 83e4 f0e8 | 542a e111 | 498b e44d | 33e4 488b | 45f8 41c7 | 874c 0400 | 0008 0000 | 0041 83bf 
  0x00007f45f5922284: c804 0000 | 020f 847f 

  0x00007f45f592228c: ;   {external_word}
  0x00007f45f592228c: 0000 0080 | 3d47 10a0 | 1200 0f84 | 3600 0000 | 4889 45f8 

  0x00007f45f59222a0: ;   {metadata({method} {0x00007f454aa15458} 'invokeInt' '(Lcom/sun/jna/Function;JI[Ljava/lang/Object;)I' in 'com/sun/jna/Native')}
  0x00007f45f59222a0: 48be 5854 | a14a 457f | 0000 498b | ff40 f6c4 | 0f0f 8412 | 0000 0048 

  0x00007f45f59222b8: ;   {runtime_call SharedRuntime::dtrace_method_exit(JavaThread*, Method*)}
  0x00007f45f59222b8: 83ec 08e8 | b0b3 2a12 | 4883 c408 | e905 0000 

  0x00007f45f59222c8: ;   {runtime_call SharedRuntime::dtrace_method_exit(JavaThread*, Method*)}
  0x00007f45f59222c8: 00e8 a2b3 | 2a12 488b | 45f8 49c7 | 87a0 0300 | 0000 0000 | 0049 c787 | a803 0000 | 0000 0000 
  0x00007f45f59222e8: c5f8 7749 | 8b8f 3004 | 0000 c781 | 0001 0000 | 0000 0000 | c949 837f | 0800 0f85 | 0100 0000 
  0x00007f45f5922308: ;   {runtime_call StubRoutines (initial stubs)}
  0x00007f45f5922308: c3e9 f258 | 61fe c5f8 | 7748 8945 | f84c 8be4 | 4883 ec00 | 4883 e4f0 

  0x00007f45f5922320: ;   {runtime_call SharedRuntime::reguard_yellow_pages()}
  0x00007f45f5922320: e81b c22a | 1249 8be4 | 4d33 e448 | 8b45 f8e9 | 5bff ffff 
[Stub Code]
  0x00007f45f5922334: f4f4 f4f4 
[/MachCode]


Compiled method (c2) 1071996 97756       4       com.sun.jna.Function::invoke (789 bytes)
 total in heap  [0x00007f45f57ca490,0x00007f45f57cb428] = 3992
 relocation     [0x00007f45f57ca5e8,0x00007f45f57ca6e0] = 248
 main code      [0x00007f45f57ca6e0,0x00007f45f57cae00] = 1824
 stub code      [0x00007f45f57cae00,0x00007f45f57cae60] = 96
 oops           [0x00007f45f57cae60,0x00007f45f57caef8] = 152
 metadata       [0x00007f45f57caef8,0x00007f45f57caf60] = 104
 scopes data    [0x00007f45f57caf60,0x00007f45f57cb158] = 504
 scopes pcs     [0x00007f45f57cb158,0x00007f45f57cb338] = 480
 dependencies   [0x00007f45f57cb338,0x00007f45f57cb350] = 24
 handler table  [0x00007f45f57cb350,0x00007f45f57cb410] = 192
 nul chk table  [0x00007f45f57cb410,0x00007f45f57cb428] = 24

[Constant Pool (empty)]

[MachCode]
[Entry Point]
  # {method} {0x00007f454aa64c38} 'invoke' '([Ljava/lang/Object;Ljava/lang/Class;ZI)Ljava/lang/Object;' in 'com/sun/jna/Function'
  # this:     rsi:rsi   = 'com/sun/jna/Function'
  # parm0:    rdx:rdx   = '[Ljava/lang/Object;'
  # parm1:    rcx:rcx   = 'java/lang/Class'
  # parm2:    r8        = boolean
  # parm3:    r9        = int
  #           [sp+0x40]  (sp of caller)
  0x00007f45f57ca6e0: 448b 5608 | 49bb 0000 | 0086 457f | 0000 4d03 | d349 3bc2 

  0x00007f45f57ca6f4: ;   {runtime_call ic_miss_stub}
  0x00007f45f57ca6f4: 0f85 86a9 | 7bfe 6690 | 0f1f 4000 
[Verified Entry Point]
  0x00007f45f57ca700: 8984 2400 | c0fe ff55 | 4883 ec30 | 4181 7f20 | b603 0000 | 0f85 d806 | 0000 488b | de4c 8bda 
  0x00007f45f57ca720: 450f b6d1 | 41c1 e207 | 440b 560c 

  0x00007f45f57ca72c: ; implicit exception: dispatches to 0x00007f45f57cad60
  0x00007f45f57ca72c: 488b 7910 | 488b 5610 

  0x00007f45f57ca734: ;   {oop(a 'java/lang/Class'{0x000000060c401b80} = void)}
  0x00007f45f57ca734: 49b9 801b | 400c 0600 | 0000 493b | c90f 8410 

  0x00007f45f57ca744: ;   {oop(a 'java/lang/Class'{0x000000060c401b08} = 'java/lang/Void')}
  0x00007f45f57ca744: 0300 0049 | b908 1b40 | 0c06 0000 | 0049 3bc9 | 0f84 8b03 

  0x00007f45f57ca758: ;   {oop(a 'java/lang/Class'{0x000000060c431608} = boolean)}
  0x00007f45f57ca758: 0000 49b9 | 0816 430c | 0600 0000 | 493b c90f | 849b 0300 

  0x00007f45f57ca76c: ;   {oop(a 'java/lang/Class'{0x000000060c431580} = 'java/lang/Boolean')}
  0x00007f45f57ca76c: 0049 b980 | 1543 0c06 | 0000 0049 | 3bc9 0f84 | ac03 0000 

  0x00007f45f57ca780: ;   {oop(a 'java/lang/Class'{0x000000060c400d70} = byte)}
  0x00007f45f57ca780: 49b9 700d | 400c 0600 | 0000 493b | c90f 84bd 

  0x00007f45f57ca790: ;   {oop(a 'java/lang/Class'{0x000000060c5e5ba8} = 'java/lang/Byte')}
  0x00007f45f57ca790: 0300 0049 | b9a8 5b5e | 0c06 0000 | 0049 3bc9 | 0f84 ce03 

  0x00007f45f57ca7a4: ;   {oop(a 'java/lang/Class'{0x000000060c473050} = short)}
  0x00007f45f57ca7a4: 0000 49b9 | 5030 470c | 0600 0000 | 493b c90f | 84df 0300 

  0x00007f45f57ca7b8: ;   {oop(a 'java/lang/Class'{0x000000060c5e5ae0} = 'java/lang/Short')}
  0x00007f45f57ca7b8: 0049 b9e0 | 5a5e 0c06 | 0000 0049 | 3bc9 0f84 | f003 0000 

  0x00007f45f57ca7cc: ;   {oop(a 'java/lang/Class'{0x000000060c472f70} = char)}
  0x00007f45f57ca7cc: 49b9 702f | 470c 0600 | 0000 493b | c90f 8401 

  0x00007f45f57ca7dc: ;   {oop(a 'java/lang/Class'{0x000000060c4cdee8} = 'java/lang/Character')}
  0x00007f45f57ca7dc: 0400 0049 | b9e8 de4c | 0c06 0000 | 0049 3bc9 | 0f84 1204 

  0x00007f45f57ca7f0: ;   {oop(a 'java/lang/Class'{0x000000060c401f80} = int)}
  0x00007f45f57ca7f0: 0000 49b9 | 801f 400c | 0600 0000 | 493b c90f | 84c1 0100 

  0x00007f45f57ca804: ;   {oop(a 'java/lang/Class'{0x000000060c401ee8} = 'java/lang/Integer')}
  0x00007f45f57ca804: 0049 b9e8 | 1e40 0c06 | 0000 0049 | 3bc9 0f84 | 3804 0000 

  0x00007f45f57ca818: ;   {oop(a 'java/lang/Class'{0x000000060c401dc0} = long)}
  0x00007f45f57ca818: 49b9 c01d | 400c 0600 | 0000 493b | c90f 859d | 0000 0041 | 8bca 4d8b 

  0x00007f45f57ca830: ;   {static_call}
  0x00007f45f57ca830: c366 90e8 

  0x00007f45f57ca834: ; ImmutableOopMap {}
                      ;*invokestatic invokeLong {reexecute=0 rethrow=0 return_oop=0}
                      ; - com.sun.jna.Function::invoke@251 (line 431)
  0x00007f45f57ca834: 0851 daff 

  0x00007f45f57ca838: ;   {other}
  0x00007f45f57ca838: 0f1f 8400 | a803 0000 | 488b e848 | 83f8 807c | 0648 83f8 | 7f7e 4549 | 8b87 b801 | 0000 4c8b 
  0x00007f45f57ca858: d049 83c2 | 184d 3b97 | c801 0000 | 0f83 5f02 | 0000 4d89 | 97b8 0100 | 0041 0f18 | 8200 0100 
  0x00007f45f57ca878: 0048 c700 | 0100 0000 

  0x00007f45f57ca880: ;   {metadata('java/lang/Long')}
  0x00007f45f57ca880: c740 0850 | 0404 0044 | 8960 0c48 | 8968 10e9 | b001 0000 | 448b d841 | 8dab 8000 | 0000 81fd 
  0x00007f45f57ca8a0: 0001 0000 | 0f83 a204 | 0000 4d63 

  0x00007f45f57ca8ac: ;   {oop(a 'java/lang/Long'[256] {0x000000060c9063c0})}
  0x00007f45f57ca8ac: d349 bbc0 | 6390 0c06 | 0000 0047 | 8b9c 9310 | 0200 004b | 8d04 dce9 | 7c01 0000 

  0x00007f45f57ca8c8: ;   {oop(a 'java/lang/Class'{0x000000060c401d28} = 'java/lang/Long')}
  0x00007f45f57ca8c8: 49b9 281d | 400c 0600 | 0000 493b | c90f 8499 

  0x00007f45f57ca8d8: ;   {oop(a 'java/lang/Class'{0x000000060c472fe0} = float)}
  0x00007f45f57ca8d8: 0300 0049 | b9e0 2f47 | 0c06 0000 | 0049 3bc9 | 0f84 aa03 

  0x00007f45f57ca8ec: ;   {oop(a 'java/lang/Class'{0x000000060c5e59f8} = 'java/lang/Float')}
  0x00007f45f57ca8ec: 0000 49b9 | f859 5e0c | 0600 0000 | 493b c90f | 84bb 0300 

  0x00007f45f57ca900: ;   {oop(a 'java/lang/Class'{0x000000060c401cb8} = double)}
  0x00007f45f57ca900: 0049 b9b8 | 1c40 0c06 | 0000 0049 | 3bc9 0f84 | cc03 0000 

  0x00007f45f57ca914: ;   {oop(a 'java/lang/Class'{0x000000060c401bf0} = 'java/lang/Double')}
  0x00007f45f57ca914: 49b9 f01b | 400c 0600 | 0000 493b | c90f 84dd 

  0x00007f45f57ca924: ;   {oop(a 'java/lang/Class'{0x000000060c400c38} = 'java/lang/String')}
  0x00007f45f57ca924: 0300 0049 | b938 0c40 | 0c06 0000 | 0049 3bc9 | 0f84 3a01 

  0x00007f45f57ca938: ;   {oop(a 'java/lang/Class'{0x000000060f234e68} = 'com/sun/jna/WString')}
  0x00007f45f57ca938: 0000 49b9 | 684e 230f | 0600 0000 | 493b c90f | 84db 0300 | 004c 8b4f 

  0x00007f45f57ca950: ;   {metadata('com/sun/jna/Pointer')}
  0x00007f45f57ca950: 3848 bf98 | e988 8845 | 7f00 004c | 3bcf 0f85 | c402 0000 | 418b ca4d 

  0x00007f45f57ca968: ;   {static_call}
  0x00007f45f57ca968: 8bc3 90e8 

  0x00007f45f57ca96c: ; ImmutableOopMap {}
                      ;*invokestatic invokePointer {reexecute=0 rethrow=0 return_oop=0}
                      ; - com.sun.jna.Function::invokePointer@7 (line 500)
                      ; - com.sun.jna.Function::invoke@397 (line 444)
  0x00007f45f57ca96c: d08d 59ff 

  0x00007f45f57ca970: ;   {other}
  0x00007f45f57ca970: 0f1f 8400 | e004 0001 | 488b e848 | 85c0 0f84 | ec00 0000 | 498b 87b8 | 0100 004c | 8bd0 4983 
  0x00007f45f57ca990: c218 4d3b | 97c8 0100 | 000f 83ef | 0000 004d | 8997 b801 | 0000 410f | 1882 0001 | 0000 48c7 
  0x00007f45f57ca9b0: 0001 0000 

  0x00007f45f57ca9b4: ;   {metadata('com/sun/jna/Pointer')}
  0x00007f45f57ca9b4: 00c7 4008 | 98e9 8802 | 4489 600c | 4889 6810 | eb7e 418b | ca4d 8bc3 

  0x00007f45f57ca9cc: ;   {static_call}
  0x00007f45f57ca9cc: 6666 90e8 

  0x00007f45f57ca9d0: ; ImmutableOopMap {}
                      ;*invokestatic invokeInt {reexecute=0 rethrow=0 return_oop=0}
                      ; - com.sun.jna.Function::invoke@218 (line 429)
  0x00007f45f57ca9d0: 6c77 1500 

  0x00007f45f57ca9d4: ;   {other}
  0x00007f45f57ca9d4: 0f1f 8400 | 4405 0002 | 8be8 448d | 9080 0000 | 0041 81fa | 0001 0000 | 723d 498b | 87b8 0100 
  0x00007f45f57ca9f4: 004c 8bd0 | 4983 c210 | 4d3b 97c8 | 0100 000f | 83a4 0000 | 004d 8997 | b801 0000 | 410f 1882 
  0x00007f45f57caa14: 0001 0000 | 48c7 0001 

  0x00007f45f57caa1c: ;   {metadata('java/lang/Integer')}
  0x00007f45f57caa1c: 0000 00c7 | 4008 e8bb | 0200 8968 | 0ceb 194c 

  0x00007f45f57caa2c: ;   {oop(a 'java/lang/Integer'[256] {0x000000060c84d8c0})}
  0x00007f45f57caa2c: 63d0 49bb | c0d8 840c | 0600 0000 | 478b 9c93 | 1002 0000 | 4b8d 04dc | 4883 c430 

  0x00007f45f57caa48: ;   {poll_return}
  0x00007f45f57caa48: 5d49 3ba7 | 5004 0000 | 0f87 8603 | 0000 c341 | 8bca 4d8b 

  0x00007f45f57caa5c: ;   {static_call}
  0x00007f45f57caa5c: c366 90e8 

  0x00007f45f57caa60: ; ImmutableOopMap {}
                      ;*invokestatic invokeVoid {reexecute=0 rethrow=0 return_oop=0}
                      ; - com.sun.jna.Function::invoke@45 (line 418)
  0x00007f45f57caa60: dccd cfff 

  0x00007f45f57caa64: ;   {other}
  0x00007f45f57caa64: 0f1f 8400 | d405 0003 | 33c0 ebd4 | 33c0 ebd0 | 4533 c041 | 8bd2 498b 

  0x00007f45f57caa7c: ;   {optimized virtual_call}
  0x00007f45f57caa7c: cb66 90e8 

  0x00007f45f57caa80: ; ImmutableOopMap {}
                      ;*invokespecial invokeString {reexecute=0 rethrow=0 return_oop=1}
                      ; - com.sun.jna.Function::invoke@340 (line 437)
  0x00007f45f57caa80: 7c03 0000 

  0x00007f45f57caa84: ;   {other}
  0x00007f45f57caa84: 0f1f 8400 | f405 0004 

  0x00007f45f57caa8c: ;   {metadata('com/sun/jna/Pointer')}
  0x00007f45f57caa8c: ebb6 48be | 98e9 8888 | 457f 0000 

  0x00007f45f57caa98: ;   {runtime_call _new_instance_Java}
  0x00007f45f57caa98: 6666 90e8 

  0x00007f45f57caa9c: ; ImmutableOopMap {}
                      ;*new {reexecute=0 rethrow=0 return_oop=1}
                      ; - com.sun.jna.Function::invokePointer@21 (line 501)
                      ; - com.sun.jna.Function::invoke@397 (line 444)
  0x00007f45f57caa9c: e073 88fe 

  0x00007f45f57caaa0: ;   {other}
  0x00007f45f57caaa0: 0f1f 8400 | 1006 0005 | e913 ffff 

  0x00007f45f57caaac: ;   {metadata('java/lang/Integer')}
  0x00007f45f57caaac: ff48 bee8 | bb02 8645 

  0x00007f45f57caab4: ;   {runtime_call _new_instance_Java}
  0x00007f45f57caab4: 7f00 00e8 

  0x00007f45f57caab8: ; ImmutableOopMap {}
                      ;*new {reexecute=0 rethrow=0 return_oop=1}
                      ; - java.lang.Integer::valueOf@23 (line 1083)
                      ; - com.sun.jna.Function::invoke@221 (line 429)
  0x00007f45f57caab8: c473 88fe 

  0x00007f45f57caabc: ;   {other}
  0x00007f45f57caabc: 0f1f 8400 | 2c06 0006 | e95d ffff 

  0x00007f45f57caac8: ;   {metadata('java/lang/Long')}
  0x00007f45f57caac8: ff48 be50 | 0404 8645 

  0x00007f45f57caad0: ;   {runtime_call _new_instance_Java}
  0x00007f45f57caad0: 7f00 00e8 

  0x00007f45f57caad4: ; ImmutableOopMap {}
                      ;*new {reexecute=0 rethrow=0 return_oop=1}
                      ; - java.lang.Long::valueOf@31 (line 1207)
                      ; - com.sun.jna.Function::invoke@254 (line 431)
  0x00007f45f57caad4: a873 88fe 

  0x00007f45f57caad8: ;   {other}
  0x00007f45f57caad8: 0f1f 8400 | 4806 0007 | e9a6 fdff | ffbe 45ff | ffff 488b | eb4c 891c | 2444 8954 | 2410 4889 
  0x00007f45f57caaf8: ;   {runtime_call UncommonTrapBlob}
  0x00007f45f57caaf8: 4c24 18e8 

  0x00007f45f57caafc: ; ImmutableOopMap {rbp=Oop [0]=Oop [24]=Oop }
                      ;*if_acmpne {reexecute=1 rethrow=0 return_oop=0}
                      ; - (reexecute) com.sun.jna.Function::invoke@34 (line 417)
  0x00007f45f57caafc: 0004 7cfe 

  0x00007f45f57cab00: ;   {other}
  0x00007f45f57cab00: 0f1f 8400 | 7006 0008 | be45 ffff | ff48 8beb | 4c89 1c24 | 4489 5424 | 1048 894c 

  0x00007f45f57cab1c: ;   {runtime_call UncommonTrapBlob}
  0x00007f45f57cab1c: 2418 90e8 

  0x00007f45f57cab20: ; ImmutableOopMap {rbp=Oop [0]=Oop [24]=Oop }
                      ;*if_acmpeq {reexecute=1 rethrow=0 return_oop=0}
                      ; - (reexecute) com.sun.jna.Function::invoke@58 (line 420)
  0x00007f45f57cab20: dc03 7cfe 

  0x00007f45f57cab24: ;   {other}
  0x00007f45f57cab24: 0f1f 8400 | 9406 0009 | be45 ffff | ff48 8beb | 4c89 1c24 | 4489 5424 | 1048 894c 

  0x00007f45f57cab40: ;   {runtime_call UncommonTrapBlob}
  0x00007f45f57cab40: 2418 90e8 

  0x00007f45f57cab44: ; ImmutableOopMap {rbp=Oop [0]=Oop [24]=Oop }
                      ;*if_acmpne {reexecute=1 rethrow=0 return_oop=0}
                      ; - (reexecute) com.sun.jna.Function::invoke@64 (line 420)
  0x00007f45f57cab44: b803 7cfe 

  0x00007f45f57cab48: ;   {other}
  0x00007f45f57cab48: 0f1f 8400 | b806 000a | be45 ffff | ff48 8beb | 4c89 1c24 | 4489 5424 | 1048 894c 

  0x00007f45f57cab64: ;   {runtime_call UncommonTrapBlob}
  0x00007f45f57cab64: 2418 90e8 

  0x00007f45f57cab68: ; ImmutableOopMap {rbp=Oop [0]=Oop [24]=Oop }
                      ;*if_acmpeq {reexecute=1 rethrow=0 return_oop=0}
                      ; - (reexecute) com.sun.jna.Function::invoke@98 (line 422)
  0x00007f45f57cab68: 9403 7cfe 

  0x00007f45f57cab6c: ;   {other}
  0x00007f45f57cab6c: 0f1f 8400 | dc06 000b | be45 ffff | ff48 8beb | 4c89 1c24 | 4489 5424 | 1048 894c 

  0x00007f45f57cab88: ;   {runtime_call UncommonTrapBlob}
  0x00007f45f57cab88: 2418 90e8 

  0x00007f45f57cab8c: ; ImmutableOopMap {rbp=Oop [0]=Oop [24]=Oop }
                      ;*if_acmpne {reexecute=1 rethrow=0 return_oop=0}
                      ; - (reexecute) com.sun.jna.Function::invoke@105 (line 422)
  0x00007f45f57cab8c: 7003 7cfe 

  0x00007f45f57cab90: ;   {other}
  0x00007f45f57cab90: 0f1f 8400 | 0007 000c | be45 ffff | ff48 8beb | 4c89 1c24 | 4489 5424 | 1048 894c 

  0x00007f45f57cabac: ;   {runtime_call UncommonTrapBlob}
  0x00007f45f57cabac: 2418 90e8 

  0x00007f45f57cabb0: ; ImmutableOopMap {rbp=Oop [0]=Oop [24]=Oop }
                      ;*if_acmpeq {reexecute=1 rethrow=0 return_oop=0}
                      ; - (reexecute) com.sun.jna.Function::invoke@132 (line 424)
  0x00007f45f57cabb0: 4c03 7cfe 

  0x00007f45f57cabb4: ;   {other}
  0x00007f45f57cabb4: 0f1f 8400 | 2407 000d | be45 ffff | ff48 8beb | 4c89 1c24 | 4489 5424 | 1048 894c 

  0x00007f45f57cabd0: ;   {runtime_call UncommonTrapBlob}
  0x00007f45f57cabd0: 2418 90e8 

  0x00007f45f57cabd4: ; ImmutableOopMap {rbp=Oop [0]=Oop [24]=Oop }
                      ;*if_acmpne {reexecute=1 rethrow=0 return_oop=0}
                      ; - (reexecute) com.sun.jna.Function::invoke@139 (line 424)
  0x00007f45f57cabd4: 2803 7cfe 

  0x00007f45f57cabd8: ;   {other}
  0x00007f45f57cabd8: 0f1f 8400 | 4807 000e | be45 ffff | ff48 8beb | 4c89 1c24 | 4489 5424 | 1048 894c 

  0x00007f45f57cabf4: ;   {runtime_call UncommonTrapBlob}
  0x00007f45f57cabf4: 2418 90e8 

  0x00007f45f57cabf8: ; ImmutableOopMap {rbp=Oop [0]=Oop [24]=Oop }
                      ;*if_acmpeq {reexecute=1 rethrow=0 return_oop=0}
                      ; - (reexecute) com.sun.jna.Function::invoke@166 (line 426)
  0x00007f45f57cabf8: 0403 7cfe 

  0x00007f45f57cabfc: ;   {other}
  0x00007f45f57cabfc: 0f1f 8400 | 6c07 000f | be45 ffff | ff48 8beb | 4c89 1c24 | 4489 5424 | 1048 894c 

  0x00007f45f57cac18: ;   {runtime_call UncommonTrapBlob}
  0x00007f45f57cac18: 2418 90e8 

  0x00007f45f57cac1c: ; ImmutableOopMap {rbp=Oop [0]=Oop [24]=Oop }
                      ;*if_acmpne {reexecute=1 rethrow=0 return_oop=0}
                      ; - (reexecute) com.sun.jna.Function::invoke@173 (line 426)
  0x00007f45f57cac1c: e002 7cfe 

  0x00007f45f57cac20: ;   {other}
  0x00007f45f57cac20: 0f1f 8400 | 9007 0010 | be45 ffff | ff48 8beb | 4c89 1c24 | 4889 4c24 | 0844 8944 | 2410 4489 
  0x00007f45f57cac40: ;   {runtime_call UncommonTrapBlob}
  0x00007f45f57cac40: 5424 14e8 

  0x00007f45f57cac44: ; ImmutableOopMap {rbp=Oop [0]=Oop [8]=Oop }
                      ;*ifeq {reexecute=1 rethrow=0 return_oop=0}
                      ; - (reexecute) com.sun.jna.Function::invoke@390 (line 443)
  0x00007f45f57cac44: b802 7cfe 

  0x00007f45f57cac48: ;   {other}
  0x00007f45f57cac48: 0f1f 8400 | b807 0011 | be45 ffff | ff48 8beb | 4c89 1c24 | 4489 5424 | 1048 894c 

  0x00007f45f57cac64: ;   {runtime_call UncommonTrapBlob}
  0x00007f45f57cac64: 2418 90e8 

  0x00007f45f57cac68: ; ImmutableOopMap {rbp=Oop [0]=Oop [24]=Oop }
                      ;*if_acmpne {reexecute=1 rethrow=0 return_oop=0}
                      ; - (reexecute) com.sun.jna.Function::invoke@207 (line 428)
  0x00007f45f57cac68: 9402 7cfe 

  0x00007f45f57cac6c: ;   {other}
  0x00007f45f57cac6c: 0f1f 8400 | dc07 0012 | be45 ffff | ff48 8beb | 4c89 1c24 | 4489 5424 | 1048 894c 

  0x00007f45f57cac88: ;   {runtime_call UncommonTrapBlob}
  0x00007f45f57cac88: 2418 90e8 

  0x00007f45f57cac8c: ; ImmutableOopMap {rbp=Oop [0]=Oop [24]=Oop }
                      ;*if_acmpne {reexecute=1 rethrow=0 return_oop=0}
                      ; - (reexecute) com.sun.jna.Function::invoke@240 (line 430)
  0x00007f45f57cac8c: 7002 7cfe 

  0x00007f45f57cac90: ;   {other}
  0x00007f45f57cac90: 0f1f 8400 | 0008 0013 | be45 ffff | ff48 8beb | 4c89 1c24 | 4489 5424 | 1048 894c 

  0x00007f45f57cacac: ;   {runtime_call UncommonTrapBlob}
  0x00007f45f57cacac: 2418 90e8 

  0x00007f45f57cacb0: ; ImmutableOopMap {rbp=Oop [0]=Oop [24]=Oop }
                      ;*if_acmpeq {reexecute=1 rethrow=0 return_oop=0}
                      ; - (reexecute) com.sun.jna.Function::invoke@266 (line 432)
  0x00007f45f57cacb0: 4c02 7cfe 

  0x00007f45f57cacb4: ;   {other}
  0x00007f45f57cacb4: 0f1f 8400 | 2408 0014 | be45 ffff | ff48 8beb | 4c89 1c24 | 4489 5424 | 1048 894c 

  0x00007f45f57cacd0: ;   {runtime_call UncommonTrapBlob}
  0x00007f45f57cacd0: 2418 90e8 

  0x00007f45f57cacd4: ; ImmutableOopMap {rbp=Oop [0]=Oop [24]=Oop }
                      ;*if_acmpne {reexecute=1 rethrow=0 return_oop=0}
                      ; - (reexecute) com.sun.jna.Function::invoke@273 (line 432)
  0x00007f45f57cacd4: 2802 7cfe 

  0x00007f45f57cacd8: ;   {other}
  0x00007f45f57cacd8: 0f1f 8400 | 4808 0015 | be45 ffff | ff48 8beb | 4c89 1c24 | 4489 5424 | 1048 894c 

  0x00007f45f57cacf4: ;   {runtime_call UncommonTrapBlob}
  0x00007f45f57cacf4: 2418 90e8 

  0x00007f45f57cacf8: ; ImmutableOopMap {rbp=Oop [0]=Oop [24]=Oop }
                      ;*if_acmpeq {reexecute=1 rethrow=0 return_oop=0}
                      ; - (reexecute) com.sun.jna.Function::invoke@299 (line 434)
  0x00007f45f57cacf8: 0402 7cfe 

  0x00007f45f57cacfc: ;   {other}
  0x00007f45f57cacfc: 0f1f 8400 | 6c08 0016 | be45 ffff | ff48 8beb | 4c89 1c24 | 4489 5424 | 1048 894c 

  0x00007f45f57cad18: ;   {runtime_call UncommonTrapBlob}
  0x00007f45f57cad18: 2418 90e8 

  0x00007f45f57cad1c: ; ImmutableOopMap {rbp=Oop [0]=Oop [24]=Oop }
                      ;*if_acmpne {reexecute=1 rethrow=0 return_oop=0}
                      ; - (reexecute) com.sun.jna.Function::invoke@306 (line 434)
  0x00007f45f57cad1c: e001 7cfe 

  0x00007f45f57cad20: ;   {other}
  0x00007f45f57cad20: 0f1f 8400 | 9008 0017 | be45 ffff | ff48 8beb | 4c89 1c24 | 4489 5424 | 1048 894c 

  0x00007f45f57cad3c: ;   {runtime_call UncommonTrapBlob}
  0x00007f45f57cad3c: 2418 90e8 

  0x00007f45f57cad40: ; ImmutableOopMap {rbp=Oop [0]=Oop [24]=Oop }
                      ;*if_acmpne {reexecute=1 rethrow=0 return_oop=0}
                      ; - (reexecute) com.sun.jna.Function::invoke@352 (line 438)
  0x00007f45f57cad40: bc01 7cfe 

  0x00007f45f57cad44: ;   {other}
  0x00007f45f57cad44: 0f1f 8400 | b408 0018 | bee4 ffff 

  0x00007f45f57cad50: ;   {runtime_call UncommonTrapBlob}
  0x00007f45f57cad50: ff66 90e8 

  0x00007f45f57cad54: ; ImmutableOopMap {}
                      ;*aaload {reexecute=0 rethrow=0 return_oop=0}
                      ; - java.lang.Long::valueOf@29 (line 1205)
                      ; - com.sun.jna.Function::invoke@254 (line 431)
  0x00007f45f57cad54: a801 7cfe 

  0x00007f45f57cad58: ;   {other}
  0x00007f45f57cad58: 0f1f 8400 | c808 0019 | be45 ffff | ff48 8beb | 4889 1424 | 4489 5424 | 1048 894c 

  0x00007f45f57cad74: ;   {runtime_call UncommonTrapBlob}
  0x00007f45f57cad74: 2418 90e8 

  0x00007f45f57cad78: ; ImmutableOopMap {rbp=Oop [0]=Oop [24]=Oop }
                      ;*ifnull {reexecute=1 rethrow=0 return_oop=0}
                      ; - (reexecute) com.sun.jna.Function::invoke@20 (line 417)
  0x00007f45f57cad78: 8401 7cfe 

  0x00007f45f57cad7c: ;   {other}
  0x00007f45f57cad7c: 0f1f 8400 | ec08 001a | bef4 ffff | ff48 8beb | 4c89 1c24 | 4489 4424 | 1044 8954 | 2414 4889 
  0x00007f45f57cad9c: ;   {runtime_call UncommonTrapBlob}
  0x00007f45f57cad9c: 4c24 18e8 

  0x00007f45f57cada0: ; ImmutableOopMap {rbp=Oop [0]=Oop [24]=Oop }
                      ;*invokevirtual isAssignableFrom {reexecute=0 rethrow=0 return_oop=0}
                      ; - com.sun.jna.Function::invoke@387 (line 443)
  0x00007f45f57cada0: 5c01 7cfe 

  0x00007f45f57cada4: ;   {other}
  0x00007f45f57cada4: 0f1f 8400 | 1409 001b | 488b f0eb | 2148 8bf0 | eb1c 488b | f0eb 1748 | 8bf0 eb12 | 488b f0eb 
  0x00007f45f57cadc4: 0d48 8bf0 | eb08 488b | f0eb 0348 | 8bf0 4883 

  0x00007f45f57cadd4: ;   {runtime_call _rethrow_Java}
  0x00007f45f57cadd4: c430 5de9 | 24dd 88fe 

  0x00007f45f57caddc: ;   {internal_word}
  0x00007f45f57caddc: 49ba 49aa | 7cf5 457f | 0000 4d89 | 9768 0400 

  0x00007f45f57cadec: ;   {runtime_call SafepointBlob}
  0x00007f45f57cadec: 00e9 0e12 

  0x00007f45f57cadf0: ;   {runtime_call StubRoutines (final stubs)}
  0x00007f45f57cadf0: 7cfe e8a9 | 067a fee9 | 1ef9 ffff | f4f4 f4f4 
[Stub Code]
  0x00007f45f57cae00: ;   {no_reloc}
  0x00007f45f57cae00: 48bb 4057 | a64a 457f 

  0x00007f45f57cae08: ;   {runtime_call I2C/C2I adapters}
  0x00007f45f57cae08: 0000 e9df 

  0x00007f45f57cae0c: ;   {static_stub}
  0x00007f45f57cae0c: a279 fe48 | bb00 0000 | 0000 0000 

  0x00007f45f57cae18: ;   {runtime_call nmethod}
  0x00007f45f57cae18: 00e9 fbff 

  0x00007f45f57cae1c: ;   {static_stub}
  0x00007f45f57cae1c: ffff 48bb | 0000 0000 | 0000 0000 

  0x00007f45f57cae28: ;   {runtime_call nmethod}
  0x00007f45f57cae28: e9fb ffff 

  0x00007f45f57cae2c: ;   {static_stub}
  0x00007f45f57cae2c: ff48 bb00 | 0000 0000 

  0x00007f45f57cae34: ;   {runtime_call nmethod}
  0x00007f45f57cae34: 0000 00e9 | fbff ffff 

  0x00007f45f57cae3c: ;   {static_stub}
  0x00007f45f57cae3c: 48bb 0000 | 0000 0000 

  0x00007f45f57cae44: ;   {runtime_call nmethod}
  0x00007f45f57cae44: 0000 e9fb 

  0x00007f45f57cae48: ;   {runtime_call ExceptionBlob}
  0x00007f45f57cae48: ffff ffe9 | 3032 88fe 
[Deopt Handler Code]
  0x00007f45f57cae50: e800 0000 | 0048 832c 

  0x00007f45f57cae58: ;   {runtime_call DeoptimizationBlob}
  0x00007f45f57cae58: 2405 e941 | 047c fef4 
[/MachCode]


Compiled method (c2) 1072015 97872       4       com.sun.jna.Function::invoke (542 bytes)
 total in heap  [0x00007f45f44f4690,0x00007f45f44f6aa0] = 9232
 relocation     [0x00007f45f44f47e8,0x00007f45f44f4990] = 424
 main code      [0x00007f45f44f49a0,0x00007f45f44f5c38] = 4760
 stub code      [0x00007f45f44f5c38,0x00007f45f44f5cc8] = 144
 oops           [0x00007f45f44f5cc8,0x00007f45f44f5ce8] = 32
 metadata       [0x00007f45f44f5ce8,0x00007f45f44f5de8] = 256
 scopes data    [0x00007f45f44f5de8,0x00007f45f44f6618] = 2096
 scopes pcs     [0x00007f45f44f6618,0x00007f45f44f68b8] = 672
 dependencies   [0x00007f45f44f68b8,0x00007f45f44f68f0] = 56
 handler table  [0x00007f45f44f68f0,0x00007f45f44f6a70] = 384
 nul chk table  [0x00007f45f44f6a70,0x00007f45f44f6aa0] = 48

[Constant Pool (empty)]

[MachCode]
[Entry Point]
  # {method} {0x00007f454aa645b0} 'invoke' '(Ljava/lang/reflect/Method;[Ljava/lang/Class;Ljava/lang/Class;[Ljava/lang/Object;Ljava/util/Map;)Ljava/lang/Object;' in 'com/sun/jna/Function'
  # this:     rsi:rsi   = 'com/sun/jna/Function'
  # parm0:    rdx:rdx   = 'java/lang/reflect/Method'
  # parm1:    rcx:rcx   = '[Ljava/lang/Class;'
  # parm2:    r8:r8     = 'java/lang/Class'
  # parm3:    r9:r9     = '[Ljava/lang/Object;'
  # parm4:    rdi:rdi   = 'java/util/Map'
  #           [sp+0x80]  (sp of caller)
  0x00007f45f44f49a0: 448b 5608 | 49bb 0000 | 0086 457f | 0000 4d03 | d349 3bc2 

  0x00007f45f44f49b4: ;   {runtime_call ic_miss_stub}
  0x00007f45f44f49b4: 0f85 c606 | a9ff 6690 | 0f1f 4000 
[Verified Entry Point]
  0x00007f45f44f49c0: 8984 2400 | c0fe ff55 | 4883 ec70 | 4181 7f20 | b603 0000 | 0f85 5012 | 0000 4889 | 7c24 2849 
  0x00007f45f44f49e0: 8be9 4c89 | 4424 2048 | 894c 2418 | 4889 5424 | 1048 8974 | 2408 498b | 87b8 0100 | 004c 8bd0 
  0x00007f45f44f4a00: 4983 c210 | 4d3b 97c8 | 0100 000f | 832a 0d00 | 004d 8997 | b801 0000 | 410f 1882 | 0001 0000 
  0x00007f45f44f4a20: 48c7 0001 | 0000 0041 | 0f18 8240 

  0x00007f45f44f4a2c: ;   {metadata('java/lang/Object'[])}
  0x00007f45f44f4a2c: 0100 00c7 | 4008 7813 | 0000 410f | 1882 8001 | 0000 4489 | 600c 4885 | ed0f 84c4 | 0c00 0044 
  0x00007f45f44f4a4c: 8b5d 0c41 | 81fb 0001 | 0000 0f8f | 840f 0000 | 4963 d341 | 81fb 0000 | 0400 0f87 | f10c 0000 
  0x00007f45f44f4a6c: 498b 9fb8 | 0100 004c | 8d14 9517 | 0000 0049 | 83e2 f84c | 8bc3 4d03 | c24d 3b87 | c801 0000 
  0x00007f45f44f4a8c: 0f83 cb0c | 0000 4d89 | 87b8 0100 | 0041 0f18 | 8000 0100 | 0048 c703 | 0100 0000 | 410f 1880 
  0x00007f45f44f4aac: 4001 0000 

  0x00007f45f44f4ab0: ;   {metadata('java/lang/Object'[])}
  0x00007f45f44f4ab0: c743 0878 | 1300 0044 | 895b 0c41 | 0f18 8080 | 0100 0045 | 85db 7626 | 488b fd48 | 83c7 1048 
  0x00007f45f44f4ad0: 8bf3 4883 | c610 c5f8 | 7749 bae0 | a2f6 f345 | 7f00 0041 

  0x00007f45f44f4ae4: ;   {other}
  0x00007f45f44f4ae4: ffd2 0f1f | 8400 0000 | 0000 4889 | 5c24 4048 | 896c 2430 | 4c8b 5c24 | 2845 8b53 

  0x00007f45f44f4b00: ;   {metadata('java/util/HashMap')}
  0x00007f45f44f4b00: 0841 81fa | b824 0c00 | 0f85 ca0d | 0000 4d8b | d345 8b5a | 2445 85db | 0f84 6701 | 0000 478b 
  0x00007f45f44f4b20: 44dc 0c45 | 85c0 0f86 | 140f 0000 | 4f8d 0cdc 

  0x00007f45f44f4b30: ;   {oop("type-mapper"{0x000000060f235218})}
  0x00007f45f44f4b30: 41ff c849 | bb18 5223 | 0f06 0000 | 0045 8b5b | 0c45 85db | 0f84 8b07 | 0000 418b | cbc1 e910 
  0x00007f45f44f4b50: 4133 cb44 | 23c1 448b | d947 8b44 | 8110 4585 | c00f 841e | 0100 0043 | 8b4c c40c | 4b8d 2cc4 
  0x00007f45f44f4b70: 413b cb0f | 859f 0600 | 0047 8b4c 

  0x00007f45f44f4b7c: ;   {oop("type-mapper"{0x000000060f235218})}
  0x00007f45f44f4b7c: c410 4181 | f943 6ae4 | c10f 8585 | 0800 0044 | 8b45 1445 | 85c0 0f84 | ed00 0000 | 478b 5cc4 
  0x00007f45f44f4b9c: ;   {metadata('com/sun/jna/TypeMapper')}
  0x00007f45f44f4b9c: 0848 b810 | f989 8845 | 7f00 0048 | be00 0000 | 8645 7f00 | 0049 03f3 | 4c8b 5e20 | 4c3b d80f 
  0x00007f45f44f4bbc: 85f1 0700 | 004f 8d1c | c44c 895c | 2448 e9be | 0000 008b 

  0x00007f45f44f4bd0: ;   {metadata('com/sun/jna/Structure$ByReference'[])}
  0x00007f45f44f4bd0: 6c24 2081 | fd30 358c | 020f 8446 | 0400 0048 | 8b74 2428 

  0x00007f45f44f4be4: ;   {metadata('com/sun/jna/Structure$ByReference'[])}
  0x00007f45f44f4be4: 48b8 3035 | 8c88 457f | 0000 4833 | ff4c 8b9e | a000 0000 | 498b d348 | c1e2 270f | 8921 0000 
  0x00007f45f44f4c04: 00f3 480f | b8d2 488b | 5e28 483b | 04d3 7415 | 490f bae3 | 1973 0b49 

  0x00007f45f44f4c1c: ;   {runtime_call StubRoutines (compiler stubs)}
  0x00007f45f44f4c1c: c1cb 18e8 | d3bf abff | eb03 48ff | c748 85ff | 0f84 f303 | 0000 8b6c | 2408 448b | 5c24 0c8b 
  0x00007f45f44f4c3c: 5c24 18ff | c341 3bdb | 0f8c d102 | 0000 488b | 4424 10c5 | f877 4883 

  0x00007f45f44f4c54: ;   {poll_return}
  0x00007f45f44f4c54: c470 5d49 | 3ba7 5004 | 0000 0f87 | b00f 0000 | c366 6666 | 0f1f 8400 | 0000 0000 | 448b c5e9 
  0x00007f45f44f4c74: 1301 0000 | 4533 c9e9 | aa00 0000 | 4c8b 5424 | 2845 33db | 4c89 5c24 | 4845 8b5a | 2445 85db 
  0x00007f45f44f4c94: 74e2 438b | 6cdc 0c85 | ed0f 86e9 | 0d00 00ff | cd4f 8d04 

  0x00007f45f44f4ca8: ;   {oop("allow-objects"{0x000000060f235230})}
  0x00007f45f44f4ca8: dc49 ba30 | 5223 0f06 | 0000 0045 | 8b52 0c45 | 85d2 0f84 | 8906 0000 | 458b da41 | c1eb 1045 
  0x00007f45f44f4cc8: 33da 4123 | eb44 895c | 2450 458b | 4ca8 1045 | 85c9 749c | 478b 5ccc | 0c4b 8d2c | cc44 3b5c 
  0x00007f45f44f4ce8: 2450 0f85 | 9105 0000 | 478b 54cc 

  0x00007f45f44f4cf4: ;   {oop("allow-objects"{0x000000060f235230})}
  0x00007f45f44f4cf4: 1041 81fa | 466a e4c1 | 0f85 6607 | 0000 448b | 5d14 4585 | db0f 8469 | ffff ff47 | 8b44 dc08 
  0x00007f45f44f4d14: ;   {metadata('java/lang/Boolean')}
  0x00007f45f44f4d14: 4181 f848 | 6b00 000f | 8557 ffff | ff4f 8d14 | dc45 0fb6 | 4a0c 4c8b | 5424 4041 | 8b6a 0c85 
  0x00007f45f44f4d34: ed0f 8605 | 0100 004c | 8b5c 2410 

  0x00007f45f44f4d40: ; implicit exception: dispatches to 0x00007f45f44f5bb2
  0x00007f45f44f4d40: 458b 5320 | 4181 e280 | 0000 0045 | 85d2 0f85 | a40c 0000 | 4c8b 5424 | 1845 8b42 | 0c45 85c0 
  0x00007f45f44f4d60: 0f86 120b | 0000 8d4d | ff41 3bc8 | 0f83 060b | 0000 3bcd | 0f83 fe0a | 0000 4533 | c04c 8954 
  0x00007f45f44f4d80: 2428 4489 | 4c24 1c89 | 6c24 5444 | 8944 2418 | 4963 e848 | c1e5 024c | 8b54 2428 | 458b 542a 
  0x00007f45f44f4da0: 1049 c1e2 | 0348 8b74 | 2408 488b | 5424 4041 | 8bc8 4c8b | 4424 104c | 8b4c 2448 | 8b7c 241c 
  0x00007f45f44f4dc0: 4c89 1424 

  0x00007f45f44f4dc4: ;   {optimized virtual_call}
  0x00007f45f44f4dc4: c5f8 77e8 

  0x00007f45f44f4dc8: ; ImmutableOopMap {[8]=Oop [16]=Oop [32]=Oop [40]=Oop [48]=Oop [64]=Oop [72]=Oop }
                      ;*invokespecial convertArgument {reexecute=0 rethrow=0 return_oop=1}
                      ; - com.sun.jna.Function::invoke@188 (line 348)
  0x00007f45f44f4dc8: 143b 1701 

  0x00007f45f44f4dcc: ;   {other}
  0x00007f45f44f4dcc: 0f1f 8400 | 3c07 0000 | 4c8b e84c | 8b54 2440 | 498d 5c2a | 1041 807f | 4000 0f85 | 6c08 0000 
  0x00007f45f44f4dec: 4d8b d58b | 6c24 18ff | c54d 8bc5 | 49c1 e803 | 4489 034c | 8bdb 4d33 | d349 c1ea | 164d 85d2 
  0x00007f45f44f4e0c: 741f 4d85 | ed74 1a49 | c1eb 0948 | bf00 e017 | 0146 7f00 | 0049 03fb | 803f 020f | 8561 0800 
  0x00007f45f44f4e2c: 003b 6c24 | 540f 8c39 | feff ff44 | 8b4c 241c | 8b6c 2454 | 4c8b 5424 | 204d 85d2 | 0f84 9108 
  0x00007f45f44f4e4c: 0000 498b | 7210 4885 | f674 644c 

  0x00007f45f44f4e58: ;   {metadata('com/sun/jna/NativeMapped')}
  0x00007f45f44f4e58: 8b5e 2048 | b8e8 3a89 | 8845 7f00 | 004c 3bd8 | 0f84 3a0a | 0000 483b | f00f 8431 | 0a00 0048 
  0x00007f45f44f4e78: 33ff 4c8b | 9ea0 0000 | 0049 8bd3 | 48c1 e220 | 0f89 2100 | 0000 f348 | 0fb8 d248 | 8b5e 2848 
  0x00007f45f44f4e98: 3b04 d374 | 1549 0fba | e320 730b | 49c1 cb1f 

  0x00007f45f44f4ea8: ;   {runtime_call StubRoutines (compiler stubs)}
  0x00007f45f44f4ea8: e84a bdab | ffeb 0348 | ffc7 4885 | ff0f 84ed | 0900 004c | 8b5c 2448 | 4d85 db0f | 8594 0a00 
  0x00007f45f44f4ec8: 0048 8b74 | 2408 488b | 5424 4049 | 8bca 458b | c145 33c9 

  0x00007f45f44f4edc: ;   {optimized virtual_call}
  0x00007f45f44f4edc: c5f8 77e8 

  0x00007f45f44f4ee0: ; ImmutableOopMap {[8]=Oop [16]=Oop [32]=Oop [48]=Oop [64]=Oop }
                      ;*invokevirtual invoke {reexecute=0 rethrow=0 return_oop=1}
                      ; - com.sun.jna.Function::invoke@271 (line 364)
  0x00007f45f44f4ee0: 1c58 2d01 

  0x00007f45f44f4ee4: ;   {other}
  0x00007f45f44f4ee4: 0f1f 8400 | 5408 0001 | 4889 4424 | 104c 8b54 | 2430 4d85 | d20f 844b | fdff ff45 | 8b5a 0c45 
  0x00007f45f44f4f04: 85db 0f86 | 3efd ffff | 458d 53ff | 453b d30f | 83ab 0a00 | 0033 db4c | 8b54 2430 | 458b 449a 
  0x00007f45f44f4f24: 1045 85c0 | 0f84 11fd | ffff 438b | 74c4 0848 | b900 0000 | 8645 7f00 | 0048 03ce | 4c8b 5138 
  0x00007f45f44f4f44: ;   {metadata('com/sun/jna/Structure')}
  0x00007f45f44f4f44: 49b9 300b | 8988 457f | 0000 4d3b | d10f 84a4 | 0800 003b | dd0f 83bd | 0800 004c | 8b54 2440 
  0x00007f45f44f4f64: 458b 4c9a | 1047 8b54 | cc08 4889 | 4c24 2889 | 7424 2044 | 8944 241c | 895c 2418 | 4489 5c24 
  0x00007f45f44f4f84: 0c89 6c24 | 084c 8b59 | 404c 895c | 2438 48be | 0000 0086 | 457f 0000 | 4903 f24c 

  0x00007f45f44f4fa0: ;   {metadata('com/sun/jna/Function$PostCallRead')}
  0x00007f45f44f4fa0: 8b5e 2049 | b8a8 f089 | 8845 7f00 | 004d 3bd8 | 0f85 c701 

  0x00007f45f44f4fb4: ;   {metadata('com/sun/jna/StringArray')}
  0x00007f45f44f4fb4: 0000 4181 | fa40 e18b | 020f 8551 | 0b00 004b | 8d34 cc44 | 8b54 241c | 49c1 e203 | 4c89 5424 
  0x00007f45f44f4fd4: 4866 6690 

  0x00007f45f44f4fd8: ;   {optimized virtual_call}
  0x00007f45f44f4fd8: c5f8 77e8 

  0x00007f45f44f4fdc: ; ImmutableOopMap {[16]=Oop [28]=NarrowOop [48]=Oop [64]=Oop [72]=Oop }
                      ;*invokeinterface read {reexecute=0 rethrow=0 return_oop=0}
                      ; - com.sun.jna.Function::invoke@405 (line 387)
  0x00007f45f44f4fdc: 670c 0000 

  0x00007f45f44f4fe0: ;   {other}
  0x00007f45f44f4fe0: 0f1f 8400 | 5009 0002 | 4c8b 5424 | 4044 8b5c | 2418 478b | 549a 1047 | 8b5c d408 

  0x00007f45f44f4ffc: ;   {metadata('com/sun/jna/Function$PointerArray')}
  0x00007f45f44f4ffc: 4181 fb20 | e68b 020f | 85e8 0100 | 004c 8b5c | 2428 4d8b 

  0x00007f45f44f5010: ;   {metadata('com/sun/jna/Structure$ByReference'[])}
  0x00007f45f44f5010: 5b20 49b8 | 3035 8c88 | 457f 0000 | 4d3b d80f | 85aa fbff | ff4c 8b5c | 2428 4d8b | 5b70 498b 
  0x00007f45f44f5030: 3349 c1e2 | 034c 8954 | 2420 6690 

  0x00007f45f44f503c: ;   {optimized virtual_call}
  0x00007f45f44f503c: c5f8 77e8 

  0x00007f45f44f5040: ; ImmutableOopMap {[16]=Oop [28]=NarrowOop [32]=Oop [48]=Oop [64]=Oop [72]=Oop }
                      ;*invokevirtual getComponentType {reexecute=0 rethrow=0 return_oop=1}
                      ; - com.sun.jna.Function::invoke@449 (line 391)
  0x00007f45f44f5040: 3c03 a9ff 

  0x00007f45f44f5044: ;   {other}
  0x00007f45f44f5044: 0f1f 8400 | b409 0003 | 4889 4424 | 284c 8b54 

  0x00007f45f44f5054: ;   {metadata('com/sun/jna/Structure'[])}
  0x00007f45f44f5054: 2438 49bb | 80dd 8988 | 457f 0000 | 4d3b d30f | 85d3 0700 | 004c 8b5c | 2448 458b | 530c 4585 
  0x00007f45f44f5074: d20f 86b7 | fbff ff45 | 8d4a ff45 | 3bca 0f83 | 1809 0000 | 458b 4308 

  0x00007f45f44f508c: ;   {metadata('com/sun/jna/Structure'[])}
  0x00007f45f44f508c: 4181 f880 | dd89 020f | 8507 0900 | 0033 db4c | 895c 2438 | 4489 5424 | 5066 6666 | 0f1f 8400 
  0x00007f45f44f50ac: 0000 0000 | 895c 241c | c1e3 0348 | 63d3 488b | 7424 2066 | 6690 c5f8 | 7748 b8ff | ffff ffff 
  0x00007f45f44f50cc: ;   {virtual_call}
  0x00007f45f44f50cc: ffff ffe8 

  0x00007f45f44f50d0: ; ImmutableOopMap {[16]=Oop [32]=Oop [40]=Oop [48]=Oop [56]=Oop [64]=Oop }
                      ;*invokevirtual getPointer {reexecute=0 rethrow=0 return_oop=1}
                      ; - com.sun.jna.Function::invoke@481 (line 394)
  0x00007f45f44f50d0: ac05 a9ff 

  0x00007f45f44f50d4: ;   {other}
  0x00007f45f44f50d4: 0f1f 8400 | 440a 0004 | 4c8b 5424 | 388b 6c24 | 1c4d 8d54 | aa10 458b | 1a4c 8954 | 2448 498b 
  0x00007f45f44f50f4: d348 c1e2 | 0348 8b74 | 2428 488b | c848 8b6c | 2438 6690 

  0x00007f45f44f5108: ;   {static_call}
  0x00007f45f44f5108: c5f8 77e8 

  0x00007f45f44f510c: ; ImmutableOopMap {rbp=Oop [72]=Derived_oop_rbp [16]=Oop [32]=Oop [40]=Oop [48]=Oop [56]=Oop [64]=Oop }
                      ;*invokestatic updateStructureByReference {reexecute=0 rethrow=0 return_oop=1}
                      ; - com.sun.jna.Function::invoke@499 (line 395)
  0x00007f45f44f510c: 7008 a9ff 

  0x00007f45f44f5110: ;   {other}
  0x00007f45f44f5110: 0f1f 8400 | 800a 0005 | 488b d841 | 807f 4000 | 0f85 a604 | 0000 4c8b | d38b 6c24 | 1cff c54c 
  0x00007f45f44f5130: 8bdb 49c1 | eb03 4c8b | 4424 4845 | 8918 4d8b | d84d 33d3 | 49c1 ea16 | 4d85 d274 | 1f48 85db 
  0x00007f45f44f5150: 741a 49c1 | eb09 48bf | 00e0 1701 | 467f 0000 | 4903 fb80 | 3f02 0f85 | 9b04 0000 | 8bdd 3b6c 
  0x00007f45f44f5170: 2450 0f8c | 38ff ffff | e9b5 faff 

  0x00007f45f44f517c: ;   {metadata('com/sun/jna/Function$PostCallRead')}
  0x00007f45f44f517c: ff48 b8a8 | f089 8845 | 7f00 0048 | 33ff 4c8b | 9ea0 0000 | 0049 8bd3 | 48c1 e233 | 0f89 2100 
  0x00007f45f44f519c: 0000 f348 | 0fb8 d248 | 8b5e 2848 | 3b04 d374 | 1549 0fba | e30d 730b | 49c1 cb0c 

  0x00007f45f44f51b8: ;   {runtime_call StubRoutines (compiler stubs)}
  0x00007f45f44f51b8: e83a baab | ffeb 0348 | ffc7 4885 | ff0f 84eb | fdff ff4c | 8b54 2438 

  0x00007f45f44f51d0: ;   {metadata('com/sun/jna/Structure'[])}
  0x00007f45f44f51d0: 49bb 80dd | 8988 457f | 0000 4d3b | d30f 84c9 | 0800 0044 | 8b5c 240c | 8b5c 2418 | e94e faff 
  0x00007f45f44f51f0: ff44 8b5c | 240c 8b5c | 2418 e940 | faff ff48 | ff74 2428 | 488f 4424 | 304c 8b54 | 2438 448b 
  0x00007f45f44f5210: 5c24 4844 | 8b44 244c | 438b 4cc4 | 1885 c90f | 8460 faff | ff47 8b4c 

  0x00007f45f44f5228: ;   {metadata('java/util/HashMap$TreeNode')}
  0x00007f45f44f5228: c408 4181 | f9d8 dd2b | 000f 8578 | 0200 004c | 8954 2428 | 488b f541 

  0x00007f45f44f5240: ;   {oop("type-mapper"{0x000000060f235218})}
  0x00007f45f44f5240: 8bd3 48b9 | 1852 230f | 0600 0000 

  0x00007f45f44f524c: ;   {optimized virtual_call}
  0x00007f45f44f524c: c5f8 77e8 

  0x00007f45f44f5250: ; ImmutableOopMap {[8]=Oop [16]=Oop [24]=Oop [32]=Oop [40]=Oop [48]=Oop [64]=Oop }
                      ;*invokevirtual getTreeNode {reexecute=0 rethrow=0 return_oop=1}
                      ; - java.util.HashMap::getNode@95 (line 582)
                      ; - java.util.HashMap::get@2 (line 564)
                      ; - com.sun.jna.Function::invoke@54 (line 338)
  0x00007f45f44f5250: 2c01 a9ff 

  0x00007f45f44f5254: ;   {other}
  0x00007f45f44f5254: 0f1f 8400 | c40b 0006 | 4885 c00f | 841b faff | ff48 8be8 | 4c8b 5424 | 28e9 19f9 | ffff 48ff 
  0x00007f45f44f5274: 7424 2848 | 8f44 2430 | 448b 4c24 | 5447 8b5c | cc18 4585 | db0f 84e9 | f9ff ff47 | 8b44 cc08 
  0x00007f45f44f5294: ;   {metadata('java/util/HashMap$TreeNode')}
  0x00007f45f44f5294: 4181 f8d8 | dd2b 000f | 8597 0200 | 0048 8bf5 | 8b54 2450 

  0x00007f45f44f52a8: ;   {oop("allow-objects"{0x000000060f235230})}
  0x00007f45f44f52a8: 48b9 3052 | 230f 0600 | 0000 6690 

  0x00007f45f44f52b4: ;   {optimized virtual_call}
  0x00007f45f44f52b4: c5f8 77e8 

  0x00007f45f44f52b8: ; ImmutableOopMap {[8]=Oop [16]=Oop [24]=Oop [32]=Oop [48]=Oop [64]=Oop [72]=Oop }
                      ;*invokevirtual getTreeNode {reexecute=0 rethrow=0 return_oop=1}
                      ; - java.util.HashMap::getNode@95 (line 582)
                      ; - java.util.HashMap::get@2 (line 564)
                      ; - com.sun.jna.Function::invoke@71 (line 339)
  0x00007f45f44f52b8: c400 a9ff 

  0x00007f45f44f52bc: ;   {other}
  0x00007f45f44f52bc: 0f1f 8400 | 2c0c 0007 | 4885 c00f | 84ab f9ff | ff48 8be8 | e92d faff 

  0x00007f45f44f52d4: ;   {oop("type-mapper"{0x000000060f235218})}
  0x00007f45f44f52d4: ff49 bb18 | 5223 0f06 | 0000 0045 | 0fb6 5b11 | 4585 db0f | 8534 0400 | 004c 894c | 2438 4489 
  0x00007f45f44f52f4: 4424 2849 

  0x00007f45f44f52f8: ;   {oop([B{0x000000060f2358c8})}
  0x00007f45f44f52f8: 8bea 48be | c858 230f | 0600 0000 

  0x00007f45f44f5304: ;   {static_call}
  0x00007f45f44f5304: c5f8 77e8 

  0x00007f45f44f5308: ; ImmutableOopMap {rbp=Oop [8]=Oop [16]=Oop [24]=Oop [32]=Oop [48]=Oop [56]=Oop [64]=Oop }
                      ;*invokestatic hashCode {reexecute=0 rethrow=0 return_oop=0}
                      ; - java.lang.String::hashCode@27 (line 2358)
                      ; - java.util.HashMap::hash@9 (line 338)
                      ; - java.util.HashMap::getNode@23 (line 576)
                      ; - java.util.HashMap::get@2 (line 564)
                      ; - com.sun.jna.Function::invoke@54 (line 338)
  0x00007f45f44f5308: 7406 a9ff 

  0x00007f45f44f530c: ;   {other}
  0x00007f45f44f530c: 0f1f 8400 | 7c0c 0008 | 85c0 0f84 | 7a04 0000 

  0x00007f45f44f531c: ;   {oop("type-mapper"{0x000000060f235218})}
  0x00007f45f44f531c: 49ba 1852 | 230f 0600 | 0000 4189 | 420c 448b | d841 c1eb | 1044 33d8 | 448b 4424 | 2845 23c3 
  0x00007f45f44f533c: 4c8b d54c | 8b4c 2438 | e910 f8ff 

  0x00007f45f44f5348: ;   {oop("allow-objects"{0x000000060f235230})}
  0x00007f45f44f5348: ff49 ba30 | 5223 0f06 | 0000 0045 | 0fb6 5211 | 4585 d20f | 85cb 0300 | 004c 8944 

  0x00007f45f44f5364: ;   {oop([B{0x000000060f2358a8})}
  0x00007f45f44f5364: 2428 48be | a858 230f | 0600 0000 

  0x00007f45f44f5370: ;   {static_call}
  0x00007f45f44f5370: c5f8 77e8 

  0x00007f45f44f5374: ; ImmutableOopMap {[8]=Oop [16]=Oop [24]=Oop [32]=Oop [40]=Oop [48]=Oop [64]=Oop [72]=Oop }
                      ;*invokestatic hashCode {reexecute=0 rethrow=0 return_oop=0}
                      ; - java.lang.String::hashCode@27 (line 2358)
                      ; - java.util.HashMap::hash@9 (line 338)
                      ; - java.util.HashMap::getNode@23 (line 576)
                      ; - java.util.HashMap::get@2 (line 564)
                      ; - com.sun.jna.Function::invoke@71 (line 339)
  0x00007f45f44f5374: 0806 a9ff 

  0x00007f45f44f5378: ;   {other}
  0x00007f45f44f5378: 0f1f 8400 | e80c 0009 | 85c0 0f84 | 3004 0000 

  0x00007f45f44f5388: ;   {oop("allow-objects"{0x000000060f235230})}
  0x00007f45f44f5388: 49ba 3052 | 230f 0600 | 0000 4189 | 420c 448b | d041 c1ea | 1044 33d0 | 4123 ea4c | 8b44 2428 
  0x00007f45f44f53a8: 4489 5424 | 50e9 20f9 | ffff 4833 | ff4c 8b9e | a000 0000 | 498b d348 | c1e2 140f | 8921 0000 
  0x00007f45f44f53c8: 00f3 480f | b8d2 488b | 5e28 483b | 04d3 7415 | 490f bae3 | 2c73 0b49 

  0x00007f45f44f53e0: ;   {runtime_call StubRoutines (compiler stubs)}
  0x00007f45f44f53e0: c1cb 2be8 | 0fb8 abff | eb03 48ff | c748 85ff | 0f84 cbf7 | ffff bede | ffff ff41 | 8be8 6690 
  0x00007f45f44f5400: ;   {runtime_call UncommonTrapBlob}
  0x00007f45f44f5400: c5f8 77e8 

  0x00007f45f44f5404: ; ImmutableOopMap {rbp=NarrowOop }
                      ;*checkcast {reexecute=0 rethrow=0 return_oop=0}
                      ; - com.sun.jna.Function::invoke@59 (line 338)
  0x00007f45f44f5404: f85a a9ff 

  0x00007f45f44f5408: ;   {other}
  0x00007f45f44f5408: 0f1f 8400 | 780d 000a | 4489 4424 | 4c44 895c | 2448 4c89 | 5424 3848 | ff74 2430 | 488f 4424 
  0x00007f45f44f5428: 2849 8bd1 | 48c1 e203 

  0x00007f45f44f5430: ;   {oop("type-mapper"{0x000000060f235218})}
  0x00007f45f44f5430: 48be 1852 | 230f 0600 | 0000 6690 

  0x00007f45f44f543c: ;   {optimized virtual_call}
  0x00007f45f44f543c: c5f8 77e8 

  0x00007f45f44f5440: ; ImmutableOopMap {rbp=Oop [8]=Oop [16]=Oop [24]=Oop [32]=Oop [40]=Oop [56]=Oop [64]=Oop [76]=NarrowOop }
                      ;*invokevirtual equals {reexecute=0 rethrow=0 return_oop=0}
                      ; - java.util.HashMap::getNode@63 (line 578)
                      ; - java.util.HashMap::get@2 (line 564)
                      ; - com.sun.jna.Function::invoke@54 (line 338)
  0x00007f45f44f5440: 3cff a8ff 

  0x00007f45f44f5444: ;   {other}
  0x00007f45f44f5444: 0f1f 8400 | b40d 000b | 85c0 0f84 | abfd ffff | 48ff 7424 | 2848 8f44 | 2430 4c8b | 5424 38e9 
  0x00007f45f44f5464: 23f7 ffff | 4489 4c24 | 5448 ff74 | 2430 488f | 4424 2849 | 8bd2 48c1 

  0x00007f45f44f547c: ;   {oop("allow-objects"{0x000000060f235230})}
  0x00007f45f44f547c: e203 48be | 3052 230f | 0600 0000 

  0x00007f45f44f5488: ;   {optimized virtual_call}
  0x00007f45f44f5488: c5f8 77e8 

  0x00007f45f44f548c: ; ImmutableOopMap {rbp=Oop [8]=Oop [16]=Oop [24]=Oop [32]=Oop [40]=Oop [64]=Oop [72]=Oop [84]=NarrowOop }
                      ;*invokevirtual equals {reexecute=0 rethrow=0 return_oop=0}
                      ; - java.util.HashMap::getNode@63 (line 578)
                      ; - java.util.HashMap::get@2 (line 564)
                      ; - com.sun.jna.Function::invoke@71 (line 339)
  0x00007f45f44f548c: f0fe a8ff 

  0x00007f45f44f5490: ;   {other}
  0x00007f45f44f5490: 0f1f 8400 | 000e 000c | 85c0 0f84 | d2fd ffff | 48ff 7424 | 2848 8f44 | 2430 e953 | f8ff ff49 
  0x00007f45f44f54b0: 8d2c cc8b | 4d0c 413b | cb74 1b4d | 8b8f 5804 | 0000 8b5d 

  0x00007f45f44f54c4: ; ImmutableOopMap {r10=Oop rbx=NarrowOop [8]=Oop [16]=Oop [24]=Oop [32]=Oop [48]=Oop [64]=Oop }
                      ;*ifnonnull {reexecute=1 rethrow=0 return_oop=0}
                      ; - (reexecute) java.util.HashMap::getNode@145 (line 587)
                      ; - java.util.HashMap::get@2 (line 564)
                      ; - com.sun.jna.Function::invoke@54 (line 338)
                      ;   {poll}
  0x00007f45f44f54c4: 1841 8501 | 85db 0f84 | b5f7 ffff | 498d 2cdc | ebdd 448b 

  0x00007f45f44f54d8: ;   {oop("type-mapper"{0x000000060f235218})}
  0x00007f45f44f54d8: 4d10 4181 | f943 6ae4 | c10f 84a4 | f6ff ff44 | 895c 2448 | 4c89 5424 | 3848 ff74 | 2430 488f 
  0x00007f45f44f54f8: 4424 2849 | 8bd1 48c1 

  0x00007f45f44f5500: ;   {oop("type-mapper"{0x000000060f235218})}
  0x00007f45f44f5500: e203 48be | 1852 230f | 0600 0000 

  0x00007f45f44f550c: ;   {optimized virtual_call}
  0x00007f45f44f550c: c5f8 77e8 

  0x00007f45f44f5510: ; ImmutableOopMap {rbp=Oop [8]=Oop [16]=Oop [24]=Oop [32]=Oop [40]=Oop [56]=Oop [64]=Oop }
                      ;*invokevirtual equals {reexecute=0 rethrow=0 return_oop=0}
                      ; - java.util.HashMap::getNode@128 (line 585)
                      ; - java.util.HashMap::get@2 (line 564)
                      ; - com.sun.jna.Function::invoke@54 (line 338)
  0x00007f45f44f5510: 6cfe a8ff 

  0x00007f45f44f5514: ;   {other}
  0x00007f45f44f5514: 0f1f 8400 | 840e 000e | 85c0 0f84 | a005 0000 | 48ff 7424 | 2848 8f44 | 2430 4c8b | 5424 38e9 
  0x00007f45f44f5534: 53f6 ffff | 4b8d 2cdc | 448b 450c | 443b 4424 | 5074 1b4d | 8b8f 5804 | 0000 8b4d 

  0x00007f45f44f5550: ; ImmutableOopMap {rcx=NarrowOop [8]=Oop [16]=Oop [24]=Oop [32]=Oop [48]=Oop [64]=Oop [72]=Oop }
                      ;*ifnonnull {reexecute=1 rethrow=0 return_oop=0}
                      ; - (reexecute) java.util.HashMap::getNode@145 (line 587)
                      ; - java.util.HashMap::get@2 (line 564)
                      ; - com.sun.jna.Function::invoke@71 (line 339)
                      ;   {poll}
  0x00007f45f44f5550: 1841 8501 | 85c9 0f84 | 1cf7 ffff | 498d 2ccc | ebda 448b 

  0x00007f45f44f5564: ;   {oop("allow-objects"{0x000000060f235230})}
  0x00007f45f44f5564: 5d10 4181 | fb46 6ae4 | c10f 848f | f7ff ff49 | 8bd3 48c1 

  0x00007f45f44f5578: ;   {oop("allow-objects"{0x000000060f235230})}
  0x00007f45f44f5578: e203 48be | 3052 230f | 0600 0000 

  0x00007f45f44f5584: ;   {optimized virtual_call}
  0x00007f45f44f5584: c5f8 77e8 

  0x00007f45f44f5588: ; ImmutableOopMap {rbp=Oop [8]=Oop [16]=Oop [24]=Oop [32]=Oop [48]=Oop [64]=Oop [72]=Oop }
                      ;*invokevirtual equals {reexecute=0 rethrow=0 return_oop=0}
                      ; - java.util.HashMap::getNode@128 (line 585)
                      ; - java.util.HashMap::get@2 (line 564)
                      ; - com.sun.jna.Function::invoke@71 (line 339)
  0x00007f45f44f5588: f4fd a8ff 

  0x00007f45f44f558c: ;   {other}
  0x00007f45f44f558c: 0f1f 8400 | fc0e 0010 | 85c0 0f85 | 66f7 ffff | be45 ffff | ff48 ff74 | 2430 488f | 4424 284c 
  0x00007f45f44f55ac: 8b5c 2440 | 4c89 5c24 | 3089 4424 | 4466 6690 

  0x00007f45f44f55bc: ;   {runtime_call UncommonTrapBlob}
  0x00007f45f44f55bc: c5f8 77e8 

  0x00007f45f44f55c0: ; ImmutableOopMap {rbp=Oop [8]=Oop [16]=Oop [24]=Oop [32]=Oop [40]=Oop [48]=Oop [72]=Oop }
                      ;*ifeq {reexecute=1 rethrow=0 return_oop=0}
                      ; - (reexecute) java.util.HashMap::getNode@131 (line 585)
                      ; - java.util.HashMap::get@2 (line 564)
                      ; - com.sun.jna.Function::invoke@71 (line 339)
  0x00007f45f44f55c0: 3c59 a9ff 

  0x00007f45f44f55c4: ;   {other}
  0x00007f45f44f55c4: 0f1f 8400 | 340f 0011 | 4c8b 5424 | 4845 8b12 | 4585 d20f | 8449 fbff | ff4d 8b5f | 2849 8bfa 
  0x00007f45f44f55e4: 48c1 e703 | 4d85 db0f | 84ea 0100 | 004d 8b57 | 384b 897c | 1af8 4983 | c3f8 4d89 | 5f28 e91f 
  0x00007f45f44f5604: fbff ff4d | 8b57 584d | 8b5f 48f0 | 8344 24c0 | 0080 3f00 | 0f84 4efb | ffff 4488 | 274d 85db 
  0x00007f45f44f5624: 7520 498b | f7c5 f877 | 49ba 2090 | 5c07 467f | 0000 41ff 

  0x00007f45f44f5638: ;   {other}
  0x00007f45f44f5638: d20f 1f84 | 0000 0000 | 00e9 26fb | ffff 4b89 | 7c1a f849 | 83c3 f84d | 895f 48e9 | 14fb ffff 
  0x00007f45f44f5658: 448b 1b45 | 85db 0f84 | 88f7 ffff | 4d8b 5728 | 498b fb48 | c1e7 034d | 85d2 0f84 | e001 0000 
  0x00007f45f44f5678: 4d8b 5f38 | 4b89 7c13 | f849 83c2 | f84d 8957 | 28e9 5ef7 | ffff 4d8b | 5758 4d8b | 5f48 f083 
  0x00007f45f44f5698: 4424 c000 | 803f 000f | 8488 f7ff | ff44 8827 | 4d85 db75 | 2049 8bf7 | c5f8 7749 | ba20 905c 
  0x00007f45f44f56b8: 0746 7f00 | 0041 ffd2 

  0x00007f45f44f56c0: ;   {other}
  0x00007f45f44f56c0: 0f1f 8400 | 0000 0000 | e960 f7ff | ff4b 897c | 1af8 4983 | c3f8 4d89 | 5f48 e94e | f7ff ff41 
  0x00007f45f44f56e0: 807f 4000 | 0f85 3202 

  0x00007f45f44f56e8: ;   {oop(a 'java/lang/NullPointerException'{0x000000060be8c358})}
  0x00007f45f44f56e8: 0000 49ba | 58c3 e80b | 0600 0000 | 4589 6214 | eb05 eb00 | 4c8b d049 | 8bf2 c5f8 | 7748 83c4 
  0x00007f45f44f5708: ;   {runtime_call _rethrow_Java}
  0x00007f45f44f5708: 705d e9f1 | 33b6 ff48 | 8944 2440 | 4533 d24c | 8954 2430 | e9d7 f3ff | ff45 33c0 | 4533 dbe9 
  0x00007f45f44f5728: 2df4 ffff | 33ed 4533 | db44 895c | 2450 e997 

  0x00007f45f44f5738: ;   {metadata('java/lang/Object'[])}
  0x00007f45f44f5738: f5ff ff48 | be78 1300 | 8645 7f00 | 0033 d290 

  0x00007f45f44f5748: ;   {runtime_call _new_array_Java}
  0x00007f45f44f5748: c5f8 77e8 

  0x00007f45f44f574c: ; ImmutableOopMap {rbp=Oop [8]=Oop [16]=Oop [24]=Oop [32]=Oop [40]=Oop }
                      ;*anewarray {reexecute=0 rethrow=0 return_oop=1}
                      ; - com.sun.jna.Function::invoke@1 (line 329)
  0x00007f45f44f574c: 30ca b5ff 

  0x00007f45f44f5750: ;   {other}
  0x00007f45f44f5750: 0f1f 8400 | c010 0012 | e9e5 f2ff | ff48 8954 | 2438 4489 

  0x00007f45f44f5764: ;   {metadata('java/lang/Object'[])}
  0x00007f45f44f5764: 5c24 3048 | be78 1300 | 8645 7f00 | 0041 8bd3 

  0x00007f45f44f5774: ;   {runtime_call _new_array_Java}
  0x00007f45f44f5774: c5f8 77e8 

  0x00007f45f44f5778: ; ImmutableOopMap {rbp=Oop [8]=Oop [16]=Oop [24]=Oop [32]=Oop [40]=Oop }
                      ;*anewarray {reexecute=0 rethrow=0 return_oop=1}
                      ; - com.sun.jna.Function::invoke@33 (line 334)
  0x00007f45f44f5778: 04ca b5ff 

  0x00007f45f44f577c: ;   {other}
  0x00007f45f44f577c: 0f1f 8400 | ec10 0013 | 448b 5c24 | 3048 8b54 | 2438 488b | d8e9 2df3 

  0x00007f45f44f5794: ;   {oop("type-mapper"{0x000000060f235218})}
  0x00007f45f44f5794: ffff 49ba | 1852 230f | 0600 0000 | 41c6 4211 | 0145 33c0 | 4533 db4c | 8bd5 4c8b | 4c24 38e9 
  0x00007f45f44f57b4: a1f3 ffff 

  0x00007f45f44f57b8: ;   {oop("allow-objects"{0x000000060f235230})}
  0x00007f45f44f57b8: 49ba 3052 | 230f 0600 | 0000 41c6 | 4211 0133 | ed4c 8b44 | 2428 4533 | db44 895c | 2450 e9f7 
  0x00007f45f44f57d8: f4ff ff49 | 8bf7 c5f8 | 7749 ba00 | 905c 0746 | 7f00 0041 

  0x00007f45f44f57ec: ;   {other}
  0x00007f45f44f57ec: ffd2 0f1f | 8400 0000 | 0000 e92b | f9ff ffbe | 45ff ffff | 895c 2418 | 4489 4424 | 1c66 6690 
  0x00007f45f44f580c: ;   {runtime_call UncommonTrapBlob}
  0x00007f45f44f580c: c5f8 77e8 

  0x00007f45f44f5810: ; ImmutableOopMap {[16]=Oop [28]=NarrowOop [48]=Oop [64]=Oop }
                      ;*ifeq {reexecute=1 rethrow=0 return_oop=0}
                      ; - (reexecute) com.sun.jna.Function::invoke@364 (line 382)
  0x00007f45f44f5810: ec56 a9ff 

  0x00007f45f44f5814: ;   {other}
  0x00007f45f44f5814: 0f1f 8400 | 8411 0014 | bee4 ffff | ff44 8944 | 241c 895c | 2428 6690 

  0x00007f45f44f582c: ;   {runtime_call UncommonTrapBlob}
  0x00007f45f44f582c: c5f8 77e8 

  0x00007f45f44f5830: ; ImmutableOopMap {[16]=Oop [28]=NarrowOop [48]=Oop [64]=Oop }
                      ;*aaload {reexecute=0 rethrow=0 return_oop=0}
                      ; - com.sun.jna.Function::invoke@390 (line 386)
  0x00007f45f44f5830: cc56 a9ff 

  0x00007f45f44f5834: ;   {other}
  0x00007f45f44f5834: 0f1f 8400 | a411 0015 | bede ffff | ff8b 6c24 | 1c66 6690 

  0x00007f45f44f5848: ;   {runtime_call UncommonTrapBlob}
  0x00007f45f44f5848: c5f8 77e8 

  0x00007f45f44f584c: ; ImmutableOopMap {rbp=NarrowOop }
                      ;*checkcast {reexecute=0 rethrow=0 return_oop=0}
                      ; - com.sun.jna.Function::invoke@456 (line 392)
  0x00007f45f44f584c: b056 a9ff 

  0x00007f45f44f5850: ;   {other}
  0x00007f45f44f5850: 0f1f 8400 | c011 0016 | 498b f7c5 | f877 49ba | 0090 5c07 | 467f 0000 

  0x00007f45f44f5868: ;   {other}
  0x00007f45f44f5868: 41ff d20f | 1f84 0000 | 0000 00e9 | 74f5 ffff | be76 ffff | ff48 ff74 | 2430 488f | 4424 2848 
  0x00007f45f44f5888: ff74 2440 | 488f 4424 | 3044 894c | 2440 6690 

  0x00007f45f44f5898: ;   {runtime_call UncommonTrapBlob}
  0x00007f45f44f5898: c5f8 77e8 

  0x00007f45f44f589c: ; ImmutableOopMap {[8]=Oop [16]=Oop [24]=Oop [32]=Oop [40]=Oop [48]=Oop [72]=Oop }
                      ;*if_icmpge {reexecute=1 rethrow=0 return_oop=0}
                      ; - (reexecute) com.sun.jna.Function::invoke@129 (line 342)
  0x00007f45f44f589c: 6056 a9ff 

  0x00007f45f44f58a0: ;   {other}
  0x00007f45f44f58a0: 0f1f 8400 | 1012 0017 | be45 ffff | ff48 8b6c | 2408 4c8b | 5c24 104c | 895c 2408 | 4c89 5424 
  0x00007f45f44f58c0: 1044 894c | 2428 6690 

  0x00007f45f44f58c8: ;   {runtime_call UncommonTrapBlob}
  0x00007f45f44f58c8: c5f8 77e8 

  0x00007f45f44f58cc: ; ImmutableOopMap {rbp=Oop [8]=Oop [16]=Oop [48]=Oop [64]=Oop }
                      ;*ifeq {reexecute=1 rethrow=0 return_oop=0}
                      ; - (reexecute) com.sun.jna.Function::invoke@210 (line 353)
  0x00007f45f44f58cc: 3056 a9ff 

  0x00007f45f44f58d0: ;   {other}
  0x00007f45f44f58d0: 0f1f 8400 | 4012 0018 | bede ffff | ff48 8b6c | 2408 4c8b | 5424 104c | 8954 2408 | 4c8b 5424 
  0x00007f45f44f58f0: 184c 8954 | 2410 4c8b | 5424 204c | 8954 2418 | 48ff 7424 | 3048 8f44 | 2420 6690 

  0x00007f45f44f590c: ;   {runtime_call UncommonTrapBlob}
  0x00007f45f44f590c: c5f8 77e8 

  0x00007f45f44f5910: ; ImmutableOopMap {rbp=Oop [8]=Oop [16]=Oop [24]=Oop [32]=Oop [40]=Oop [64]=Oop }
                      ;*invokeinterface get {reexecute=0 rethrow=0 return_oop=0}
                      ; - com.sun.jna.Function::invoke@54 (line 338)
  0x00007f45f44f5910: ec55 a9ff 

  0x00007f45f44f5914: ;   {other}
  0x00007f45f44f5914: 0f1f 8400 | 8412 0019 

  0x00007f45f44f591c: ;   {oop(a 'java/lang/NullPointerException'{0x000000060be8c358})}
  0x00007f45f44f591c: 49ba 58c3 | e80b 0600 | 0000 458b | 5a14 4585 | db0f 84b7 | fdff ff4d | 8b57 2849 | 8bfb 48c1 
  0x00007f45f44f593c: e703 4d85 | d20f 84ad | 0100 004d | 8b5f 384b | 897c 13f8 | 4983 c2f8 | 4d89 5728 | e98d fdff 
  0x00007f45f44f595c: ffbe 54ff | ffff 488b | 6c24 084c | 8b5c 2410 | 4c89 5c24 | 0848 ff74 | 2430 488f | 4424 1848 
  0x00007f45f44f597c: ff74 2440 | 488f 4424 | 2044 894c | 2430 4c89 | 5424 3890 

  0x00007f45f44f5990: ;   {runtime_call UncommonTrapBlob}
  0x00007f45f44f5990: c5f8 77e8 

  0x00007f45f44f5994: ; ImmutableOopMap {rbp=Oop [8]=Oop [24]=Oop [32]=Oop [56]=Oop [72]=Oop }
                      ;*ifnull {reexecute=1 rethrow=0 return_oop=0}
                      ; - (reexecute) com.sun.jna.Function::invoke@235 (line 357)
  0x00007f45f44f5994: 6855 a9ff 

  0x00007f45f44f5998: ;   {other}
  0x00007f45f44f5998: 0f1f 8400 | 0813 001a | be76 ffff | ff48 8b6c | 2430 4c89 | 5c24 3044 | 8954 241c 

  0x00007f45f44f59b4: ;   {runtime_call UncommonTrapBlob}
  0x00007f45f44f59b4: c5f8 77e8 

  0x00007f45f44f59b8: ; ImmutableOopMap {rbp=Oop [16]=Oop [32]=Oop [40]=Oop [48]=Oop [64]=Oop }
                      ;*if_icmpge {reexecute=1 rethrow=0 return_oop=0}
                      ; - (reexecute) com.sun.jna.Function::invoke@469 (line 393)
  0x00007f45f44f59b8: 4455 a9ff 

  0x00007f45f44f59bc: ;   {other}
  0x00007f45f44f59bc: 0f1f 8400 | 2c13 001b | be76 ffff | ff44 895c | 2418 6690 

  0x00007f45f44f59d0: ;   {runtime_call UncommonTrapBlob}
  0x00007f45f44f59d0: c5f8 77e8 

  0x00007f45f44f59d4: ; ImmutableOopMap {[16]=Oop [48]=Oop [64]=Oop }
                      ;*if_icmpge {reexecute=1 rethrow=0 return_oop=0}
                      ; - (reexecute) com.sun.jna.Function::invoke@341 (line 378)
  0x00007f45f44f59d4: 2855 a9ff 

  0x00007f45f44f59d8: ;   {other}
  0x00007f45f44f59d8: 0f1f 8400 | 4813 001c | be45 ffff | ff41 8beb 

  0x00007f45f44f59e8: ;   {runtime_call UncommonTrapBlob}
  0x00007f45f44f59e8: c5f8 77e8 

  0x00007f45f44f59ec: ; ImmutableOopMap {}
                      ;*if_icmple {reexecute=1 rethrow=0 return_oop=0}
                      ; - (reexecute) com.sun.jna.Function::invoke@17 (line 331)
  0x00007f45f44f59ec: 1055 a9ff 

  0x00007f45f44f59f0: ;   {other}
  0x00007f45f44f59f0: 0f1f 8400 | 6013 001d | be45 ffff | ff48 8b6c | 2408 4c89 | 5c24 084c | 8b5c 2418 | 4c89 5c24 
  0x00007f45f44f5a10: 104c 8b5c | 2420 4c89 | 5c24 1848 | ff74 2430 | 488f 4424 | 2044 894c | 2438 4489 | 5424 3c90 
  0x00007f45f44f5a30: ;   {runtime_call UncommonTrapBlob}
  0x00007f45f44f5a30: c5f8 77e8 

  0x00007f45f44f5a34: ; ImmutableOopMap {rbp=Oop [8]=Oop [16]=Oop [24]=Oop [32]=Oop [64]=Oop [72]=Oop }
                      ;*ifeq {reexecute=1 rethrow=0 return_oop=0}
                      ; - (reexecute) java.lang.reflect.Executable::isVarArgs@8 (line 532)
                      ; - java.lang.reflect.Method::isVarArgs@1 (line 677)
                      ; - com.sun.jna.VarArgsChecker$RealVarArgsChecker::isVarArgs@1 (line 47)
                      ; - com.sun.jna.Function::isVarArgs@4 (line 802)
                      ; - com.sun.jna.Function::invoke@92 (line 340)
  0x00007f45f44f5a34: c854 a9ff 

  0x00007f45f44f5a38: ;   {other}
  0x00007f45f44f5a38: 0f1f 8400 | a813 001e | be45 ffff | ff48 8b6c | 2408 4c8b | 5c24 104c | 895c 2408 | 4c8b 5c24 
  0x00007f45f44f5a58: 184c 895c | 2410 4c8b | 5c24 204c | 895c 2418 | 48ff 7424 | 3048 8f44 | 2420 4c89 | 5424 2844 
  0x00007f45f44f5a78: 8944 2438 

  0x00007f45f44f5a7c: ;   {runtime_call UncommonTrapBlob}
  0x00007f45f44f5a7c: c5f8 77e8 

  0x00007f45f44f5a80: ; ImmutableOopMap {rbp=Oop [8]=Oop [16]=Oop [24]=Oop [32]=Oop [40]=Oop [64]=Oop }
                      ;*ifle {reexecute=1 rethrow=0 return_oop=0}
                      ; - (reexecute) java.util.HashMap::getNode@14 (line 575)
                      ; - java.util.HashMap::get@2 (line 564)
                      ; - com.sun.jna.Function::invoke@54 (line 338)
  0x00007f45f44f5a80: 7c54 a9ff 

  0x00007f45f44f5a84: ;   {other}
  0x00007f45f44f5a84: 0f1f 8400 | f413 001f | be45 ffff | ff48 ff74 | 2430 488f | 4424 2890 

  0x00007f45f44f5a9c: ;   {runtime_call UncommonTrapBlob}
  0x00007f45f44f5a9c: c5f8 77e8 

  0x00007f45f44f5aa0: ; ImmutableOopMap {[8]=Oop [16]=Oop [24]=Oop [32]=Oop [40]=Oop [64]=Oop [72]=Oop }
                      ;*ifle {reexecute=1 rethrow=0 return_oop=0}
                      ; - (reexecute) java.util.HashMap::getNode@14 (line 575)
                      ; - java.util.HashMap::get@2 (line 564)
                      ; - com.sun.jna.Function::invoke@71 (line 339)
  0x00007f45f44f5aa0: 5c54 a9ff 

  0x00007f45f44f5aa4: ;   {other}
  0x00007f45f44f5aa4: 0f1f 8400 | 1414 0020 | be45 ffff | ff66 6690 

  0x00007f45f44f5ab4: ;   {runtime_call UncommonTrapBlob}
  0x00007f45f44f5ab4: c5f8 77e8 

  0x00007f45f44f5ab8: ; ImmutableOopMap {[16]=Oop [28]=NarrowOop [48]=Oop [64]=Oop }
                      ;*ifeq {reexecute=1 rethrow=0 return_oop=0}
                      ; - (reexecute) com.sun.jna.Function::invoke@522 (line 399)
  0x00007f45f44f5ab8: 4454 a9ff 

  0x00007f45f44f5abc: ;   {other}
  0x00007f45f44f5abc: 0f1f 8400 | 2c14 0021 | be45 ffff | ff48 ff74 | 2438 488f | 4424 304c | 8b54 2440 | 4c89 5424 
  0x00007f45f44f5adc: 3889 4424 | 4466 6690 

  0x00007f45f44f5ae4: ;   {runtime_call UncommonTrapBlob}
  0x00007f45f44f5ae4: c5f8 77e8 

  0x00007f45f44f5ae8: ; ImmutableOopMap {rbp=Oop [8]=Oop [16]=Oop [24]=Oop [32]=Oop [40]=Oop [48]=Oop [56]=Oop }
                      ;*ifeq {reexecute=1 rethrow=0 return_oop=0}
                      ; - (reexecute) java.util.HashMap::getNode@131 (line 585)
                      ; - java.util.HashMap::get@2 (line 564)
                      ; - com.sun.jna.Function::invoke@54 (line 338)
  0x00007f45f44f5ae8: 1454 a9ff 

  0x00007f45f44f5aec: ;   {other}
  0x00007f45f44f5aec: 0f1f 8400 | 5c14 0022 | 498b f7c5 | f877 49ba | 0090 5c07 | 467f 0000 

  0x00007f45f44f5b04: ;   {other}
  0x00007f45f44f5b04: 41ff d20f | 1f84 0000 | 0000 00e9 | d6fb ffff | bede ffff | ff44 894c | 2420 6690 

  0x00007f45f44f5b20: ;   {runtime_call UncommonTrapBlob}
  0x00007f45f44f5b20: c5f8 77e8 

  0x00007f45f44f5b24: ; ImmutableOopMap {[16]=Oop [28]=NarrowOop [32]=NarrowOop [48]=Oop [64]=Oop }
                      ;*checkcast {reexecute=0 rethrow=0 return_oop=0}
                      ; - com.sun.jna.Function::invoke@402 (line 387)
  0x00007f45f44f5b24: d853 a9ff 

  0x00007f45f44f5b28: ;   {other}
  0x00007f45f44f5b28: 0f1f 8400 | 9814 0023 | e9c7 fbff | ffe9 c2fb | ffff e9bd | fbff ffe9 | b8fb ffff | bef4 ffff 
  0x00007f45f44f5b48: ff89 5c24 | 1844 8944 | 241c 6690 

  0x00007f45f44f5b54: ;   {runtime_call UncommonTrapBlob}
  0x00007f45f44f5b54: c5f8 77e8 

  0x00007f45f44f5b58: ; ImmutableOopMap {[16]=Oop [28]=NarrowOop [48]=Oop [64]=Oop }
                      ;*instanceof {reexecute=0 rethrow=0 return_oop=0}
                      ; - com.sun.jna.Function::invoke@391 (line 386)
  0x00007f45f44f5b58: a453 a9ff 

  0x00007f45f44f5b5c: ;   {other}
  0x00007f45f44f5b5c: 0f1f 8400 | cc14 0024 | bef4 ffff | ff66 6690 

  0x00007f45f44f5b6c: ;   {runtime_call UncommonTrapBlob}
  0x00007f45f44f5b6c: c5f8 77e8 

  0x00007f45f44f5b70: ; ImmutableOopMap {[16]=Oop [28]=NarrowOop [48]=Oop [64]=Oop }
                      ;*instanceof {reexecute=0 rethrow=0 return_oop=0}
                      ; - com.sun.jna.Function::invoke@415 (line 388)
  0x00007f45f44f5b70: 8c53 a9ff 

  0x00007f45f44f5b74: ;   {other}
  0x00007f45f44f5b74: 0f1f 8400 | e414 0025 | e97b fbff | ffe9 76fb | ffff e971 | fbff ffe9 | 6cfb ffff | bef6 ffff 
  0x00007f45f44f5b94: ff66 6690 

  0x00007f45f44f5b98: ;   {runtime_call UncommonTrapBlob}
  0x00007f45f44f5b98: c5f8 77e8 

  0x00007f45f44f5b9c: ; ImmutableOopMap {}
                      ;*invokeinterface get {reexecute=0 rethrow=0 return_oop=0}
                      ; - com.sun.jna.Function::invoke@54 (line 338)
  0x00007f45f44f5b9c: 6053 a9ff 

  0x00007f45f44f5ba0: ;   {other}
  0x00007f45f44f5ba0: 0f1f 8400 | 1015 0026 | e94f fbff | ffe9 4afb | ffff be45 | ffff ff48 | 8b6c 2408 | 4c8b 5424 
  0x00007f45f44f5bc0: 184c 8954 | 2410 4c8b | 5424 204c | 8954 2418 | 48ff 7424 | 3048 8f44 | 2420 48ff | 7424 4048 
  0x00007f45f44f5be0: 8f44 2428 | 4489 4c24 | 384c 895c | 2440 6690 

  0x00007f45f44f5bf0: ;   {runtime_call UncommonTrapBlob}
  0x00007f45f44f5bf0: c5f8 77e8 

  0x00007f45f44f5bf4: ; ImmutableOopMap {rbp=Oop [16]=Oop [24]=Oop [32]=Oop [40]=Oop [64]=Oop [72]=Oop }
                      ;*ifnull {reexecute=1 rethrow=0 return_oop=0}
                      ; - (reexecute) com.sun.jna.Function::invoke@88 (line 340)
  0x00007f45f44f5bf4: 0853 a9ff 

  0x00007f45f44f5bf8: ;   {other}
  0x00007f45f44f5bf8: 0f1f 8400 | 6815 0027 | e9f7 faff | ffe9 f2fa | ffff e9ed | faff ffe9 | e8fa ffff 

  0x00007f45f44f5c14: ;   {internal_word}
  0x00007f45f44f5c14: 49ba 574c | 4ff4 457f | 0000 4d89 | 9768 0400 

  0x00007f45f44f5c24: ;   {runtime_call SafepointBlob}
  0x00007f45f44f5c24: 00e9 d663 

  0x00007f45f44f5c28: ;   {runtime_call StubRoutines (final stubs)}
  0x00007f45f44f5c28: a9ff e871 | 58a7 ffe9 | a6ed ffff | f4f4 f4f4 
[Stub Code]
  0x00007f45f44f5c38: ;   {no_reloc}
  0x00007f45f44f5c38: 48bb 0000 | 0000 0000 

  0x00007f45f44f5c40: ;   {runtime_call nmethod}
  0x00007f45f44f5c40: 0000 e9fb 

  0x00007f45f44f5c44: ;   {static_stub}
  0x00007f45f44f5c44: ffff ff48 | bba0 cfaf | 4a45 7f00 

  0x00007f45f44f5c50: ;   {runtime_call I2C/C2I adapters}
  0x00007f45f44f5c50: 00e9 0d41 

  0x00007f45f44f5c54: ;   {static_stub}
  0x00007f45f44f5c54: a9ff 48bb | 0000 0000 | 0000 0000 

  0x00007f45f44f5c60: ;   {runtime_call nmethod}
  0x00007f45f44f5c60: e9fb ffff 

  0x00007f45f44f5c64: ;   {static_stub}
  0x00007f45f44f5c64: ff48 bb00 | 0000 0000 

  0x00007f45f44f5c6c: ;   {runtime_call nmethod}
  0x00007f45f44f5c6c: 0000 00e9 | fbff ffff 

  0x00007f45f44f5c74: ;   {static_stub}
  0x00007f45f44f5c74: 48bb 0000 | 0000 0000 

  0x00007f45f44f5c7c: ;   {runtime_call nmethod}
  0x00007f45f44f5c7c: 0000 e9fb 

  0x00007f45f44f5c80: ;   {static_stub}
  0x00007f45f44f5c80: ffff ff48 | bb00 0000 | 0000 0000 

  0x00007f45f44f5c8c: ;   {runtime_call nmethod}
  0x00007f45f44f5c8c: 00e9 fbff 

  0x00007f45f44f5c90: ;   {static_stub}
  0x00007f45f44f5c90: ffff 48bb | 0000 0000 | 0000 0000 

  0x00007f45f44f5c9c: ;   {runtime_call nmethod}
  0x00007f45f44f5c9c: e9fb ffff 

  0x00007f45f44f5ca0: ;   {static_stub}
  0x00007f45f44f5ca0: ff48 bb00 | 0000 0000 

  0x00007f45f44f5ca8: ;   {runtime_call nmethod}
  0x00007f45f44f5ca8: 0000 00e9 | fbff ffff 
[Exception Handler]
  0x00007f45f44f5cb0: ;   {runtime_call ExceptionBlob}
  0x00007f45f44f5cb0: e9cb 83b5 | ffe8 0000 | 0000 4883 

  0x00007f45f44f5cbc: ;   {runtime_call DeoptimizationBlob}
  0x00007f45f44f5cbc: 2c24 05e9 | dc55 a9ff | f4f4 f4f4 
[/MachCode]


---------------  P R O C E S S  ---------------

Threads class SMR info:
_java_thread_list=0x00007f45d0690b90, length=44, elements={
0x00007f4600039500, 0x00007f4600140970, 0x00007f4600143bc0, 0x00007f4600145140,
0x00007f46001468d0, 0x00007f4600147f20, 0x00007f46001494c0, 0x00007f460014b000,
0x00007f460014c6c0, 0x00007f46008059c0, 0x00007f460080a1c0, 0x00007f4600855c30,
0x00007f45dc0347e0, 0x00007f45d8008940, 0x00007f46009294d0, 0x00007f4600973e40,
0x00007f460097ac30, 0x00007f45dc128ce0, 0x00007f4601241e10, 0x00007f46012433b0,
0x00007f4601245930, 0x00007f4601246cb0, 0x00007f457cd62630, 0x00007f457cda2960,
0x00007f457c311e00, 0x00005643afccd000, 0x00007f4545ae3740, 0x00007f45cab10960,
0x00007f45dc2a7b90, 0x00007f457625f3d0, 0x00007f45e00eb600, 0x00007f4544e41850,
0x00007f45dc4af520, 0x00007f45cc075d90, 0x00007f45454c17a0, 0x00007f457eea3690,
0x00007f45471873e0, 0x00007f45787984c0, 0x00007f457f45a7b0, 0x00007f45c8ed08f0,
0x00007f456c0bd170, 0x00007f457529bec0, 0x00007f4576772490, 0x00007f45470f25f0
}

Java Threads: ( => current thread )
  0x00007f4600039500 JavaThread "main"                              [_thread_blocked, id=141475, stack(0x00007f4606d00000,0x00007f4606e00000) (1024K)]
  0x00007f4600140970 JavaThread "Common-Cleaner"             daemon [_thread_blocked, id=141483, stack(0x00007f45d5500000,0x00007f45d5600000) (1024K)]
  0x00007f4600143bc0 JavaThread "Reference Handler"          daemon [_thread_blocked, id=141484, stack(0x00007f45d53ff000,0x00007f45d54ff000) (1024K)]
  0x00007f4600145140 JavaThread "Finalizer"                  daemon [_thread_blocked, id=141485, stack(0x00007f45d52fe000,0x00007f45d53fe000) (1024K)]
  0x00007f46001468d0 JavaThread "Signal Dispatcher"          daemon [_thread_blocked, id=141486, stack(0x00007f45d51fd000,0x00007f45d52fd000) (1024K)]
  0x00007f4600147f20 JavaThread "Service Thread"             daemon [_thread_blocked, id=141487, stack(0x00007f45d50fc000,0x00007f45d51fc000) (1024K)]
  0x00007f46001494c0 JavaThread "Monitor Deflation Thread"   daemon [_thread_blocked, id=141488, stack(0x00007f45d4ffb000,0x00007f45d50fb000) (1024K)]
  0x00007f460014b000 JavaThread "C2 CompilerThread0"         daemon [_thread_in_native, id=141489, stack(0x00007f45d4efa000,0x00007f45d4ffa000) (1024K)]
  0x00007f460014c6c0 JavaThread "C1 CompilerThread0"         daemon [_thread_blocked, id=141490, stack(0x00007f45d4df9000,0x00007f45d4ef9000) (1024K)]
  0x00007f46008059c0 JavaThread "process reaper (pid 141492)" daemon [_thread_in_native, id=141493, stack(0x00007f45d5bc1000,0x00007f45d5be3000) (136K)]
  0x00007f460080a1c0 JavaThread "DevTools: Stderr"           daemon [_thread_in_native, id=141498, stack(0x00007f45d4b26000,0x00007f45d4c26000) (1024K)]
  0x00007f4600855c30 JavaThread "Hot Reload Main"            daemon [_thread_blocked, id=141536, stack(0x00007f45d4c27000,0x00007f45d4d27000) (1024K)]
  0x00007f45dc0347e0 JavaThread "Orchestration IO: Writer"   daemon [_thread_blocked, id=141541, stack(0x00007f45d4a25000,0x00007f45d4b25000) (1024K)]
  0x00007f45d8008940 JavaThread "Orchestration IO: Reader"   daemon [_thread_in_native, id=141544, stack(0x00007f45d4924000,0x00007f45d4a24000) (1024K)]
  0x00007f46009294d0 JavaThread "Logger"                     daemon [_thread_blocked, id=141593, stack(0x00007f4581dff000,0x00007f4581eff000) (1024K)]
  0x00007f4600973e40 JavaThread "Notification Thread"        daemon [_thread_blocked, id=141594, stack(0x00007f4581cfe000,0x00007f4581dfe000) (1024K)]
  0x00007f460097ac30 JavaThread "Compose Runtime Analyzer"   daemon [_thread_blocked, id=141595, stack(0x00007f4581bfd000,0x00007f4581cfd000) (1024K)]
  0x00007f45dc128ce0 JavaThread "kotlinx.coroutines.DefaultExecutor" daemon [_thread_blocked, id=141636, stack(0x00007f4580e00000,0x00007f4580f00000) (1024K)]
  0x00007f4601241e10 JavaThread "Java2D Disposer"            daemon [_thread_blocked, id=141654, stack(0x00007f4571330000,0x00007f4571430000) (1024K)]
  0x00007f46012433b0 JavaThread "AWT-XAWT"                   daemon [_thread_in_Java, id=141655, stack(0x00007f457122f000,0x00007f457132f000) (1024K)]
  0x00007f4601245930 JavaThread "AWT-Shutdown"                      [_thread_blocked, id=141656, stack(0x00007f457112e000,0x00007f457122e000) (1024K)]
  0x00007f4601246cb0 JavaThread "AWT-EventQueue-0"                  [_thread_in_Java, id=141657, stack(0x00007f457102d000,0x00007f457112d000) (1024K)]
  0x00007f457cd62630 JavaThread "SystemPropertyWatcher"      daemon [_thread_blocked, id=141672, stack(0x00007f45709ce000,0x00007f4570ace000) (1024K)]
  0x00007f457cda2960 JavaThread "TimerQueue"                 daemon [_thread_blocked, id=141673, stack(0x00007f45708cd000,0x00007f45709cd000) (1024K)]
  0x00007f457c311e00 JavaThread "Reference Cleaner"          daemon [_thread_blocked, id=141676, stack(0x00007f4570300000,0x00007f4570400000) (1024K)]
  0x00005643afccd000 JavaThread "skiko-dispatcher-to-block-on" daemon [_thread_blocked, id=141714, stack(0x00007f4554089000,0x00007f4554189000) (1024K)]
  0x00007f4545ae3740 JavaThread "JNA Cleaner"                daemon [_thread_blocked, id=146283, stack(0x00007f4536500000,0x00007f4536600000) (1024K)]
  0x00007f45cab10960 JavaThread "skiko-dispatcher-to-block-on" daemon [_thread_blocked, id=146490, stack(0x00007f45805d8000,0x00007f45806d8000) (1024K)]
  0x00007f45dc2a7b90 JavaThread "DefaultDispatcher-worker-1" daemon [_thread_blocked, id=148519, stack(0x00007f454f8cb000,0x00007f454f9cb000) (1024K)]
  0x00007f457625f3d0 JavaThread "DefaultDispatcher-worker-6" daemon [_thread_in_native, id=148523, stack(0x00007f45808fb000,0x00007f45809fb000) (1024K)]
  0x00007f45e00eb600 JavaThread "DefaultDispatcher-worker-9" daemon [_thread_blocked, id=148526, stack(0x00007f4570d2a000,0x00007f4570e2a000) (1024K)]
  0x00007f4544e41850 JavaThread "DefaultDispatcher-worker-12" daemon [_thread_blocked, id=148652, stack(0x00007f454e7be000,0x00007f454e8be000) (1024K)]
  0x00007f45dc4af520 JavaThread "DefaultDispatcher-worker-11" daemon [_thread_in_native, id=148803, stack(0x00007f4554a8a000,0x00007f4554b8a000) (1024K)]
  0x00007f45cc075d90 JavaThread "DefaultDispatcher-worker-3" daemon [_thread_blocked, id=148819, stack(0x00007f45439fb000,0x00007f4543afb000) (1024K)]
=>0x00007f45454c17a0 JavaThread "cove-mpv-render"            daemon [_thread_in_native, id=148833, stack(0x00007f454e0fa000,0x00007f454e1fa000) (1024K)]
  0x00007f457eea3690 JavaThread "cove-mpv-events"            daemon [_thread_in_native, id=148834, stack(0x00007f4543678000,0x00007f4543778000) (1024K)]
  0x00007f45471873e0 JavaThread "cove-mpv-state"             daemon [_thread_blocked, id=148835, stack(0x00007f4543577000,0x00007f4543677000) (1024K)]
  0x00007f45787984c0 JavaThread "skiko-dispatcher-to-block-on" daemon [_thread_blocked, id=149053, stack(0x00007f454e8bf000,0x00007f454e9bf000) (1024K)]
  0x00007f457f45a7b0 JavaThread "DefaultDispatcher-worker-4" daemon [_thread_blocked, id=149166, stack(0x00007f4581f00000,0x00007f4582000000) (1024K)]
  0x00007f45c8ed08f0 JavaThread "DefaultDispatcher-worker-10" daemon [_thread_blocked, id=149168, stack(0x00007f45819f8000,0x00007f4581af8000) (1024K)]
  0x00007f456c0bd170 JavaThread "DefaultDispatcher-worker-5" daemon [_thread_blocked, id=149171, stack(0x00007f4580f68000,0x00007f4581068000) (1024K)]
  0x00007f457529bec0 JavaThread "DefaultDispatcher-worker-8" daemon [_thread_blocked, id=149172, stack(0x00007f4580afd000,0x00007f4580bfd000) (1024K)]
  0x00007f4576772490 JavaThread "DefaultDispatcher-worker-7" daemon [_thread_blocked, id=149173, stack(0x00007f458044b000,0x00007f458054b000) (1024K)]
  0x00007f45470f25f0 JavaThread "DefaultDispatcher-worker-2" daemon [_thread_blocked, id=149174, stack(0x00007f458034a000,0x00007f458044a000) (1024K)]
Total: 44

Other Threads:
  0x00007f4600137a20 VMThread "VM Thread"                           [id=141482, stack(0x00007f45d5be4000,0x00007f45d5ce4000) (1024K)]
  0x00007f4600126100 WatcherThread "VM Periodic Task Thread"        [id=141481, stack(0x00007f45d5ce5000,0x00007f45d5de5000) (1024K)]
  0x00007f4600063ee0 WorkerThread "GC Thread#0"                     [id=141476, stack(0x00007f460401b000,0x00007f460411b000) (1024K)]
  0x00007f457c1984b0 WorkerThread "GC Thread#1"                     [id=141581, stack(0x00007f45d4823000,0x00007f45d4923000) (1024K)]
  0x00007f457c198fa0 WorkerThread "GC Thread#2"                     [id=141582, stack(0x00007f45d4722000,0x00007f45d4822000) (1024K)]
  0x00007f457c199a90 WorkerThread "GC Thread#3"                     [id=141583, stack(0x00007f45d4621000,0x00007f45d4721000) (1024K)]
  0x00007f457c19a580 WorkerThread "GC Thread#4"                     [id=141584, stack(0x00007f45d4520000,0x00007f45d4620000) (1024K)]
  0x00007f457c19b460 WorkerThread "GC Thread#5"                     [id=141585, stack(0x00007f45d441f000,0x00007f45d451f000) (1024K)]
  0x00007f457c19c340 WorkerThread "GC Thread#6"                     [id=141586, stack(0x00007f45d431e000,0x00007f45d441e000) (1024K)]
  0x00007f457c19d6a0 WorkerThread "GC Thread#7"                     [id=141587, stack(0x00007f45d421d000,0x00007f45d431d000) (1024K)]
  0x00007f457c19e5c0 WorkerThread "GC Thread#8"                     [id=141588, stack(0x00007f45d411c000,0x00007f45d421c000) (1024K)]
  0x00007f457c19f4e0 WorkerThread "GC Thread#9"                     [id=141589, stack(0x00007f45d401b000,0x00007f45d411b000) (1024K)]
  0x00007f4600074f20 ConcurrentGCThread "G1 Main Marker"            [id=141477, stack(0x00007f45fff00000,0x00007f4600000000) (1024K)]
  0x00007f4600075ec0 WorkerThread "G1 Conc#0"                       [id=141478, stack(0x00007f45e4bf0000,0x00007f45e4cf0000) (1024K)]
  0x00007f45d8475c30 WorkerThread "G1 Conc#1"                       [id=141638, stack(0x00007f4580cff000,0x00007f4580dff000) (1024K)]
  0x00007f45d8477650 WorkerThread "G1 Conc#2"                       [id=141639, stack(0x00007f4580bfe000,0x00007f4580cfe000) (1024K)]
  0x00007f4600113840 ConcurrentGCThread "G1 Refine#0"               [id=141479, stack(0x00007f45e40e5000,0x00007f45e41e5000) (1024K)]
  0x00007f4600114800 ConcurrentGCThread "G1 Service"                [id=141480, stack(0x00007f45d5f00000,0x00007f45d6000000) (1024K)]
Total: 18

Threads with active compile tasks:
C2 CompilerThread0  1072055 102518       4       javax.swing.JComponent::reshape (10 bytes)
Total: 1

VM state: not at safepoint (normal execution)

VM Mutex/Monitor currently owned by a thread: None

Heap address: 0x000000060bc00000, size: 8004 MB, Compressed Oops mode: Zero based, Oop shift amount: 3

CDS archive(s) mapped at: [0x00007f4586000000-0x00007f4587c96000-0x00007f4587c96000), size 29974528, SharedBaseAddress: 0x00007f4586000000, ArchiveRelocationMode: 1.
Compressed class space mapped at: 0x00007f4588000000-0x00007f45c8000000, reserved size: 1073741824
Narrow klass base: 0x00007f4586000000, Narrow klass shift: 0, Narrow klass range: 0x100000000

GC Precious Log:
 CardTable entry size: 512
 Card Set container configuration: InlinePtr #cards 4 size 8 Array Of Cards #cards 32 size 80 Howl #buckets 8 coarsen threshold 7372 Howl Bitmap #cards 1024 size 144 coarsen threshold 921 Card regions per heap region 1 cards per card region 8192
 CPUs: 12 total, 12 available
 Memory: 32009M
 Large Page Support: Disabled
 NUMA Support: Disabled
 Compressed Oops: Enabled (Zero based)
 Heap Region Size: 4M
 Heap Min Capacity: 8M
 Heap Initial Capacity: 504M
 Heap Max Capacity: 8004M
 Pre-touch: Disabled
 Parallel Workers: 10
 Concurrent Workers: 3
 Concurrent Refinement Workers: 10
 Periodic GC: Disabled

Heap:
 garbage-first heap   total 983040K, used 167168K [0x000000060bc00000, 0x0000000800000000)
  region size 4096K, 18 young (73728K), 1 survivors (4096K)
 Metaspace       used 87139K, committed 88256K, reserved 1179648K
  class space    used 8661K, committed 9152K, reserved 1048576K

Heap Regions: E=young(eden), S=young(survivor), O=old, HS=humongous(starts), HC=humongous(continues), CS=collection set, F=free, TAMS=top-at-mark-start, PB=parsable bottom
|   0|0x000000060bc00000, 0x000000060c000000, 0x000000060c000000|100%| O|  |TAMS 0x000000060bc00000| PB 0x000000060bc00000| Untracked 
|   1|0x000000060c000000, 0x000000060c3fffa0, 0x000000060c400000| 99%| O|  |TAMS 0x000000060c000000| PB 0x000000060c000000| Untracked 
|   2|0x000000060c400000, 0x000000060c800000, 0x000000060c800000|100%| O|  |TAMS 0x000000060c400000| PB 0x000000060c400000| Untracked 
|   3|0x000000060c800000, 0x000000060cc00000, 0x000000060cc00000|100%| O|  |TAMS 0x000000060c800000| PB 0x000000060c800000| Untracked 
|   4|0x000000060cc00000, 0x000000060d000000, 0x000000060d000000|100%| O|  |TAMS 0x000000060cc00000| PB 0x000000060cc00000| Untracked 
|   5|0x000000060d000000, 0x000000060d3ffff8, 0x000000060d400000| 99%| O|  |TAMS 0x000000060d000000| PB 0x000000060d000000| Untracked 
|   6|0x000000060d400000, 0x000000060d7fffe8, 0x000000060d800000| 99%| O|  |TAMS 0x000000060d400000| PB 0x000000060d400000| Untracked 
|   7|0x000000060d800000, 0x000000060dbf8238, 0x000000060dc00000| 99%| O|  |TAMS 0x000000060d800000| PB 0x000000060d800000| Untracked 
|   8|0x000000060dc00000, 0x000000060e000000, 0x000000060e000000|100%| O|  |TAMS 0x000000060dc00000| PB 0x000000060dc00000| Untracked 
|   9|0x000000060e000000, 0x000000060e3ffff0, 0x000000060e400000| 99%| O|  |TAMS 0x000000060e000000| PB 0x000000060e000000| Untracked 
|  10|0x000000060e400000, 0x000000060e7fffe8, 0x000000060e800000| 99%| O|  |TAMS 0x000000060e400000| PB 0x000000060e400000| Untracked 
|  11|0x000000060e800000, 0x000000060ebcc730, 0x000000060ec00000| 94%| O|  |TAMS 0x000000060e800000| PB 0x000000060e800000| Untracked 
|  12|0x000000060ec00000, 0x000000060f000000, 0x000000060f000000|100%| O|  |TAMS 0x000000060ec00000| PB 0x000000060ec00000| Untracked 
|  13|0x000000060f000000, 0x000000060f3fffe8, 0x000000060f400000| 99%| O|  |TAMS 0x000000060f000000| PB 0x000000060f000000| Untracked 
|  14|0x000000060f400000, 0x000000060f563070, 0x000000060f800000| 34%| O|  |TAMS 0x000000060f400000| PB 0x000000060f400000| Untracked 
|  15|0x000000060f800000, 0x000000060f935fd8, 0x000000060fc00000| 30%| O|  |TAMS 0x000000060f800000| PB 0x000000060f800000| Untracked 
|  16|0x000000060fc00000, 0x000000060fc00000, 0x0000000610000000|  0%| F|  |TAMS 0x000000060fc00000| PB 0x000000060fc00000| Untracked 
|  17|0x0000000610000000, 0x00000006100d27c0, 0x0000000610400000| 20%| O|  |TAMS 0x0000000610000000| PB 0x0000000610000000| Untracked 
|  18|0x0000000610400000, 0x00000006107ffff0, 0x0000000610800000| 99%| O|  |TAMS 0x0000000610400000| PB 0x0000000610400000| Untracked 
|  19|0x0000000610800000, 0x0000000610ae6110, 0x0000000610c00000| 72%| O|  |TAMS 0x0000000610800000| PB 0x0000000610800000| Untracked 
|  20|0x0000000610c00000, 0x0000000610c00000, 0x0000000611000000|  0%| F|  |TAMS 0x0000000610c00000| PB 0x0000000610c00000| Untracked 
|  21|0x0000000611000000, 0x000000061109e538, 0x0000000611400000| 15%| O|  |TAMS 0x0000000611000000| PB 0x0000000611000000| Untracked 
|  22|0x0000000611400000, 0x0000000611800000, 0x0000000611800000|100%|HS|  |TAMS 0x0000000611400000| PB 0x0000000611400000| Complete 
|  23|0x0000000611800000, 0x0000000611c00000, 0x0000000611c00000|100%|HC|  |TAMS 0x0000000611800000| PB 0x0000000611800000| Complete 
|  24|0x0000000611c00000, 0x0000000612000000, 0x0000000612000000|100%|HC|  |TAMS 0x0000000611c00000| PB 0x0000000611c00000| Complete 
|  25|0x0000000612000000, 0x0000000612000000, 0x0000000612400000|  0%| F|  |TAMS 0x0000000612000000| PB 0x0000000612000000| Untracked 
|  26|0x0000000612400000, 0x0000000612400000, 0x0000000612800000|  0%| F|  |TAMS 0x0000000612400000| PB 0x0000000612400000| Untracked 
|  27|0x0000000612800000, 0x0000000612800000, 0x0000000612c00000|  0%| F|  |TAMS 0x0000000612800000| PB 0x0000000612800000| Untracked 
|  28|0x0000000612c00000, 0x0000000612c00000, 0x0000000613000000|  0%| F|  |TAMS 0x0000000612c00000| PB 0x0000000612c00000| Untracked 
|  29|0x0000000613000000, 0x0000000613000000, 0x0000000613400000|  0%| F|  |TAMS 0x0000000613000000| PB 0x0000000613000000| Untracked 
|  30|0x0000000613400000, 0x0000000613400000, 0x0000000613800000|  0%| F|  |TAMS 0x0000000613400000| PB 0x0000000613400000| Untracked 
|  31|0x0000000613800000, 0x00000006139e72c0, 0x0000000613c00000| 47%| O|  |TAMS 0x0000000613800000| PB 0x0000000613800000| Untracked 
|  32|0x0000000613c00000, 0x0000000613c00000, 0x0000000614000000|  0%| F|  |TAMS 0x0000000613c00000| PB 0x0000000613c00000| Untracked 
|  33|0x0000000614000000, 0x0000000614000000, 0x0000000614400000|  0%| F|  |TAMS 0x0000000614000000| PB 0x0000000614000000| Untracked 
|  34|0x0000000614400000, 0x0000000614400000, 0x0000000614800000|  0%| F|  |TAMS 0x0000000614400000| PB 0x0000000614400000| Untracked 
|  35|0x0000000614800000, 0x0000000614800000, 0x0000000614c00000|  0%| F|  |TAMS 0x0000000614800000| PB 0x0000000614800000| Untracked 
|  36|0x0000000614c00000, 0x0000000614c00000, 0x0000000615000000|  0%| F|  |TAMS 0x0000000614c00000| PB 0x0000000614c00000| Untracked 
|  37|0x0000000615000000, 0x0000000615000000, 0x0000000615400000|  0%| F|  |TAMS 0x0000000615000000| PB 0x0000000615000000| Untracked 
|  38|0x0000000615400000, 0x0000000615400000, 0x0000000615800000|  0%| F|  |TAMS 0x0000000615400000| PB 0x0000000615400000| Untracked 
|  39|0x0000000615800000, 0x0000000615800000, 0x0000000615c00000|  0%| F|  |TAMS 0x0000000615800000| PB 0x0000000615800000| Untracked 
|  40|0x0000000615c00000, 0x0000000615c00000, 0x0000000616000000|  0%| F|  |TAMS 0x0000000615c00000| PB 0x0000000615c00000| Untracked 
|  41|0x0000000616000000, 0x0000000616000000, 0x0000000616400000|  0%| F|  |TAMS 0x0000000616000000| PB 0x0000000616000000| Untracked 
|  42|0x0000000616400000, 0x0000000616400000, 0x0000000616800000|  0%| F|  |TAMS 0x0000000616400000| PB 0x0000000616400000| Untracked 
|  43|0x0000000616800000, 0x0000000616800000, 0x0000000616c00000|  0%| F|  |TAMS 0x0000000616800000| PB 0x0000000616800000| Untracked 
|  44|0x0000000616c00000, 0x0000000616c00000, 0x0000000617000000|  0%| F|  |TAMS 0x0000000616c00000| PB 0x0000000616c00000| Untracked 
|  45|0x0000000617000000, 0x0000000617000000, 0x0000000617400000|  0%| F|  |TAMS 0x0000000617000000| PB 0x0000000617000000| Untracked 
|  46|0x0000000617400000, 0x0000000617400000, 0x0000000617800000|  0%| F|  |TAMS 0x0000000617400000| PB 0x0000000617400000| Untracked 
|  47|0x0000000617800000, 0x0000000617800000, 0x0000000617c00000|  0%| F|  |TAMS 0x0000000617800000| PB 0x0000000617800000| Untracked 
|  48|0x0000000617c00000, 0x0000000617c00000, 0x0000000618000000|  0%| F|  |TAMS 0x0000000617c00000| PB 0x0000000617c00000| Untracked 
|  49|0x0000000618000000, 0x0000000618000000, 0x0000000618400000|  0%| F|  |TAMS 0x0000000618000000| PB 0x0000000618000000| Untracked 
|  50|0x0000000618400000, 0x0000000618400000, 0x0000000618800000|  0%| F|  |TAMS 0x0000000618400000| PB 0x0000000618400000| Untracked 
|  51|0x0000000618800000, 0x0000000618800000, 0x0000000618c00000|  0%| F|  |TAMS 0x0000000618800000| PB 0x0000000618800000| Untracked 
|  52|0x0000000618c00000, 0x0000000618c00000, 0x0000000619000000|  0%| F|  |TAMS 0x0000000618c00000| PB 0x0000000618c00000| Untracked 
|  53|0x0000000619000000, 0x0000000619000000, 0x0000000619400000|  0%| F|  |TAMS 0x0000000619000000| PB 0x0000000619000000| Untracked 
|  54|0x0000000619400000, 0x0000000619400000, 0x0000000619800000|  0%| F|  |TAMS 0x0000000619400000| PB 0x0000000619400000| Untracked 
|  55|0x0000000619800000, 0x0000000619800000, 0x0000000619c00000|  0%| F|  |TAMS 0x0000000619800000| PB 0x0000000619800000| Untracked 
|  56|0x0000000619c00000, 0x0000000619c00000, 0x000000061a000000|  0%| F|  |TAMS 0x0000000619c00000| PB 0x0000000619c00000| Untracked 
|  57|0x000000061a000000, 0x000000061a000000, 0x000000061a400000|  0%| F|  |TAMS 0x000000061a000000| PB 0x000000061a000000| Untracked 
|  58|0x000000061a400000, 0x000000061a400000, 0x000000061a800000|  0%| F|  |TAMS 0x000000061a400000| PB 0x000000061a400000| Untracked 
|  59|0x000000061a800000, 0x000000061a800000, 0x000000061ac00000|  0%| F|  |TAMS 0x000000061a800000| PB 0x000000061a800000| Untracked 
|  60|0x000000061ac00000, 0x000000061ac00000, 0x000000061b000000|  0%| F|  |TAMS 0x000000061ac00000| PB 0x000000061ac00000| Untracked 
|  61|0x000000061b000000, 0x000000061b000000, 0x000000061b400000|  0%| F|  |TAMS 0x000000061b000000| PB 0x000000061b000000| Untracked 
|  62|0x000000061b400000, 0x000000061b400000, 0x000000061b800000|  0%| F|  |TAMS 0x000000061b400000| PB 0x000000061b400000| Untracked 
|  63|0x000000061b800000, 0x000000061b800000, 0x000000061bc00000|  0%| F|  |TAMS 0x000000061b800000| PB 0x000000061b800000| Untracked 
|  64|0x000000061bc00000, 0x000000061bc00000, 0x000000061c000000|  0%| F|  |TAMS 0x000000061bc00000| PB 0x000000061bc00000| Untracked 
|  65|0x000000061c000000, 0x000000061c000000, 0x000000061c400000|  0%| F|  |TAMS 0x000000061c000000| PB 0x000000061c000000| Untracked 
|  66|0x000000061c400000, 0x000000061c400000, 0x000000061c800000|  0%| F|  |TAMS 0x000000061c400000| PB 0x000000061c400000| Untracked 
|  67|0x000000061c800000, 0x000000061c800000, 0x000000061cc00000|  0%| F|  |TAMS 0x000000061c800000| PB 0x000000061c800000| Untracked 
|  68|0x000000061cc00000, 0x000000061d000000, 0x000000061d000000|100%|HS|  |TAMS 0x000000061cc00000| PB 0x000000061cc00000| Complete 
|  69|0x000000061d000000, 0x000000061d400000, 0x000000061d400000|100%|HC|  |TAMS 0x000000061d000000| PB 0x000000061d000000| Complete 
|  70|0x000000061d400000, 0x000000061d800000, 0x000000061d800000|100%|HC|  |TAMS 0x000000061d400000| PB 0x000000061d400000| Complete 
|  71|0x000000061d800000, 0x000000061d800000, 0x000000061dc00000|  0%| F|  |TAMS 0x000000061d800000| PB 0x000000061d800000| Untracked 
|  72|0x000000061dc00000, 0x000000061dc00000, 0x000000061e000000|  0%| F|  |TAMS 0x000000061dc00000| PB 0x000000061dc00000| Untracked 
|  73|0x000000061e000000, 0x000000061e000000, 0x000000061e400000|  0%| F|  |TAMS 0x000000061e000000| PB 0x000000061e000000| Untracked 
|  74|0x000000061e400000, 0x000000061e400000, 0x000000061e800000|  0%| F|  |TAMS 0x000000061e400000| PB 0x000000061e400000| Untracked 
|  75|0x000000061e800000, 0x000000061e800000, 0x000000061ec00000|  0%| F|  |TAMS 0x000000061e800000| PB 0x000000061e800000| Untracked 
|  76|0x000000061ec00000, 0x000000061ec00000, 0x000000061f000000|  0%| F|  |TAMS 0x000000061ec00000| PB 0x000000061ec00000| Untracked 
|  77|0x000000061f000000, 0x000000061f000000, 0x000000061f400000|  0%| F|  |TAMS 0x000000061f000000| PB 0x000000061f000000| Untracked 
|  78|0x000000061f400000, 0x000000061f400000, 0x000000061f800000|  0%| F|  |TAMS 0x000000061f400000| PB 0x000000061f400000| Untracked 
|  79|0x000000061f800000, 0x000000061f800000, 0x000000061fc00000|  0%| F|  |TAMS 0x000000061f800000| PB 0x000000061f800000| Untracked 
|  80|0x000000061fc00000, 0x000000061fc00000, 0x0000000620000000|  0%| F|  |TAMS 0x000000061fc00000| PB 0x000000061fc00000| Untracked 
|  81|0x0000000620000000, 0x0000000620000000, 0x0000000620400000|  0%| F|  |TAMS 0x0000000620000000| PB 0x0000000620000000| Untracked 
|  82|0x0000000620400000, 0x0000000620400000, 0x0000000620800000|  0%| F|  |TAMS 0x0000000620400000| PB 0x0000000620400000| Untracked 
|  83|0x0000000620800000, 0x0000000620800000, 0x0000000620c00000|  0%| F|  |TAMS 0x0000000620800000| PB 0x0000000620800000| Untracked 
|  84|0x0000000620c00000, 0x0000000620c00000, 0x0000000621000000|  0%| F|  |TAMS 0x0000000620c00000| PB 0x0000000620c00000| Untracked 
|  85|0x0000000621000000, 0x0000000621000000, 0x0000000621400000|  0%| F|  |TAMS 0x0000000621000000| PB 0x0000000621000000| Untracked 
|  86|0x0000000621400000, 0x0000000621400000, 0x0000000621800000|  0%| F|  |TAMS 0x0000000621400000| PB 0x0000000621400000| Untracked 
|  87|0x0000000621800000, 0x0000000621800000, 0x0000000621c00000|  0%| F|  |TAMS 0x0000000621800000| PB 0x0000000621800000| Untracked 
|  88|0x0000000621c00000, 0x0000000621c00000, 0x0000000622000000|  0%| F|  |TAMS 0x0000000621c00000| PB 0x0000000621c00000| Untracked 
|  89|0x0000000622000000, 0x0000000622000000, 0x0000000622400000|  0%| F|  |TAMS 0x0000000622000000| PB 0x0000000622000000| Untracked 
|  90|0x0000000622400000, 0x0000000622400000, 0x0000000622800000|  0%| F|  |TAMS 0x0000000622400000| PB 0x0000000622400000| Untracked 
|  91|0x0000000622800000, 0x0000000622800000, 0x0000000622c00000|  0%| F|  |TAMS 0x0000000622800000| PB 0x0000000622800000| Untracked 
|  92|0x0000000622c00000, 0x0000000622c00000, 0x0000000623000000|  0%| F|  |TAMS 0x0000000622c00000| PB 0x0000000622c00000| Untracked 
|  93|0x0000000623000000, 0x0000000623000000, 0x0000000623400000|  0%| F|  |TAMS 0x0000000623000000| PB 0x0000000623000000| Untracked 
|  94|0x0000000623400000, 0x0000000623400000, 0x0000000623800000|  0%| F|  |TAMS 0x0000000623400000| PB 0x0000000623400000| Untracked 
|  95|0x0000000623800000, 0x0000000623800000, 0x0000000623c00000|  0%| F|  |TAMS 0x0000000623800000| PB 0x0000000623800000| Untracked 
|  96|0x0000000623c00000, 0x0000000623c00000, 0x0000000624000000|  0%| F|  |TAMS 0x0000000623c00000| PB 0x0000000623c00000| Untracked 
|  97|0x0000000624000000, 0x0000000624000000, 0x0000000624400000|  0%| F|  |TAMS 0x0000000624000000| PB 0x0000000624000000| Untracked 
|  98|0x0000000624400000, 0x0000000624400000, 0x0000000624800000|  0%| F|  |TAMS 0x0000000624400000| PB 0x0000000624400000| Untracked 
|  99|0x0000000624800000, 0x0000000624800000, 0x0000000624c00000|  0%| F|  |TAMS 0x0000000624800000| PB 0x0000000624800000| Untracked 
| 100|0x0000000624c00000, 0x0000000624c00000, 0x0000000625000000|  0%| F|  |TAMS 0x0000000624c00000| PB 0x0000000624c00000| Untracked 
| 101|0x0000000625000000, 0x0000000625000000, 0x0000000625400000|  0%| F|  |TAMS 0x0000000625000000| PB 0x0000000625000000| Untracked 
| 102|0x0000000625400000, 0x0000000625400000, 0x0000000625800000|  0%| F|  |TAMS 0x0000000625400000| PB 0x0000000625400000| Untracked 
| 103|0x0000000625800000, 0x0000000625800000, 0x0000000625c00000|  0%| F|  |TAMS 0x0000000625800000| PB 0x0000000625800000| Untracked 
| 104|0x0000000625c00000, 0x0000000625c00000, 0x0000000626000000|  0%| F|  |TAMS 0x0000000625c00000| PB 0x0000000625c00000| Untracked 
| 105|0x0000000626000000, 0x0000000626000000, 0x0000000626400000|  0%| F|  |TAMS 0x0000000626000000| PB 0x0000000626000000| Untracked 
| 106|0x0000000626400000, 0x0000000626400000, 0x0000000626800000|  0%| F|  |TAMS 0x0000000626400000| PB 0x0000000626400000| Untracked 
| 107|0x0000000626800000, 0x0000000626800000, 0x0000000626c00000|  0%| F|  |TAMS 0x0000000626800000| PB 0x0000000626800000| Untracked 
| 108|0x0000000626c00000, 0x0000000626c00000, 0x0000000627000000|  0%| F|  |TAMS 0x0000000626c00000| PB 0x0000000626c00000| Untracked 
| 109|0x0000000627000000, 0x0000000627000000, 0x0000000627400000|  0%| F|  |TAMS 0x0000000627000000| PB 0x0000000627000000| Untracked 
| 110|0x0000000627400000, 0x0000000627400000, 0x0000000627800000|  0%| F|  |TAMS 0x0000000627400000| PB 0x0000000627400000| Untracked 
| 111|0x0000000627800000, 0x0000000627800000, 0x0000000627c00000|  0%| F|  |TAMS 0x0000000627800000| PB 0x0000000627800000| Untracked 
| 112|0x0000000627c00000, 0x0000000627c00000, 0x0000000628000000|  0%| F|  |TAMS 0x0000000627c00000| PB 0x0000000627c00000| Untracked 
| 113|0x0000000628000000, 0x0000000628000000, 0x0000000628400000|  0%| F|  |TAMS 0x0000000628000000| PB 0x0000000628000000| Untracked 
| 114|0x0000000628400000, 0x0000000628400000, 0x0000000628800000|  0%| F|  |TAMS 0x0000000628400000| PB 0x0000000628400000| Untracked 
| 115|0x0000000628800000, 0x0000000628800000, 0x0000000628c00000|  0%| F|  |TAMS 0x0000000628800000| PB 0x0000000628800000| Untracked 
| 116|0x0000000628c00000, 0x0000000628c00000, 0x0000000629000000|  0%| F|  |TAMS 0x0000000628c00000| PB 0x0000000628c00000| Untracked 
| 117|0x0000000629000000, 0x0000000629000000, 0x0000000629400000|  0%| F|  |TAMS 0x0000000629000000| PB 0x0000000629000000| Untracked 
| 118|0x0000000629400000, 0x0000000629400000, 0x0000000629800000|  0%| F|  |TAMS 0x0000000629400000| PB 0x0000000629400000| Untracked 
| 119|0x0000000629800000, 0x0000000629800000, 0x0000000629c00000|  0%| F|  |TAMS 0x0000000629800000| PB 0x0000000629800000| Untracked 
| 120|0x0000000629c00000, 0x0000000629c00000, 0x000000062a000000|  0%| F|  |TAMS 0x0000000629c00000| PB 0x0000000629c00000| Untracked 
| 121|0x000000062a000000, 0x000000062a000000, 0x000000062a400000|  0%| F|  |TAMS 0x000000062a000000| PB 0x000000062a000000| Untracked 
| 122|0x000000062a400000, 0x000000062a400000, 0x000000062a800000|  0%| F|  |TAMS 0x000000062a400000| PB 0x000000062a400000| Untracked 
| 123|0x000000062a800000, 0x000000062a800000, 0x000000062ac00000|  0%| F|  |TAMS 0x000000062a800000| PB 0x000000062a800000| Untracked 
| 124|0x000000062ac00000, 0x000000062ac00000, 0x000000062b000000|  0%| F|  |TAMS 0x000000062ac00000| PB 0x000000062ac00000| Untracked 
| 125|0x000000062b000000, 0x000000062b000000, 0x000000062b400000|  0%| F|  |TAMS 0x000000062b000000| PB 0x000000062b000000| Untracked 
| 126|0x000000062b400000, 0x000000062b400000, 0x000000062b800000|  0%| F|  |TAMS 0x000000062b400000| PB 0x000000062b400000| Untracked 
| 127|0x000000062b800000, 0x000000062b800000, 0x000000062bc00000|  0%| F|  |TAMS 0x000000062b800000| PB 0x000000062b800000| Untracked 
| 128|0x000000062bc00000, 0x000000062bc00000, 0x000000062c000000|  0%| F|  |TAMS 0x000000062bc00000| PB 0x000000062bc00000| Untracked 
| 129|0x000000062c000000, 0x000000062c000000, 0x000000062c400000|  0%| F|  |TAMS 0x000000062c000000| PB 0x000000062c000000| Untracked 
| 130|0x000000062c400000, 0x000000062c400000, 0x000000062c800000|  0%| F|  |TAMS 0x000000062c400000| PB 0x000000062c400000| Untracked 
| 131|0x000000062c800000, 0x000000062c800000, 0x000000062cc00000|  0%| F|  |TAMS 0x000000062c800000| PB 0x000000062c800000| Untracked 
| 132|0x000000062cc00000, 0x000000062cc00000, 0x000000062d000000|  0%| F|  |TAMS 0x000000062cc00000| PB 0x000000062cc00000| Untracked 
| 133|0x000000062d000000, 0x000000062d000000, 0x000000062d400000|  0%| F|  |TAMS 0x000000062d000000| PB 0x000000062d000000| Untracked 
| 134|0x000000062d400000, 0x000000062d400000, 0x000000062d800000|  0%| F|  |TAMS 0x000000062d400000| PB 0x000000062d400000| Untracked 
| 135|0x000000062d800000, 0x000000062d800000, 0x000000062dc00000|  0%| F|  |TAMS 0x000000062d800000| PB 0x000000062d800000| Untracked 
| 136|0x000000062dc00000, 0x000000062dc00000, 0x000000062e000000|  0%| F|  |TAMS 0x000000062dc00000| PB 0x000000062dc00000| Untracked 
| 137|0x000000062e000000, 0x000000062e000000, 0x000000062e400000|  0%| F|  |TAMS 0x000000062e000000| PB 0x000000062e000000| Untracked 
| 138|0x000000062e400000, 0x000000062e400000, 0x000000062e800000|  0%| F|  |TAMS 0x000000062e400000| PB 0x000000062e400000| Untracked 
| 139|0x000000062e800000, 0x000000062e800000, 0x000000062ec00000|  0%| F|  |TAMS 0x000000062e800000| PB 0x000000062e800000| Untracked 
| 140|0x000000062ec00000, 0x000000062ec00000, 0x000000062f000000|  0%| F|  |TAMS 0x000000062ec00000| PB 0x000000062ec00000| Untracked 
| 141|0x000000062f000000, 0x000000062f000000, 0x000000062f400000|  0%| F|  |TAMS 0x000000062f000000| PB 0x000000062f000000| Untracked 
| 142|0x000000062f400000, 0x000000062f7681b8, 0x000000062f800000| 85%| S|CS|TAMS 0x000000062f400000| PB 0x000000062f400000| Complete 
| 143|0x000000062f800000, 0x000000062f800000, 0x000000062fc00000|  0%| F|  |TAMS 0x000000062f800000| PB 0x000000062f800000| Untracked 
| 144|0x000000062fc00000, 0x000000062fc00000, 0x0000000630000000|  0%| F|  |TAMS 0x000000062fc00000| PB 0x000000062fc00000| Untracked 
| 145|0x0000000630000000, 0x0000000630000000, 0x0000000630400000|  0%| F|  |TAMS 0x0000000630000000| PB 0x0000000630000000| Untracked 
| 146|0x0000000630400000, 0x0000000630400000, 0x0000000630800000|  0%| F|  |TAMS 0x0000000630400000| PB 0x0000000630400000| Untracked 
| 147|0x0000000630800000, 0x0000000630800000, 0x0000000630c00000|  0%| F|  |TAMS 0x0000000630800000| PB 0x0000000630800000| Untracked 
| 148|0x0000000630c00000, 0x0000000630c00000, 0x0000000631000000|  0%| F|  |TAMS 0x0000000630c00000| PB 0x0000000630c00000| Untracked 
| 149|0x0000000631000000, 0x0000000631000000, 0x0000000631400000|  0%| F|  |TAMS 0x0000000631000000| PB 0x0000000631000000| Untracked 
| 150|0x0000000631400000, 0x0000000631400000, 0x0000000631800000|  0%| F|  |TAMS 0x0000000631400000| PB 0x0000000631400000| Untracked 
| 151|0x0000000631800000, 0x0000000631800000, 0x0000000631c00000|  0%| F|  |TAMS 0x0000000631800000| PB 0x0000000631800000| Untracked 
| 152|0x0000000631c00000, 0x0000000631c00000, 0x0000000632000000|  0%| F|  |TAMS 0x0000000631c00000| PB 0x0000000631c00000| Untracked 
| 153|0x0000000632000000, 0x0000000632000000, 0x0000000632400000|  0%| F|  |TAMS 0x0000000632000000| PB 0x0000000632000000| Untracked 
| 154|0x0000000632400000, 0x0000000632400000, 0x0000000632800000|  0%| F|  |TAMS 0x0000000632400000| PB 0x0000000632400000| Untracked 
| 155|0x0000000632800000, 0x0000000632800000, 0x0000000632c00000|  0%| F|  |TAMS 0x0000000632800000| PB 0x0000000632800000| Untracked 
| 156|0x0000000632c00000, 0x0000000632c00000, 0x0000000633000000|  0%| F|  |TAMS 0x0000000632c00000| PB 0x0000000632c00000| Untracked 
| 157|0x0000000633000000, 0x0000000633000000, 0x0000000633400000|  0%| F|  |TAMS 0x0000000633000000| PB 0x0000000633000000| Untracked 
| 158|0x0000000633400000, 0x0000000633400000, 0x0000000633800000|  0%| F|  |TAMS 0x0000000633400000| PB 0x0000000633400000| Untracked 
| 159|0x0000000633800000, 0x0000000633800000, 0x0000000633c00000|  0%| F|  |TAMS 0x0000000633800000| PB 0x0000000633800000| Untracked 
| 160|0x0000000633c00000, 0x0000000633c00000, 0x0000000634000000|  0%| F|  |TAMS 0x0000000633c00000| PB 0x0000000633c00000| Untracked 
| 161|0x0000000634000000, 0x0000000634000000, 0x0000000634400000|  0%| F|  |TAMS 0x0000000634000000| PB 0x0000000634000000| Untracked 
| 162|0x0000000634400000, 0x0000000634400000, 0x0000000634800000|  0%| F|  |TAMS 0x0000000634400000| PB 0x0000000634400000| Untracked 
| 163|0x0000000634800000, 0x0000000634800000, 0x0000000634c00000|  0%| F|  |TAMS 0x0000000634800000| PB 0x0000000634800000| Untracked 
| 164|0x0000000634c00000, 0x0000000634c00000, 0x0000000635000000|  0%| F|  |TAMS 0x0000000634c00000| PB 0x0000000634c00000| Untracked 
| 165|0x0000000635000000, 0x0000000635000000, 0x0000000635400000|  0%| F|  |TAMS 0x0000000635000000| PB 0x0000000635000000| Untracked 
| 166|0x0000000635400000, 0x0000000635400000, 0x0000000635800000|  0%| F|  |TAMS 0x0000000635400000| PB 0x0000000635400000| Untracked 
| 167|0x0000000635800000, 0x0000000635800000, 0x0000000635c00000|  0%| F|  |TAMS 0x0000000635800000| PB 0x0000000635800000| Untracked 
| 168|0x0000000635c00000, 0x0000000635c00000, 0x0000000636000000|  0%| F|  |TAMS 0x0000000635c00000| PB 0x0000000635c00000| Untracked 
| 169|0x0000000636000000, 0x0000000636000000, 0x0000000636400000|  0%| F|  |TAMS 0x0000000636000000| PB 0x0000000636000000| Untracked 
| 170|0x0000000636400000, 0x0000000636400000, 0x0000000636800000|  0%| F|  |TAMS 0x0000000636400000| PB 0x0000000636400000| Untracked 
| 171|0x0000000636800000, 0x0000000636800000, 0x0000000636c00000|  0%| F|  |TAMS 0x0000000636800000| PB 0x0000000636800000| Untracked 
| 172|0x0000000636c00000, 0x0000000636c00000, 0x0000000637000000|  0%| F|  |TAMS 0x0000000636c00000| PB 0x0000000636c00000| Untracked 
| 173|0x0000000637000000, 0x0000000637000000, 0x0000000637400000|  0%| F|  |TAMS 0x0000000637000000| PB 0x0000000637000000| Untracked 
| 174|0x0000000637400000, 0x0000000637400000, 0x0000000637800000|  0%| F|  |TAMS 0x0000000637400000| PB 0x0000000637400000| Untracked 
| 175|0x0000000637800000, 0x0000000637800000, 0x0000000637c00000|  0%| F|  |TAMS 0x0000000637800000| PB 0x0000000637800000| Untracked 
| 176|0x0000000637c00000, 0x0000000637c00000, 0x0000000638000000|  0%| F|  |TAMS 0x0000000637c00000| PB 0x0000000637c00000| Untracked 
| 177|0x0000000638000000, 0x0000000638000000, 0x0000000638400000|  0%| F|  |TAMS 0x0000000638000000| PB 0x0000000638000000| Untracked 
| 178|0x0000000638400000, 0x0000000638400000, 0x0000000638800000|  0%| F|  |TAMS 0x0000000638400000| PB 0x0000000638400000| Untracked 
| 179|0x0000000638800000, 0x0000000638800000, 0x0000000638c00000|  0%| F|  |TAMS 0x0000000638800000| PB 0x0000000638800000| Untracked 
| 180|0x0000000638c00000, 0x0000000638c00000, 0x0000000639000000|  0%| F|  |TAMS 0x0000000638c00000| PB 0x0000000638c00000| Untracked 
| 181|0x0000000639000000, 0x0000000639000000, 0x0000000639400000|  0%| F|  |TAMS 0x0000000639000000| PB 0x0000000639000000| Untracked 
| 182|0x0000000639400000, 0x0000000639400000, 0x0000000639800000|  0%| F|  |TAMS 0x0000000639400000| PB 0x0000000639400000| Untracked 
| 183|0x0000000639800000, 0x0000000639800000, 0x0000000639c00000|  0%| F|  |TAMS 0x0000000639800000| PB 0x0000000639800000| Untracked 
| 184|0x0000000639c00000, 0x0000000639c00000, 0x000000063a000000|  0%| F|  |TAMS 0x0000000639c00000| PB 0x0000000639c00000| Untracked 
| 185|0x000000063a000000, 0x000000063a000000, 0x000000063a400000|  0%| F|  |TAMS 0x000000063a000000| PB 0x000000063a000000| Untracked 
| 186|0x000000063a400000, 0x000000063a400000, 0x000000063a800000|  0%| F|  |TAMS 0x000000063a400000| PB 0x000000063a400000| Untracked 
| 187|0x000000063a800000, 0x000000063a800000, 0x000000063ac00000|  0%| F|  |TAMS 0x000000063a800000| PB 0x000000063a800000| Untracked 
| 188|0x000000063ac00000, 0x000000063ac00000, 0x000000063b000000|  0%| F|  |TAMS 0x000000063ac00000| PB 0x000000063ac00000| Untracked 
| 189|0x000000063b000000, 0x000000063b000000, 0x000000063b400000|  0%| F|  |TAMS 0x000000063b000000| PB 0x000000063b000000| Untracked 
| 190|0x000000063b400000, 0x000000063b400000, 0x000000063b800000|  0%| F|  |TAMS 0x000000063b400000| PB 0x000000063b400000| Untracked 
| 191|0x000000063b800000, 0x000000063b800000, 0x000000063bc00000|  0%| F|  |TAMS 0x000000063b800000| PB 0x000000063b800000| Untracked 
| 192|0x000000063bc00000, 0x000000063bc00000, 0x000000063c000000|  0%| F|  |TAMS 0x000000063bc00000| PB 0x000000063bc00000| Untracked 
| 193|0x000000063c000000, 0x000000063c000000, 0x000000063c400000|  0%| F|  |TAMS 0x000000063c000000| PB 0x000000063c000000| Untracked 
| 194|0x000000063c400000, 0x000000063c400000, 0x000000063c800000|  0%| F|  |TAMS 0x000000063c400000| PB 0x000000063c400000| Untracked 
| 195|0x000000063c800000, 0x000000063c800000, 0x000000063cc00000|  0%| F|  |TAMS 0x000000063c800000| PB 0x000000063c800000| Untracked 
| 196|0x000000063cc00000, 0x000000063cc00000, 0x000000063d000000|  0%| F|  |TAMS 0x000000063cc00000| PB 0x000000063cc00000| Untracked 
| 197|0x000000063d000000, 0x000000063d000000, 0x000000063d400000|  0%| F|  |TAMS 0x000000063d000000| PB 0x000000063d000000| Untracked 
| 198|0x000000063d400000, 0x000000063d400000, 0x000000063d800000|  0%| F|  |TAMS 0x000000063d400000| PB 0x000000063d400000| Untracked 
| 199|0x000000063d800000, 0x000000063d800000, 0x000000063dc00000|  0%| F|  |TAMS 0x000000063d800000| PB 0x000000063d800000| Untracked 
| 200|0x000000063dc00000, 0x000000063dc00000, 0x000000063e000000|  0%| F|  |TAMS 0x000000063dc00000| PB 0x000000063dc00000| Untracked 
| 201|0x000000063e000000, 0x000000063e000000, 0x000000063e400000|  0%| F|  |TAMS 0x000000063e000000| PB 0x000000063e000000| Untracked 
| 202|0x000000063e400000, 0x000000063e400000, 0x000000063e800000|  0%| F|  |TAMS 0x000000063e400000| PB 0x000000063e400000| Untracked 
| 203|0x000000063e800000, 0x000000063e800000, 0x000000063ec00000|  0%| F|  |TAMS 0x000000063e800000| PB 0x000000063e800000| Untracked 
| 204|0x000000063ec00000, 0x000000063ec00000, 0x000000063f000000|  0%| F|  |TAMS 0x000000063ec00000| PB 0x000000063ec00000| Untracked 
| 205|0x000000063f000000, 0x000000063f000000, 0x000000063f400000|  0%| F|  |TAMS 0x000000063f000000| PB 0x000000063f000000| Untracked 
| 206|0x000000063f400000, 0x000000063f400000, 0x000000063f800000|  0%| F|  |TAMS 0x000000063f400000| PB 0x000000063f400000| Untracked 
| 207|0x000000063f800000, 0x000000063f800000, 0x000000063fc00000|  0%| F|  |TAMS 0x000000063f800000| PB 0x000000063f800000| Untracked 
| 208|0x000000063fc00000, 0x000000063fc00000, 0x0000000640000000|  0%| F|  |TAMS 0x000000063fc00000| PB 0x000000063fc00000| Untracked 
| 209|0x0000000640000000, 0x0000000640000000, 0x0000000640400000|  0%| F|  |TAMS 0x0000000640000000| PB 0x0000000640000000| Untracked 
| 210|0x0000000640400000, 0x0000000640400000, 0x0000000640800000|  0%| F|  |TAMS 0x0000000640400000| PB 0x0000000640400000| Untracked 
| 211|0x0000000640800000, 0x0000000640800000, 0x0000000640c00000|  0%| F|  |TAMS 0x0000000640800000| PB 0x0000000640800000| Untracked 
| 212|0x0000000640c00000, 0x0000000640c00000, 0x0000000641000000|  0%| F|  |TAMS 0x0000000640c00000| PB 0x0000000640c00000| Untracked 
| 213|0x0000000641000000, 0x0000000641000000, 0x0000000641400000|  0%| F|  |TAMS 0x0000000641000000| PB 0x0000000641000000| Untracked 
| 214|0x0000000641400000, 0x0000000641400000, 0x0000000641800000|  0%| F|  |TAMS 0x0000000641400000| PB 0x0000000641400000| Untracked 
| 215|0x0000000641800000, 0x0000000641800000, 0x0000000641c00000|  0%| F|  |TAMS 0x0000000641800000| PB 0x0000000641800000| Untracked 
| 216|0x0000000641c00000, 0x0000000641c00000, 0x0000000642000000|  0%| F|  |TAMS 0x0000000641c00000| PB 0x0000000641c00000| Untracked 
| 217|0x0000000642000000, 0x0000000642000000, 0x0000000642400000|  0%| F|  |TAMS 0x0000000642000000| PB 0x0000000642000000| Untracked 
| 218|0x0000000642400000, 0x0000000642400000, 0x0000000642800000|  0%| F|  |TAMS 0x0000000642400000| PB 0x0000000642400000| Untracked 
| 219|0x0000000642800000, 0x0000000642800000, 0x0000000642c00000|  0%| F|  |TAMS 0x0000000642800000| PB 0x0000000642800000| Untracked 
| 220|0x0000000642c00000, 0x0000000642c00000, 0x0000000643000000|  0%| F|  |TAMS 0x0000000642c00000| PB 0x0000000642c00000| Untracked 
| 221|0x0000000643000000, 0x0000000643000000, 0x0000000643400000|  0%| F|  |TAMS 0x0000000643000000| PB 0x0000000643000000| Untracked 
| 222|0x0000000643400000, 0x00000006434014b0, 0x0000000643800000|  0%| E|  |TAMS 0x0000000643400000| PB 0x0000000643400000| Complete 
| 223|0x0000000643800000, 0x0000000643c00000, 0x0000000643c00000|100%| E|CS|TAMS 0x0000000643800000| PB 0x0000000643800000| Complete 
| 224|0x0000000643c00000, 0x0000000644000000, 0x0000000644000000|100%| E|CS|TAMS 0x0000000643c00000| PB 0x0000000643c00000| Complete 
| 225|0x0000000644000000, 0x0000000644400000, 0x0000000644400000|100%| E|CS|TAMS 0x0000000644000000| PB 0x0000000644000000| Complete 
| 226|0x0000000644400000, 0x0000000644800000, 0x0000000644800000|100%| E|CS|TAMS 0x0000000644400000| PB 0x0000000644400000| Complete 
| 227|0x0000000644800000, 0x0000000644c00000, 0x0000000644c00000|100%| E|CS|TAMS 0x0000000644800000| PB 0x0000000644800000| Complete 
| 228|0x0000000644c00000, 0x0000000645000000, 0x0000000645000000|100%| E|CS|TAMS 0x0000000644c00000| PB 0x0000000644c00000| Complete 
| 229|0x0000000645000000, 0x0000000645400000, 0x0000000645400000|100%| E|CS|TAMS 0x0000000645000000| PB 0x0000000645000000| Complete 
| 230|0x0000000645400000, 0x0000000645800000, 0x0000000645800000|100%| E|CS|TAMS 0x0000000645400000| PB 0x0000000645400000| Complete 
| 231|0x0000000645800000, 0x0000000645c00000, 0x0000000645c00000|100%| E|CS|TAMS 0x0000000645800000| PB 0x0000000645800000| Complete 
| 232|0x0000000645c00000, 0x0000000646000000, 0x0000000646000000|100%| E|CS|TAMS 0x0000000645c00000| PB 0x0000000645c00000| Complete 
| 233|0x0000000646000000, 0x0000000646400000, 0x0000000646400000|100%| E|CS|TAMS 0x0000000646000000| PB 0x0000000646000000| Complete 
| 234|0x0000000646400000, 0x0000000646800000, 0x0000000646800000|100%| E|CS|TAMS 0x0000000646400000| PB 0x0000000646400000| Complete 
| 235|0x0000000646800000, 0x0000000646c00000, 0x0000000646c00000|100%| E|CS|TAMS 0x0000000646800000| PB 0x0000000646800000| Complete 
| 236|0x0000000646c00000, 0x0000000647000000, 0x0000000647000000|100%| E|CS|TAMS 0x0000000646c00000| PB 0x0000000646c00000| Complete 
| 237|0x0000000647000000, 0x0000000647400000, 0x0000000647400000|100%| E|CS|TAMS 0x0000000647000000| PB 0x0000000647000000| Complete 
| 238|0x0000000647400000, 0x0000000647800000, 0x0000000647800000|100%| E|CS|TAMS 0x0000000647400000| PB 0x0000000647400000| Complete 
|2000|0x00000007ffc00000, 0x00000007fff3c6e0, 0x0000000800000000| 80%| O|  |TAMS 0x00000007ffc00000| PB 0x00000007ffc00000| Untracked 

Card table byte_map: [0x00007f46041dc000,0x00007f460517e000] _byte_map_base: 0x00007f460117e000

Marking Bits: (CMBitMap*) 0x00007f4600064a10
 Bits: [0x00007f45e4cf0000, 0x00007f45eca00000)

Polling page: 0x00007f46086ab000

Metaspace:

Usage:
  Non-class:     76.64 MB used.
      Class:      8.46 MB used.
       Both:     85.10 MB used.

Virtual space:
  Non-class space:      128.00 MB reserved,      77.25 MB ( 60%) committed,  2 nodes.
      Class space:        1.00 GB reserved,       8.94 MB ( <1%) committed,  1 nodes.
             Both:        1.12 GB reserved,      86.19 MB (  7%) committed. 

Chunk freelists:
   Non-Class:  2.08 MB
       Class:  7.09 MB
        Both:  9.17 MB

MaxMetaspaceSize: unlimited
CompressedClassSpaceSize: 1.00 GB
Initial GC threshold: 21.00 MB
Current GC threshold: 143.69 MB
CDS: on
 - commit_granule_bytes: 65536.
 - commit_granule_words: 8192.
 - virtual_space_node_default_size: 8388608.
 - enlarge_chunks_in_place: 1.
 - use_allocation_guard: 0.


Internal statistics:

num_allocs_failed_limit: 12.
num_arena_births: 1928.
num_arena_deaths: 20.
num_vsnodes_births: 3.
num_vsnodes_deaths: 0.
num_space_committed: 1379.
num_space_uncommitted: 0.
num_chunks_returned_to_freelist: 38.
num_chunks_taken_from_freelist: 5432.
num_chunk_merges: 14.
num_chunk_splits: 3644.
num_chunks_enlarged: 2640.
num_inconsistent_stats: 0.

CodeHeap 'non-profiled nmethods': size=120028Kb used=24455Kb max_used=29917Kb free=95572Kb
 bounds [0x00007f45f44c9000, 0x00007f45f6209000, 0x00007f45fba00000]
CodeHeap 'profiled nmethods': size=120028Kb used=26556Kb max_used=45127Kb free=93471Kb
 bounds [0x00007f45eca00000, 0x00007f45ef620000, 0x00007f45f3f37000]
CodeHeap 'non-nmethods': size=5704Kb used=3984Kb max_used=4051Kb free=1719Kb
 bounds [0x00007f45f3f37000, 0x00007f45f4347000, 0x00007f45f44c9000]
CodeCache: size=245760Kb, used=54995Kb, max_used=79095Kb, free=190762Kb
 total_blobs=15702, nmethods=13142, adapters=2464, full_count=0
Compilation: enabled, stopped_count=0, restarted_count=0

Compilation events (20 events):
Event: 1070.941 Thread 0x00007f460014b000 nmethod 102513 0x00007f45f543fb90 code [0x00007f45f543fe20, 0x00007f45f5440f48]
Event: 1071.742 Thread 0x00007f460014c6c0 102517       3       jdk.internal.misc.Unsafe::getAndSetInt (24 bytes)
Event: 1071.742 Thread 0x00007f460014c6c0 nmethod 102517 0x00007f45ed8a8990 code [0x00007f45ed8a8b40, 0x00007f45ed8a8d70]
Event: 1071.758 Thread 0x00007f460014b000 102518       4       javax.swing.JComponent::reshape (10 bytes)
Event: 1071.761 Thread 0x00007f460014c6c0 102520       3       org.jetbrains.compose.reload.core.TryKt::toResult (68 bytes)
Event: 1071.764 Thread 0x00007f460014c6c0 nmethod 102520 0x00007f45edd34f10 code [0x00007f45edd35320, 0x00007f45edd36ff8]
Event: 1071.839 Thread 0x00007f460014c6c0 102521       3       org.jetbrains.compose.reload.agent.OrchestrationKt$sendAsync$1::invokeSuspend (79 bytes)
Event: 1071.840 Thread 0x00007f460014c6c0 nmethod 102521 0x00007f45eceb6710 code [0x00007f45eceb6980, 0x00007f45eceb7630]
Event: 1071.936 Thread 0x00007f460014c6c0 102523       3       sun.nio.ch.NioSocketImpl$1::read (11 bytes)
Event: 1071.936 Thread 0x00007f460014c6c0 nmethod 102523 0x00007f45ed032590 code [0x00007f45ed032740, 0x00007f45ed032888]
Event: 1071.942 Thread 0x00007f460014c6c0 102524   !   3       sun.nio.ch.NioSocketImpl::endRead (58 bytes)
Event: 1071.942 Thread 0x00007f460014c6c0 nmethod 102524 0x00007f45ecc76610 code [0x00007f45ecc767e0, 0x00007f45ecc76bf0]
Event: 1071.943 Thread 0x00007f460014c6c0 102525   !   3       sun.nio.ch.NioSocketImpl::implRead (223 bytes)
Event: 1071.950 Thread 0x00007f460014c6c0 nmethod 102525 0x00007f45edaa1690 code [0x00007f45edaa1960, 0x00007f45edaa2648]
Event: 1071.950 Thread 0x00007f460014c6c0 102526   !   3       sun.nio.ch.NioSocketImpl::beginRead (30 bytes)
Event: 1071.950 Thread 0x00007f460014c6c0 nmethod 102526 0x00007f45ece0fa10 code [0x00007f45ece0fbe0, 0x00007f45ece10068]
Event: 1071.950 Thread 0x00007f460014c6c0 102527   !   3       sun.nio.ch.NioSocketImpl::tryRead (87 bytes)
Event: 1071.951 Thread 0x00007f460014c6c0 nmethod 102527 0x00007f45edd9dd90 code [0x00007f45edd9dfa0, 0x00007f45edd9e528]
Event: 1071.951 Thread 0x00007f460014c6c0 102528   !   3       sun.nio.ch.NioSocketImpl::read (96 bytes)
Event: 1071.951 Thread 0x00007f460014c6c0 nmethod 102528 0x00007f45edb58a10 code [0x00007f45edb58d00, 0x00007f45edb59d10]

GC Heap History (20 events):
Event: 1069.013 GC heap before
{Heap before GC invocations=1314 (full 33):
 garbage-first heap   total 983040K, used 720778K [0x000000060bc00000, 0x0000000800000000)
  region size 4096K, 112 young (458752K), 1 survivors (4096K)
 Metaspace       used 87137K, committed 88256K, reserved 1179648K
  class space    used 8661K, committed 9152K, reserved 1048576K
}
Event: 1069.015 GC heap after
{Heap after GC invocations=1315 (full 33):
 garbage-first heap   total 983040K, used 86653K [0x000000060bc00000, 0x0000000800000000)
  region size 4096K, 1 young (4096K), 1 survivors (4096K)
 Metaspace       used 87137K, committed 88256K, reserved 1179648K
  class space    used 8661K, committed 9152K, reserved 1048576K
}
Event: 1069.373 GC heap before
{Heap before GC invocations=1315 (full 33):
 garbage-first heap   total 983040K, used 791165K [0x000000060bc00000, 0x0000000800000000)
  region size 4096K, 126 young (516096K), 1 survivors (4096K)
 Metaspace       used 87138K, committed 88256K, reserved 1179648K
  class space    used 8661K, committed 9152K, reserved 1048576K
}
Event: 1069.375 GC heap after
{Heap after GC invocations=1316 (full 33):
 garbage-first heap   total 983040K, used 99240K [0x000000060bc00000, 0x0000000800000000)
  region size 4096K, 1 young (4096K), 1 survivors (4096K)
 Metaspace       used 87138K, committed 88256K, reserved 1179648K
  class space    used 8661K, committed 9152K, reserved 1048576K
}
Event: 1069.665 GC heap before
{Heap before GC invocations=1316 (full 33):
 garbage-first heap   total 983040K, used 680872K [0x000000060bc00000, 0x0000000800000000)
  region size 4096K, 102 young (417792K), 1 survivors (4096K)
 Metaspace       used 87138K, committed 88256K, reserved 1179648K
  class space    used 8661K, committed 9152K, reserved 1048576K
}
Event: 1069.667 GC heap after
{Heap after GC invocations=1317 (full 33):
 garbage-first heap   total 983040K, used 99277K [0x000000060bc00000, 0x0000000800000000)
  region size 4096K, 1 young (4096K), 1 survivors (4096K)
 Metaspace       used 87138K, committed 88256K, reserved 1179648K
  class space    used 8661K, committed 9152K, reserved 1048576K
}
Event: 1069.957 GC heap before
{Heap before GC invocations=1317 (full 33):
 garbage-first heap   total 983040K, used 697293K [0x000000060bc00000, 0x0000000800000000)
  region size 4096K, 106 young (434176K), 1 survivors (4096K)
 Metaspace       used 87138K, committed 88256K, reserved 1179648K
  class space    used 8661K, committed 9152K, reserved 1048576K
}
Event: 1069.959 GC heap after
{Heap after GC invocations=1318 (full 33):
 garbage-first heap   total 983040K, used 99367K [0x000000060bc00000, 0x0000000800000000)
  region size 4096K, 1 young (4096K), 1 survivors (4096K)
 Metaspace       used 87138K, committed 88256K, reserved 1179648K
  class space    used 8661K, committed 9152K, reserved 1048576K
}
Event: 1070.291 GC heap before
{Heap before GC invocations=1318 (full 33):
 garbage-first heap   total 983040K, used 767015K [0x000000060bc00000, 0x0000000800000000)
  region size 4096K, 120 young (491520K), 1 survivors (4096K)
 Metaspace       used 87138K, committed 88256K, reserved 1179648K
  class space    used 8661K, committed 9152K, reserved 1048576K
}
Event: 1070.293 GC heap after
{Heap after GC invocations=1319 (full 33):
 garbage-first heap   total 983040K, used 99304K [0x000000060bc00000, 0x0000000800000000)
  region size 4096K, 1 young (4096K), 1 survivors (4096K)
 Metaspace       used 87138K, committed 88256K, reserved 1179648K
  class space    used 8661K, committed 9152K, reserved 1048576K
}
Event: 1070.624 GC heap before
{Heap before GC invocations=1319 (full 33):
 garbage-first heap   total 983040K, used 742376K [0x000000060bc00000, 0x0000000800000000)
  region size 4096K, 114 young (466944K), 1 survivors (4096K)
 Metaspace       used 87138K, committed 88256K, reserved 1179648K
  class space    used 8661K, committed 9152K, reserved 1048576K
}
Event: 1070.626 GC heap after
{Heap after GC invocations=1320 (full 33):
 garbage-first heap   total 983040K, used 111625K [0x000000060bc00000, 0x0000000800000000)
  region size 4096K, 1 young (4096K), 1 survivors (4096K)
 Metaspace       used 87138K, committed 88256K, reserved 1179648K
  class space    used 8661K, committed 9152K, reserved 1048576K
}
Event: 1070.910 GC heap before
{Heap before GC invocations=1320 (full 33):
 garbage-first heap   total 983040K, used 660489K [0x000000060bc00000, 0x0000000800000000)
  region size 4096K, 97 young (397312K), 1 survivors (4096K)
 Metaspace       used 87138K, committed 88256K, reserved 1179648K
  class space    used 8661K, committed 9152K, reserved 1048576K
}
Event: 1070.912 GC heap after
{Heap after GC invocations=1321 (full 33):
 garbage-first heap   total 983040K, used 86994K [0x000000060bc00000, 0x0000000800000000)
  region size 4096K, 1 young (4096K), 1 survivors (4096K)
 Metaspace       used 87138K, committed 88256K, reserved 1179648K
  class space    used 8661K, committed 9152K, reserved 1048576K
}
Event: 1071.250 GC heap before
{Heap before GC invocations=1321 (full 33):
 garbage-first heap   total 983040K, used 754642K [0x000000060bc00000, 0x0000000800000000)
  region size 4096K, 117 young (479232K), 1 survivors (4096K)
 Metaspace       used 87139K, committed 88256K, reserved 1179648K
  class space    used 8661K, committed 9152K, reserved 1048576K
}
Event: 1071.252 GC heap after
{Heap after GC invocations=1322 (full 33):
 garbage-first heap   total 983040K, used 99362K [0x000000060bc00000, 0x0000000800000000)
  region size 4096K, 1 young (4096K), 1 survivors (4096K)
 Metaspace       used 87139K, committed 88256K, reserved 1179648K
  class space    used 8661K, committed 9152K, reserved 1048576K
}
Event: 1071.554 GC heap before
{Heap before GC invocations=1322 (full 33):
 garbage-first heap   total 983040K, used 693282K [0x000000060bc00000, 0x0000000800000000)
  region size 4096K, 105 young (430080K), 1 survivors (4096K)
 Metaspace       used 87139K, committed 88256K, reserved 1179648K
  class space    used 8661K, committed 9152K, reserved 1048576K
}
Event: 1071.556 GC heap after
{Heap after GC invocations=1323 (full 33):
 garbage-first heap   total 983040K, used 87044K [0x000000060bc00000, 0x0000000800000000)
  region size 4096K, 1 young (4096K), 1 survivors (4096K)
 Metaspace       used 87139K, committed 88256K, reserved 1179648K
  class space    used 8661K, committed 9152K, reserved 1048576K
}
Event: 1071.945 GC heap before
{Heap before GC invocations=1323 (full 33):
 garbage-first heap   total 983040K, used 660484K [0x000000060bc00000, 0x0000000800000000)
  region size 4096K, 97 young (397312K), 1 survivors (4096K)
 Metaspace       used 87139K, committed 88256K, reserved 1179648K
  class space    used 8661K, committed 9152K, reserved 1048576K
}
Event: 1071.950 GC heap after
{Heap after GC invocations=1324 (full 33):
 garbage-first heap   total 983040K, used 89344K [0x000000060bc00000, 0x0000000800000000)
  region size 4096K, 1 young (4096K), 1 survivors (4096K)
 Metaspace       used 87139K, committed 88256K, reserved 1179648K
  class space    used 8661K, committed 9152K, reserved 1048576K
}

Dll operation events (19 events):
Event: 0.002 Loaded shared library /home/arcady/.gradle/jdks/jetbrains_s_r_o_-21-amd64-linux.2/lib/libjava.so
Event: 0.029 Loaded shared library /home/arcady/.gradle/jdks/jetbrains_s_r_o_-21-amd64-linux.2/lib/libjsvml.so
Event: 0.051 Loaded shared library /home/arcady/.gradle/jdks/jetbrains_s_r_o_-21-amd64-linux.2/lib/libzip.so
Event: 0.060 Loaded shared library /home/arcady/.gradle/jdks/jetbrains_s_r_o_-21-amd64-linux.2/lib/libnio.so
Event: 0.064 Loaded shared library /home/arcady/.gradle/jdks/jetbrains_s_r_o_-21-amd64-linux.2/lib/libinstrument.so
Event: 0.066 Loaded shared library /home/arcady/.gradle/jdks/jetbrains_s_r_o_-21-amd64-linux.2/lib/libzip.so
Event: 0.111 Loaded shared library /home/arcady/.gradle/jdks/jetbrains_s_r_o_-21-amd64-linux.2/lib/libjimage.so
Event: 0.114 Loaded shared library /home/arcady/.gradle/jdks/jetbrains_s_r_o_-21-amd64-linux.2/lib/libnet.so
Event: 0.508 Loaded shared library /home/arcady/.gradle/jdks/jetbrains_s_r_o_-21-amd64-linux.2/lib/libextnet.so
Event: 0.860 Loaded shared library /home/arcady/.gradle/jdks/jetbrains_s_r_o_-21-amd64-linux.2/lib/libverify.so
Event: 1.073 Loaded shared library /tmp/sqlite-3.51.3.0-6fca843a-7907-4fd6-a17f-2ea6268dcd2c-libsqlitejdbc.so
Event: 1.551 Loaded shared library /home/arcady/.gradle/jdks/jetbrains_s_r_o_-21-amd64-linux.2/lib/libawt.so
Event: 1.558 Loaded shared library /home/arcady/.gradle/jdks/jetbrains_s_r_o_-21-amd64-linux.2/lib/libawt_xawt.so
Event: 1.586 Loaded shared library /home/arcady/.gradle/jdks/jetbrains_s_r_o_-21-amd64-linux.2/lib/libfontmanager.so
Event: 1.586 Loaded shared library /home/arcady/.gradle/jdks/jetbrains_s_r_o_-21-amd64-linux.2/lib/libfontmanager_xawt.so
Event: 1.598 Loaded shared library /home/arcady/.gradle/jdks/jetbrains_s_r_o_-21-amd64-linux.2/lib/libmanagement.so
Event: 1.601 Loaded shared library /home/arcady/.gradle/jdks/jetbrains_s_r_o_-21-amd64-linux.2/lib/libmanagement_ext.so
Event: 2.078 Loaded shared library /home/arcady/.skiko/skiko-linux-x64-434f7633c843870c0839a1137b128f6c3db3c5d58dcad3545e90827e3e341afb/libskiko-linux-x64.so
Event: 606.732 Loaded shared library /home/arcady/.cache/JNA/temp/jna10128609713276381012.tmp

Deoptimization events (20 events):
Event: 1028.890 Thread 0x00007f4601246cb0 Uncommon trap: trap_request=0xffffff47 fr.pc=0x00007f45f60c79e0 relative=0x00000000000033a0
Event: 1028.890 Thread 0x00007f4601246cb0 Uncommon trap: reason=unstable_if action=none pc=0x00007f45f60c79e0 method=com.coveninja.cove.ui.components.media.card.MediaCardKt.MediaCardDecorations(Lcom/coveninja/cove/ui/components/media/MyListCategory;Ljava/lang/Float;ZLandroidx/compose/ui/Modifier;
Event: 1028.890 Thread 0x00007f4601246cb0 DEOPT PACKING pc=0x00007f45f60c79e0 sp=0x00007f45711297a0
Event: 1028.890 Thread 0x00007f4601246cb0 DEOPT UNPACKING pc=0x00007f45f3f8af99 sp=0x00007f45711295c0 mode 2
Event: 1038.976 Thread 0x00007f4601246cb0 Uncommon trap: trap_request=0xffffff47 fr.pc=0x00007f45f60c79e0 relative=0x00000000000033a0
Event: 1038.976 Thread 0x00007f4601246cb0 Uncommon trap: reason=unstable_if action=none pc=0x00007f45f60c79e0 method=com.coveninja.cove.ui.components.media.card.MediaCardKt.MediaCardDecorations(Lcom/coveninja/cove/ui/components/media/MyListCategory;Ljava/lang/Float;ZLandroidx/compose/ui/Modifier;
Event: 1038.976 Thread 0x00007f4601246cb0 DEOPT PACKING pc=0x00007f45f60c79e0 sp=0x00007f4571129910
Event: 1038.976 Thread 0x00007f4601246cb0 DEOPT UNPACKING pc=0x00007f45f3f8af99 sp=0x00007f4571129730 mode 2
Event: 1049.081 Thread 0x00007f4601246cb0 Uncommon trap: trap_request=0xffffff47 fr.pc=0x00007f45f60c79e0 relative=0x00000000000033a0
Event: 1049.081 Thread 0x00007f4601246cb0 Uncommon trap: reason=unstable_if action=none pc=0x00007f45f60c79e0 method=com.coveninja.cove.ui.components.media.card.MediaCardKt.MediaCardDecorations(Lcom/coveninja/cove/ui/components/media/MyListCategory;Ljava/lang/Float;ZLandroidx/compose/ui/Modifier;
Event: 1049.081 Thread 0x00007f4601246cb0 DEOPT PACKING pc=0x00007f45f60c79e0 sp=0x00007f4571129910
Event: 1049.081 Thread 0x00007f4601246cb0 DEOPT UNPACKING pc=0x00007f45f3f8af99 sp=0x00007f4571129730 mode 2
Event: 1059.129 Thread 0x00007f4601246cb0 Uncommon trap: trap_request=0xffffff47 fr.pc=0x00007f45f60c79e0 relative=0x00000000000033a0
Event: 1059.129 Thread 0x00007f4601246cb0 Uncommon trap: reason=unstable_if action=none pc=0x00007f45f60c79e0 method=com.coveninja.cove.ui.components.media.card.MediaCardKt.MediaCardDecorations(Lcom/coveninja/cove/ui/components/media/MyListCategory;Ljava/lang/Float;ZLandroidx/compose/ui/Modifier;
Event: 1059.129 Thread 0x00007f4601246cb0 DEOPT PACKING pc=0x00007f45f60c79e0 sp=0x00007f4571129910
Event: 1059.129 Thread 0x00007f4601246cb0 DEOPT UNPACKING pc=0x00007f45f3f8af99 sp=0x00007f4571129730 mode 2
Event: 1069.151 Thread 0x00007f4601246cb0 Uncommon trap: trap_request=0xffffff47 fr.pc=0x00007f45f60c79e0 relative=0x00000000000033a0
Event: 1069.151 Thread 0x00007f4601246cb0 Uncommon trap: reason=unstable_if action=none pc=0x00007f45f60c79e0 method=com.coveninja.cove.ui.components.media.card.MediaCardKt.MediaCardDecorations(Lcom/coveninja/cove/ui/components/media/MyListCategory;Ljava/lang/Float;ZLandroidx/compose/ui/Modifier;
Event: 1069.151 Thread 0x00007f4601246cb0 DEOPT PACKING pc=0x00007f45f60c79e0 sp=0x00007f4571129910
Event: 1069.151 Thread 0x00007f4601246cb0 DEOPT UNPACKING pc=0x00007f45f3f8af99 sp=0x00007f4571129730 mode 2

Classes loaded (20 events):
Event: 606.903 Loading class sun/awt/image/SunWritableRaster
Event: 606.903 Loading class java/awt/image/WritableRaster
Event: 606.903 Loading class java/awt/image/WritableRaster done
Event: 606.903 Loading class sun/awt/image/SunWritableRaster done
Event: 606.907 Loading class java/awt/image/SinglePixelPackedSampleModel
Event: 606.907 Loading class java/awt/image/SampleModel
Event: 606.907 Loading class java/awt/image/SampleModel done
Event: 606.907 Loading class java/awt/image/SinglePixelPackedSampleModel done
Event: 606.907 Loading class sun/awt/image/IntegerInterleavedRaster
Event: 606.908 Loading class sun/awt/image/IntegerComponentRaster
Event: 606.908 Loading class sun/awt/image/IntegerComponentRaster done
Event: 606.908 Loading class sun/awt/image/IntegerInterleavedRaster done
Event: 606.908 Loading class sun/awt/image/NativeLibLoader
Event: 606.908 Loading class sun/awt/image/NativeLibLoader done
Event: 606.908 Loading class sun/awt/image/NativeLibLoader$1
Event: 606.909 Loading class sun/awt/image/NativeLibLoader$1 done
Event: 607.844 Loading class sun/security/rsa/RSASignature$SHA512withRSA
Event: 607.844 Loading class sun/security/rsa/RSASignature$SHA512withRSA done
Event: 728.618 Loading class java/awt/DisplayMode
Event: 728.618 Loading class java/awt/DisplayMode done

Classes unloaded (10 events):
Event: 2.077 Thread 0x00007f4600137a20 Unloading class 0x00007f4588224800 'java/lang/invoke/LambdaForm$DMH+0x00007f4588224800'
Event: 6.861 Thread 0x00007f4600137a20 Unloading class 0x00007f4588379800 'java/lang/invoke/LambdaForm$MH+0x00007f4588379800'
Event: 6.861 Thread 0x00007f4600137a20 Unloading class 0x00007f4588379000 'java/lang/invoke/LambdaForm$MH+0x00007f4588379000'
Event: 6.861 Thread 0x00007f4600137a20 Unloading class 0x00007f4588251c00 'java/lang/invoke/LambdaForm$MH+0x00007f4588251c00'
Event: 6.861 Thread 0x00007f4600137a20 Unloading class 0x00007f4588251400 'java/lang/invoke/LambdaForm$DMH+0x00007f4588251400'
Event: 6.861 Thread 0x00007f4600137a20 Unloading class 0x00007f4588250c00 'java/lang/invoke/LambdaForm$DMH+0x00007f4588250c00'
Event: 6.861 Thread 0x00007f4600137a20 Unloading class 0x00007f4588250400 'java/lang/invoke/LambdaForm$DMH+0x00007f4588250400'
Event: 32.110 Thread 0x00007f4600137a20 Unloading class 0x00007f45886ed800 'java/lang/invoke/LambdaForm$DMH+0x00007f45886ed800'
Event: 32.110 Thread 0x00007f4600137a20 Unloading class 0x00007f45886ed400 'java/lang/invoke/LambdaForm$DMH+0x00007f45886ed400'
Event: 32.110 Thread 0x00007f4600137a20 Unloading class 0x00007f45886ed000 'java/lang/invoke/LambdaForm$DMH+0x00007f45886ed000'

Classes redefined (20 events):
Event: 319.366 Thread 0x00007f4600137a20 redefined class name=com.coveninja.cove.ui.components.navigation.NavBarKt, count=1
Event: 319.366 Thread 0x00007f4600137a20 redefined class name=com.coveninja.cove.ui.components.navigation.NavDestination, count=1
Event: 319.366 Thread 0x00007f4600137a20 redefined class name=com.coveninja.cove.ui.ComposableSingletons$CoveAppKt, count=1
Event: 348.274 Thread 0x00007f4600137a20 redefined class name=com.coveninja.cove.ui.pages.explore.ExplorePageKt, count=1
Event: 348.275 Thread 0x00007f4600137a20 redefined class name=com.coveninja.cove.ui.pages.explore.ExplorePageKt$ShelvesLayout$1$2$1$1, count=1
Event: 348.275 Thread 0x00007f4600137a20 redefined class name=com.coveninja.cove.ui.pages.explore.ExplorePageKt$GridLayout$1$1$2$1, count=1
Event: 348.275 Thread 0x00007f4600137a20 redefined class name=com.coveninja.cove.ui.pages.explore.ExplorePageKt$GridLayout$1$1$1$1, count=1
Event: 348.275 Thread 0x00007f4600137a20 redefined class name=com.coveninja.cove.ui.pages.explore.ExplorePageKt$ExplorePage$toolbar$1$2$1, count=1
Event: 348.275 Thread 0x00007f4600137a20 redefined class name=com.coveninja.cove.ui.pages.explore.ComposableSingletons$ExplorePageKt, count=1
Event: 348.275 Thread 0x00007f4600137a20 redefined class name=com.coveninja.cove.ui.pages.explore.ExplorePageKt$ShelvesLayout$lambda$3$0$0$$inlined$items$default$4, count=1
Event: 348.275 Thread 0x00007f4600137a20 redefined class name=com.coveninja.cove.ui.pages.explore.ExplorePageKt$ExplorePage$2$1, count=1
Event: 348.275 Thread 0x00007f4600137a20 redefined class name=com.coveninja.cove.ui.pages.explore.ExplorePageKt$ExplorePage$1$1, count=1
Event: 363.400 Thread 0x00007f4600137a20 redefined class name=com.coveninja.cove.ui.pages.explore.ExploreSpotlightKt, count=1
Event: 363.400 Thread 0x00007f4600137a20 redefined class name=com.coveninja.cove.ui.pages.explore.ExploreSpotlightKt$ExploreSpotlight$5$1, count=1
Event: 363.400 Thread 0x00007f4600137a20 redefined class name=com.coveninja.cove.ui.pages.explore.ExploreSpotlightKt$ExploreSpotlight$4$1, count=1
Event: 363.400 Thread 0x00007f4600137a20 redefined class name=com.coveninja.cove.ui.pages.explore.ExploreSpotlightKt$ExploreSpotlight$3$1, count=1
Event: 378.100 Thread 0x00007f4600137a20 redefined class name=com.coveninja.cove.ui.pages.explore.ExploreSpotlightKt, count=2
Event: 378.100 Thread 0x00007f4600137a20 redefined class name=com.coveninja.cove.ui.pages.explore.ExploreSpotlightKt$ExploreSpotlight$3$1, count=2
Event: 378.100 Thread 0x00007f4600137a20 redefined class name=com.coveninja.cove.ui.pages.explore.ExploreSpotlightKt$ExploreSpotlight$4$1, count=2
Event: 378.100 Thread 0x00007f4600137a20 redefined class name=com.coveninja.cove.ui.pages.explore.ExploreSpotlightKt$ExploreSpotlight$5$1, count=2

Internal exceptions (20 events):
Event: 859.649 Thread 0x00005643b0197df0 Exception <a 'sun/nio/fs/UnixException'{0x0000000615b64be0}> (0x0000000615b64be0) 
thrown [src/hotspot/share/prims/jni.cpp, line 537]
Event: 859.657 Thread 0x00007f45d00aff70 Exception <a 'sun/nio/fs/UnixException'{0x00000006154af0b0}> (0x00000006154af0b0) 
thrown [src/hotspot/share/prims/jni.cpp, line 537]
Event: 859.657 Thread 0x00007f45d00aff70 Exception <a 'sun/nio/fs/UnixException'{0x00000006154b0768}> (0x00000006154b0768) 
thrown [src/hotspot/share/prims/jni.cpp, line 537]
Event: 884.067 Thread 0x00007f456c1a0100 Exception <a 'sun/nio/fs/UnixException'{0x000000061b84d1d0}> (0x000000061b84d1d0) 
thrown [src/hotspot/share/prims/jni.cpp, line 537]
Event: 884.067 Thread 0x00007f4576287f30 Exception <a 'sun/nio/fs/UnixException'{0x0000000619f25110}> (0x0000000619f25110) 
thrown [src/hotspot/share/prims/jni.cpp, line 537]
Event: 884.072 Thread 0x00007f4601b83430 Exception <a 'sun/nio/fs/UnixException'{0x0000000619fe9e08}> (0x0000000619fe9e08) 
thrown [src/hotspot/share/prims/jni.cpp, line 537]
Event: 884.072 Thread 0x00007f4544246c30 Exception <a 'sun/nio/fs/UnixException'{0x0000000619843268}> (0x0000000619843268) 
thrown [src/hotspot/share/prims/jni.cpp, line 537]
Event: 884.072 Thread 0x00007f4601b83430 Exception <a 'sun/nio/fs/UnixException'{0x0000000619feb280}> (0x0000000619feb280) 
thrown [src/hotspot/share/prims/jni.cpp, line 537]
Event: 884.072 Thread 0x00007f4544246c30 Exception <a 'sun/nio/fs/UnixException'{0x00000006198446e0}> (0x00000006198446e0) 
thrown [src/hotspot/share/prims/jni.cpp, line 537]
Event: 974.993 Thread 0x00007f45e00eb600 Exception <a 'sun/nio/fs/UnixException'{0x000000062e4b4578}> (0x000000062e4b4578) 
thrown [src/hotspot/share/prims/jni.cpp, line 537]
Event: 974.999 Thread 0x00007f456c0bd170 Exception <a 'sun/nio/fs/UnixException'{0x000000062e52a2a0}> (0x000000062e52a2a0) 
thrown [src/hotspot/share/prims/jni.cpp, line 537]
Event: 974.999 Thread 0x00007f456c0bd170 Exception <a 'sun/nio/fs/UnixException'{0x000000062e52b778}> (0x000000062e52b778) 
thrown [src/hotspot/share/prims/jni.cpp, line 537]
Event: 975.059 Thread 0x00007f457625f3d0 Exception <a 'sun/nio/fs/UnixException'{0x000000062b9462b0}> (0x000000062b9462b0) 
thrown [src/hotspot/share/prims/jni.cpp, line 537]
Event: 975.062 Thread 0x00007f456c1a0100 Exception <a 'sun/nio/fs/UnixException'{0x000000062b974e20}> (0x000000062b974e20) 
thrown [src/hotspot/share/prims/jni.cpp, line 537]
Event: 975.062 Thread 0x00007f456c1a0100 Exception <a 'sun/nio/fs/UnixException'{0x000000062b976700}> (0x000000062b976700) 
thrown [src/hotspot/share/prims/jni.cpp, line 537]
Event: 975.077 Thread 0x00007f45cc075d90 Exception <a 'sun/nio/fs/UnixException'{0x000000062bb7c568}> (0x000000062bb7c568) 
thrown [src/hotspot/share/prims/jni.cpp, line 537]
Event: 975.079 Thread 0x00007f44df2a49c0 Exception <a 'sun/nio/fs/UnixException'{0x000000062bae21b8}> (0x000000062bae21b8) 
thrown [src/hotspot/share/prims/jni.cpp, line 537]
Event: 975.079 Thread 0x00007f44df2a49c0 Exception <a 'sun/nio/fs/UnixException'{0x000000062bae3690}> (0x000000062bae3690) 
thrown [src/hotspot/share/prims/jni.cpp, line 537]
Event: 975.999 Thread 0x00007f45470f25f0 Exception <a 'sun/nio/fs/UnixException'{0x0000000636aa2310}> (0x0000000636aa2310) 
thrown [src/hotspot/share/prims/jni.cpp, line 537]
Event: 976.000 Thread 0x00007f45470f25f0 Exception <a 'sun/nio/fs/UnixException'{0x0000000636aa39e8}> (0x0000000636aa39e8) 
thrown [src/hotspot/share/prims/jni.cpp, line 537]

ZGC Phase Switch (0 events):
No events

VM Operations (20 events):
Event: 1069.013 Executing safepoint VM operation: G1TryInitiateConcMark (G1 Humongous Allocation)
Event: 1069.015 Executing safepoint VM operation: G1TryInitiateConcMark (G1 Humongous Allocation) done
Event: 1069.373 Executing safepoint VM operation: G1TryInitiateConcMark (G1 Humongous Allocation)
Event: 1069.375 Executing safepoint VM operation: G1TryInitiateConcMark (G1 Humongous Allocation) done
Event: 1069.665 Executing safepoint VM operation: G1TryInitiateConcMark (G1 Humongous Allocation)
Event: 1069.667 Executing safepoint VM operation: G1TryInitiateConcMark (G1 Humongous Allocation) done
Event: 1069.957 Executing safepoint VM operation: G1TryInitiateConcMark (G1 Humongous Allocation)
Event: 1069.959 Executing safepoint VM operation: G1TryInitiateConcMark (G1 Humongous Allocation) done
Event: 1070.291 Executing safepoint VM operation: G1TryInitiateConcMark (G1 Humongous Allocation)
Event: 1070.293 Executing safepoint VM operation: G1TryInitiateConcMark (G1 Humongous Allocation) done
Event: 1070.624 Executing safepoint VM operation: G1TryInitiateConcMark (G1 Humongous Allocation)
Event: 1070.626 Executing safepoint VM operation: G1TryInitiateConcMark (G1 Humongous Allocation) done
Event: 1070.910 Executing safepoint VM operation: G1TryInitiateConcMark (G1 Humongous Allocation)
Event: 1070.912 Executing safepoint VM operation: G1TryInitiateConcMark (G1 Humongous Allocation) done
Event: 1071.250 Executing safepoint VM operation: G1TryInitiateConcMark (G1 Humongous Allocation)
Event: 1071.252 Executing safepoint VM operation: G1TryInitiateConcMark (G1 Humongous Allocation) done
Event: 1071.554 Executing safepoint VM operation: G1TryInitiateConcMark (G1 Humongous Allocation)
Event: 1071.556 Executing safepoint VM operation: G1TryInitiateConcMark (G1 Humongous Allocation) done
Event: 1071.945 Executing safepoint VM operation: G1TryInitiateConcMark (G1 Humongous Allocation)
Event: 1071.950 Executing safepoint VM operation: G1TryInitiateConcMark (G1 Humongous Allocation) done

Memory protections (20 events):
Event: 1071.166 Protecting memory [0x00007f452fe0b000,0x00007f452fe0f000] with protection modes 0
Event: 1071.208 Protecting memory [0x00007f452fe0b000,0x00007f452fe0f000] with protection modes 0
Event: 1071.250 Protecting memory [0x00007f452fe0b000,0x00007f452fe0f000] with protection modes 0
Event: 1071.292 Protecting memory [0x00007f452fe0b000,0x00007f452fe0f000] with protection modes 0
Event: 1071.333 Protecting memory [0x00007f452fe0b000,0x00007f452fe0f000] with protection modes 0
Event: 1071.375 Protecting memory [0x00007f452fe0b000,0x00007f452fe0f000] with protection modes 0
Event: 1071.417 Protecting memory [0x00007f452fe0b000,0x00007f452fe0f000] with protection modes 0
Event: 1071.458 Protecting memory [0x00007f452fe0b000,0x00007f452fe0f000] with protection modes 0
Event: 1071.500 Protecting memory [0x00007f452fe0b000,0x00007f452fe0f000] with protection modes 0
Event: 1071.542 Protecting memory [0x00007f452fe0b000,0x00007f452fe0f000] with protection modes 0
Event: 1071.584 Protecting memory [0x00007f452fe0b000,0x00007f452fe0f000] with protection modes 0
Event: 1071.625 Protecting memory [0x00007f452fe0b000,0x00007f452fe0f000] with protection modes 0
Event: 1071.667 Protecting memory [0x00007f452fe0b000,0x00007f452fe0f000] with protection modes 0
Event: 1071.709 Protecting memory [0x00007f452fe0b000,0x00007f452fe0f000] with protection modes 0
Event: 1071.750 Protecting memory [0x00007f452fe0b000,0x00007f452fe0f000] with protection modes 0
Event: 1071.793 Protecting memory [0x00007f452fe0b000,0x00007f452fe0f000] with protection modes 0
Event: 1071.834 Protecting memory [0x00007f452fe0b000,0x00007f452fe0f000] with protection modes 0
Event: 1071.882 Protecting memory [0x00007f452fe0b000,0x00007f452fe0f000] with protection modes 0
Event: 1071.927 Protecting memory [0x00007f452fe0b000,0x00007f452fe0f000] with protection modes 0
Event: 1071.962 Protecting memory [0x00007f452fe0b000,0x00007f452fe0f000] with protection modes 0

Nmethod flushes (20 events):
Event: 1024.538 Thread 0x00007f4600137a20 flushing  nmethod 0x00007f45eef29110
Event: 1024.538 Thread 0x00007f4600137a20 flushing  nmethod 0x00007f45ef22de90
Event: 1024.538 Thread 0x00007f4600137a20 flushing  nmethod 0x00007f45ece2c290
Event: 1024.538 Thread 0x00007f4600137a20 flushing  nmethod 0x00007f45ed10e710
Event: 1024.538 Thread 0x00007f4600137a20 flushing  nmethod 0x00007f45ed424910
Event: 1024.538 Thread 0x00007f4600137a20 flushing  nmethod 0x00007f45ede00010
Event: 1024.538 Thread 0x00007f4600137a20 flushing  nmethod 0x00007f45eedb9e10
Event: 1024.538 Thread 0x00007f4600137a20 flushing  nmethod 0x00007f45ecaf3690
Event: 1024.538 Thread 0x00007f4600137a20 flushing  nmethod 0x00007f45ed829e90
Event: 1024.538 Thread 0x00007f4600137a20 flushing  nmethod 0x00007f45ed832390
Event: 1024.538 Thread 0x00007f4600137a20 flushing  nmethod 0x00007f45ecad7a10
Event: 1024.538 Thread 0x00007f4600137a20 flushing  nmethod 0x00007f45ecc58f10
Event: 1024.538 Thread 0x00007f4600137a20 flushing  nmethod 0x00007f45ed69e310
Event: 1024.538 Thread 0x00007f4600137a20 flushing  nmethod 0x00007f45edb30690
Event: 1024.538 Thread 0x00007f4600137a20 flushing  nmethod 0x00007f45eefad910
Event: 1024.538 Thread 0x00007f4600137a20 flushing  nmethod 0x00007f45ed320290
Event: 1024.538 Thread 0x00007f4600137a20 flushing  nmethod 0x00007f45ed324c90
Event: 1024.538 Thread 0x00007f4600137a20 flushing  nmethod 0x00007f45ed8b9d90
Event: 1024.538 Thread 0x00007f4600137a20 flushing  nmethod 0x00007f45ed8ee890
Event: 1024.538 Thread 0x00007f4600137a20 flushing  nmethod 0x00007f45edae8690

Events (20 events):
Event: 1071.584 Thread 0x00007f46016b2bf0 Thread added: 0x00007f46016b2bf0
Event: 1071.584 Thread 0x00007f46016b2bf0 Thread exited: 0x00007f46016b2bf0
Event: 1071.625 Thread 0x00007f46016b2bf0 Thread added: 0x00007f46016b2bf0
Event: 1071.625 Thread 0x00007f46016b2bf0 Thread exited: 0x00007f46016b2bf0
Event: 1071.667 Thread 0x00007f46016b2bf0 Thread added: 0x00007f46016b2bf0
Event: 1071.667 Thread 0x00007f46016b2bf0 Thread exited: 0x00007f46016b2bf0
Event: 1071.709 Thread 0x00007f46016b2bf0 Thread added: 0x00007f46016b2bf0
Event: 1071.710 Thread 0x00007f46016b2bf0 Thread exited: 0x00007f46016b2bf0
Event: 1071.751 Thread 0x00007f46016b2bf0 Thread added: 0x00007f46016b2bf0
Event: 1071.751 Thread 0x00007f46016b2bf0 Thread exited: 0x00007f46016b2bf0
Event: 1071.793 Thread 0x00007f46016b3260 Thread added: 0x00007f46016b3260
Event: 1071.793 Thread 0x00007f46016b3260 Thread exited: 0x00007f46016b3260
Event: 1071.835 Thread 0x00007f46016b3260 Thread added: 0x00007f46016b3260
Event: 1071.835 Thread 0x00007f46016b3260 Thread exited: 0x00007f46016b3260
Event: 1071.882 Thread 0x00007f4601cfdf60 Thread added: 0x00007f4601cfdf60
Event: 1071.882 Thread 0x00007f4601cfdf60 Thread exited: 0x00007f4601cfdf60
Event: 1071.927 Thread 0x00007f4601cfdf60 Thread added: 0x00007f4601cfdf60
Event: 1071.927 Thread 0x00007f4601cfdf60 Thread exited: 0x00007f4601cfdf60
Event: 1071.962 Thread 0x00007f46016b3260 Thread added: 0x00007f46016b3260
Event: 1071.962 Thread 0x00007f46016b3260 Thread exited: 0x00007f46016b3260


Dynamic libraries:
60bc00000-647800000 rw-p 00000000 00:00 0 
647800000-7ffc00000 ---p 00000000 00:00 0 
7ffc00000-800000000 rw-p 00000000 00:00 0 
5643a3816000-5643a3817000 r--p 00000000 103:02 28594300                  /home/arcady/.gradle/jdks/jetbrains_s_r_o_-21-amd64-linux.2/bin/java
5643a3817000-5643a3818000 r-xp 00001000 103:02 28594300                  /home/arcady/.gradle/jdks/jetbrains_s_r_o_-21-amd64-linux.2/bin/java
5643a3818000-5643a3819000 r--p 00002000 103:02 28594300                  /home/arcady/.gradle/jdks/jetbrains_s_r_o_-21-amd64-linux.2/bin/java
5643a3819000-5643a381a000 r--p 00002000 103:02 28594300                  /home/arcady/.gradle/jdks/jetbrains_s_r_o_-21-amd64-linux.2/bin/java
5643a381a000-5643a381b000 rw-p 00003000 103:02 28594300                  /home/arcady/.gradle/jdks/jetbrains_s_r_o_-21-amd64-linux.2/bin/java
5643afada000-5643b3097000 rw-p 00000000 00:00 0                          [heap]
7f44cc000000-7f44ce024000 rw-p 00000000 00:00 0 
7f44ce024000-7f44d0000000 ---p 00000000 00:00 0 
7f44d4000000-7f44d7d24000 rw-p 00000000 00:00 0 
7f44d7d24000-7f44d8000000 ---p 00000000 00:00 0 
7f44d8000000-7f44dbc32000 rw-p 00000000 00:00 0 
7f44dbc32000-7f44dc000000 ---p 00000000 00:00 0 
7f44dc000000-7f44dffc6000 rw-p 00000000 00:00 0 
7f44dffc6000-7f44e0000000 ---p 00000000 00:00 0 
7f44e4000000-7f44e7f6a000 rw-p 00000000 00:00 0 
7f44e7f6a000-7f44e8000000 ---p 00000000 00:00 0 
7f44ec000000-7f44ed257000 rw-p 00000000 00:00 0 
7f44ed257000-7f44f0000000 ---p 00000000 00:00 0 
7f44f4000000-7f44f7ffd000 rw-p 00000000 00:00 0 
7f44f7ffd000-7f44f8000000 ---p 00000000 00:00 0 
7f4500000000-7f4503ffe000 rw-p 00000000 00:00 0 
7f4503ffe000-7f4504000000 ---p 00000000 00:00 0 
7f4508000000-7f450fd2e000 rw-p 00000000 00:00 0 
7f450fd2e000-7f4510000000 ---p 00000000 00:00 0 
7f4518000000-7f45194b4000 rw-p 00000000 00:00 0 
7f45194b4000-7f451c000000 ---p 00000000 00:00 0 
7f4520000000-7f4523fd5000 rw-p 00000000 00:00 0 
7f4523fd5000-7f4524000000 ---p 00000000 00:00 0 
7f4524743000-7f45251c5000 rw-s 1ce014000 00:07 525                       /dev/dri/renderD128
7f4525bf0000-7f45263f1000 rw-p 00000000 00:00 0 
7f4526cd5000-7f45274d6000 rw-p 00000000 00:00 0 
7f45283f5000-7f452a3f9000 rw-p 00000000 00:00 0 
7f452a3f9000-7f452a5f9000 rw-s 1636b7000 00:07 525                       /dev/dri/renderD128
7f452a5f9000-7f452a7f9000 rw-s 149f79000 00:07 525                       /dev/dri/renderD128
7f452a7f9000-7f452e000000 rw-p 00000000 00:00 0 
7f452e000000-7f452e201000 rw-s 00000000 103:02 26476877                  /home/arcady/.cache/radv_builtin_shaders/index
7f452e3ff000-7f452ec00000 rw-p 00000000 00:00 0 
7f452ec00000-7f452ec10000 r--p 00000000 103:02 9252815                   /usr/lib/libvulkan_radeon.so
7f452ec10000-7f452f2da000 r-xp 00010000 103:02 9252815                   /usr/lib/libvulkan_radeon.so
7f452f2da000-7f452fd2e000 r--p 006da000 103:02 9252815                   /usr/lib/libvulkan_radeon.so
7f452fd2e000-7f452fd7f000 r--p 0112d000 103:02 9252815                   /usr/lib/libvulkan_radeon.so
7f452fd7f000-7f452fd9b000 rw-p 0117e000 103:02 9252815                   /usr/lib/libvulkan_radeon.so
7f452fd9b000-7f452fda1000 rw-p 00000000 00:00 0 
7f452fe0a000-7f452fe0b000 rw-p 00000000 00:00 0 
7f452fe0b000-7f452fe0f000 ---p 00000000 00:00 0 
7f452fe0f000-7f4530e0c000 rw-p 00000000 00:00 0 
7f4530e0c000-7f4530e0e000 r--p 00000000 103:02 9193392                   /usr/lib/pkcs11/p11-kit-trust.so
7f4530e0e000-7f4530e30000 r-xp 00002000 103:02 9193392                   /usr/lib/pkcs11/p11-kit-trust.so
7f4530e30000-7f4530e40000 r--p 00024000 103:02 9193392                   /usr/lib/pkcs11/p11-kit-trust.so
7f4530e40000-7f4530e51000 r--p 00033000 103:02 9193392                   /usr/lib/pkcs11/p11-kit-trust.so
7f4530e51000-7f4530e52000 rw-p 00044000 103:02 9193392                   /usr/lib/pkcs11/p11-kit-trust.so
7f4530f17000-7f4531117000 rw-s 12aa3d000 00:07 525                       /dev/dri/renderD128
7f4531117000-7f4531119000 r--p 00000000 103:02 9723241                   /usr/lib/spa-0.2/audioconvert/libspa-audioconvert.so
7f4531119000-7f4531182000 r-xp 00002000 103:02 9723241                   /usr/lib/spa-0.2/audioconvert/libspa-audioconvert.so
7f4531182000-7f45311ef000 r--p 0006b000 103:02 9723241                   /usr/lib/spa-0.2/audioconvert/libspa-audioconvert.so
7f45311ef000-7f45311fd000 r--p 000d8000 103:02 9723241                   /usr/lib/spa-0.2/audioconvert/libspa-audioconvert.so
7f45311fd000-7f4531200000 rw-p 000e6000 103:02 9723241                   /usr/lib/spa-0.2/audioconvert/libspa-audioconvert.so
7f4531200000-7f4531401000 rw-s 00000000 103:02 26345691                  /home/arcady/.cache/mesa_shader_cache/index
7f4531453000-7f453145c000 rw-s 00008000 00:01 65316                      /memfd:pipewire-memfd:flags=0x0000000f,type=2,size=65664 (deleted)
7f453145c000-7f4531470000 rw-s 120759000 00:07 525                       /dev/dri/renderD128
7f4531470000-7f4531484000 rw-s 120745000 00:07 525                       /dev/dri/renderD128
7f4531484000-7f4531498000 rw-s 17d88f000 00:07 525                       /dev/dri/renderD128
7f4531498000-7f45314ac000 rw-s 17d87b000 00:07 525                       /dev/dri/renderD128
7f45314ac000-7f45314c0000 rw-s 18d5a2000 00:07 525                       /dev/dri/renderD128
7f45314c0000-7f45314d4000 rw-s 18d58e000 00:07 525                       /dev/dri/renderD128
7f45314d4000-7f4531cd5000 rw-p 00000000 00:00 0 
7f4531cd9000-7f4531ce2000 rw-s 00000000 00:01 65316                      /memfd:pipewire-memfd:flags=0x0000000f,type=2,size=65664 (deleted)
7f4531ce2000-7f4531cf6000 rw-s 10eb04000 00:07 525                       /dev/dri/renderD128
7f4531cf6000-7f4536500000 rw-p 00000000 00:00 0 
7f4536500000-7f4536504000 ---p 00000000 00:00 0 
7f4536504000-7f4536600000 rw-p 00000000 00:00 0 
7f4536600000-7f4536616000 r--p 00000000 103:02 9226024                   /usr/lib/libSDL3.so.0.4.14
7f4536616000-7f45369aa000 r-xp 00016000 103:02 9226024                   /usr/lib/libSDL3.so.0.4.14
7f45369aa000-7f4536a60000 r--p 003aa000 103:02 9226024                   /usr/lib/libSDL3.so.0.4.14
7f4536a60000-7f4536a6d000 r--p 00460000 103:02 9226024                   /usr/lib/libSDL3.so.0.4.14
7f4536a6d000-7f4536a79000 rw-p 0046d000 103:02 9226024                   /usr/lib/libSDL3.so.0.4.14
7f4536a79000-7f4536a80000 rw-p 00000000 00:00 0 
7f4536a84000-7f4536a98000 rw-s 10eaf0000 00:07 525                       /dev/dri/renderD128
7f4536a98000-7f4536aac000 rw-s 14ff3c000 00:07 525                       /dev/dri/renderD128
7f4536aac000-7f4536ac0000 rw-s 116823000 00:07 525                       /dev/dri/renderD128
7f4536ac0000-7f4536ac3000 r--p 00000000 103:02 9730838                   /usr/lib/pipewire-0.3/libpipewire-module-protocol-native.so
7f4536ac3000-7f4536ae5000 r-xp 00003000 103:02 9730838                   /usr/lib/pipewire-0.3/libpipewire-module-protocol-native.so
7f4536ae5000-7f4536af1000 r--p 00025000 103:02 9730838                   /usr/lib/pipewire-0.3/libpipewire-module-protocol-native.so
7f4536af1000-7f4536afc000 r--p 00030000 103:02 9730838                   /usr/lib/pipewire-0.3/libpipewire-module-protocol-native.so
7f4536afc000-7f4536afd000 rw-p 0003b000 103:02 9730838                   /usr/lib/pipewire-0.3/libpipewire-module-protocol-native.so
7f4536afd000-7f4536b0e000 r--p 00000000 103:02 9190176                   /usr/lib/libkrb5.so.3.3
7f4536b0e000-7f4536bb0000 r-xp 00011000 103:02 9190176                   /usr/lib/libkrb5.so.3.3
7f4536bb0000-7f4536bf0000 r--p 000b3000 103:02 9190176                   /usr/lib/libkrb5.so.3.3
7f4536bf0000-7f4536bfe000 r--p 000f2000 103:02 9190176                   /usr/lib/libkrb5.so.3.3
7f4536bfe000-7f4536c00000 rw-p 00100000 103:02 9190176                   /usr/lib/libkrb5.so.3.3
7f4536c00000-7f4536caf000 r--p 00000000 103:02 9220232                   /usr/lib/libglycin-2.so.0
7f4536caf000-7f4536ffd000 r-xp 000ae000 103:02 9220232                   /usr/lib/libglycin-2.so.0
7f4536ffd000-7f4537018000 r--p 003fb000 103:02 9220232                   /usr/lib/libglycin-2.so.0
7f4537018000-7f453701b000 rw-p 00415000 103:02 9220232                   /usr/lib/libglycin-2.so.0
7f453701b000-7f453701c000 rw-p 00000000 00:00 0 
7f453701d000-7f453701f000 r--p 00000000 103:02 9192480                   /usr/lib/libseccomp.so.2.6.0
7f453701f000-7f4537035000 r-xp 00002000 103:02 9192480                   /usr/lib/libseccomp.so.2.6.0
7f4537035000-7f453704e000 r--p 00018000 103:02 9192480                   /usr/lib/libseccomp.so.2.6.0
7f453704e000-7f453704f000 r--p 00031000 103:02 9192480                   /usr/lib/libseccomp.so.2.6.0
7f453704f000-7f4537050000 rw-p 00032000 103:02 9192480                   /usr/lib/libseccomp.so.2.6.0
7f4537050000-7f4537053000 r--p 00000000 103:02 9190154                   /usr/lib/libk5crypto.so.3.1
7f4537053000-7f4537076000 r-xp 00003000 103:02 9190154                   /usr/lib/libk5crypto.so.3.1
7f4537076000-7f4537082000 r--p 00026000 103:02 9190154                   /usr/lib/libk5crypto.so.3.1
7f4537082000-7f4537084000 r--p 00031000 103:02 9190154                   /usr/lib/libk5crypto.so.3.1
7f4537084000-7f4537085000 rw-p 00033000 103:02 9190154                   /usr/lib/libk5crypto.so.3.1
7f4537085000-7f453708e000 r--p 00000000 103:02 9226087                   /usr/lib/libFLAC.so.14.0.0
7f453708e000-7f45370e7000 r-xp 00009000 103:02 9226087                   /usr/lib/libFLAC.so.14.0.0
7f45370e7000-7f45370f0000 r--p 00062000 103:02 9226087                   /usr/lib/libFLAC.so.14.0.0
7f45370f0000-7f45370f1000 r--p 0006b000 103:02 9226087                   /usr/lib/libFLAC.so.14.0.0
7f45370f1000-7f45370f2000 rw-p 0006c000 103:02 9226087                   /usr/lib/libFLAC.so.14.0.0
7f45370f2000-7f4537106000 r--p 00000000 103:02 9183158                   /usr/lib/libssl.so.3
7f4537106000-7f45371d2000 r-xp 00014000 103:02 9183158                   /usr/lib/libssl.so.3
7f45371d2000-7f45371fa000 r--p 000e0000 103:02 9183158                   /usr/lib/libssl.so.3
7f45371fa000-7f4537204000 r--p 00107000 103:02 9183158                   /usr/lib/libssl.so.3
7f4537204000-7f4537208000 rw-p 00111000 103:02 9183158                   /usr/lib/libssl.so.3
7f4537208000-7f4537217000 r--p 00000000 103:02 9193530                   /usr/lib/libunistring.so.5.2.1
7f4537217000-7f453726b000 r-xp 0000f000 103:02 9193530                   /usr/lib/libunistring.so.5.2.1
7f453726b000-7f45373fb000 r--p 00063000 103:02 9193530                   /usr/lib/libunistring.so.5.2.1
7f45373fb000-7f45373ff000 r--p 001f3000 103:02 9193530                   /usr/lib/libunistring.so.5.2.1
7f45373ff000-7f4537400000 rw-p 001f7000 103:02 9193530                   /usr/lib/libunistring.so.5.2.1
7f4537400000-7f4537407000 r--p 00000000 103:02 9193386                   /usr/lib/libp11-kit.so.0.4.10
7f4537407000-7f453757a000 r-xp 00007000 103:02 9193386                   /usr/lib/libp11-kit.so.0.4.10
7f453757a000-7f453761e000 r--p 0017a000 103:02 9193386                   /usr/lib/libp11-kit.so.0.4.10
7f453761e000-7f453762e000 r--p 0021e000 103:02 9193386                   /usr/lib/libp11-kit.so.0.4.10
7f453762e000-7f453763d000 rw-p 0022e000 103:02 9193386                   /usr/lib/libp11-kit.so.0.4.10
7f453763e000-7f4537652000 rw-s 16d7c2000 00:07 525                       /dev/dri/renderD128
7f4537652000-7f4537666000 rw-s 163cb9000 00:07 525                       /dev/dri/renderD128
7f4537666000-7f453766f000 r--p 00000000 103:02 9190147                   /usr/lib/libgssapi_krb5.so.2.2
7f453766f000-7f45376bc000 r-xp 00009000 103:02 9190147                   /usr/lib/libgssapi_krb5.so.2.2
7f45376bc000-7f45376ca000 r--p 00056000 103:02 9190147                   /usr/lib/libgssapi_krb5.so.2.2
7f45376ca000-7f45376cc000 r--p 00064000 103:02 9190147                   /usr/lib/libgssapi_krb5.so.2.2
7f45376cc000-7f45376cd000 rw-p 00066000 103:02 9190147                   /usr/lib/libgssapi_krb5.so.2.2
7f45376cd000-7f45376d1000 r--p 00000000 103:02 9195162                   /usr/lib/libngtcp2.so.16.11.0
7f45376d1000-7f453772d000 r-xp 00004000 103:02 9195162                   /usr/lib/libngtcp2.so.16.11.0
7f453772d000-7f453773c000 r--p 00060000 103:02 9195162                   /usr/lib/libngtcp2.so.16.11.0
7f453773c000-7f453773d000 r--p 0006e000 103:02 9195162                   /usr/lib/libngtcp2.so.16.11.0
7f453773d000-7f453773e000 rw-p 0006f000 103:02 9195162                   /usr/lib/libngtcp2.so.16.11.0
7f453773e000-7f4537743000 r--p 00000000 103:02 9226126                   /usr/lib/libsndfile.so.1.0.37
7f4537743000-7f45377de000 r-xp 00005000 103:02 9226126                   /usr/lib/libsndfile.so.1.0.37
7f45377de000-7f45377fa000 r--p 000a0000 103:02 9226126                   /usr/lib/libsndfile.so.1.0.37
7f45377fa000-7f45377fd000 r--p 000bc000 103:02 9226126                   /usr/lib/libsndfile.so.1.0.37
7f45377fd000-7f45377fe000 rw-p 000bf000 103:02 9226126                   /usr/lib/libsndfile.so.1.0.37
7f45377fe000-7f4537800000 rw-p 00000000 00:00 0 
7f4537800000-7f453781a000 r--p 00000000 103:02 9193839                   /usr/lib/libleancrypto.so.1
7f453781a000-7f45379fd000 r-xp 0001a000 103:02 9193839                   /usr/lib/libleancrypto.so.1
7f45379fd000-7f4537b24000 r--p 001fd000 103:02 9193839                   /usr/lib/libleancrypto.so.1
7f4537b24000-7f4537b2a000 r--p 00324000 103:02 9193839                   /usr/lib/libleancrypto.so.1
7f4537b2a000-7f4537b2c000 rw-p 0032a000 103:02 9193839                   /usr/lib/libleancrypto.so.1
7f4537b2e000-7f4537b30000 r--p 00000000 103:02 9730841                   /usr/lib/pipewire-0.3/libpipewire-module-session-manager.so
7f4537b30000-7f4537b52000 r-xp 00002000 103:02 9730841                   /usr/lib/pipewire-0.3/libpipewire-module-session-manager.so
7f4537b52000-7f4537b58000 r--p 00024000 103:02 9730841                   /usr/lib/pipewire-0.3/libpipewire-module-session-manager.so
7f4537b58000-7f4537b5a000 r--p 00029000 103:02 9730841                   /usr/lib/pipewire-0.3/libpipewire-module-session-manager.so
7f4537b5a000-7f4537b5b000 rw-p 0002b000 103:02 9730841                   /usr/lib/pipewire-0.3/libpipewire-module-session-manager.so
7f4537b5b000-7f4537b5d000 r--p 00000000 103:02 9226871                   /usr/lib/libv4lconvert.so.0.0.0
7f4537b5d000-7f4537ba0000 r-xp 00002000 103:02 9226871                   /usr/lib/libv4lconvert.so.0.0.0
7f4537ba0000-7f4537bab000 r--p 00045000 103:02 9226871                   /usr/lib/libv4lconvert.so.0.0.0
7f4537bab000-7f4537bad000 r--p 0004f000 103:02 9226871                   /usr/lib/libv4lconvert.so.0.0.0
7f4537bad000-7f4537bae000 rw-p 00051000 103:02 9226871                   /usr/lib/libv4lconvert.so.0.0.0
7f4537bae000-7f4537c00000 rw-p 00000000 00:00 0 
7f4537c00000-7f4537c49000 r--p 00000000 103:02 9217900                   /usr/lib/libSPIRV-Tools-opt.so
7f4537c49000-7f4537e20000 r-xp 00049000 103:02 9217900                   /usr/lib/libSPIRV-Tools-opt.so
7f4537e20000-7f4537e7a000 r--p 00220000 103:02 9217900                   /usr/lib/libSPIRV-Tools-opt.so
7f4537e7a000-7f4537e8a000 r--p 0027a000 103:02 9217900                   /usr/lib/libSPIRV-Tools-opt.so
7f4537e8a000-7f4537e8b000 rw-p 0028a000 103:02 9217900                   /usr/lib/libSPIRV-Tools-opt.so
7f4537e92000-7f4537e98000 r--p 00000000 103:02 9195208                   /usr/lib/libssh2.so.1.0.1
7f4537e98000-7f4537edc000 r-xp 00006000 103:02 9195208                   /usr/lib/libssh2.so.1.0.1
7f4537edc000-7f4537eea000 r--p 0004a000 103:02 9195208                   /usr/lib/libssh2.so.1.0.1
7f4537eea000-7f4537eec000 r--p 00058000 103:02 9195208                   /usr/lib/libssh2.so.1.0.1
7f4537eec000-7f4537eed000 rw-p 0005a000 103:02 9195208                   /usr/lib/libssh2.so.1.0.1
7f4537eed000-7f4537efb000 r--p 00000000 103:02 9193729                   /usr/lib/libnettle.so.9.0
7f4537efb000-7f4537f39000 r-xp 0000e000 103:02 9193729                   /usr/lib/libnettle.so.9.0
7f4537f39000-7f4537f52000 r--p 0004c000 103:02 9193729                   /usr/lib/libnettle.so.9.0
7f4537f52000-7f4537f55000 r--p 00064000 103:02 9193729                   /usr/lib/libnettle.so.9.0
7f4537f55000-7f4537f56000 rw-p 00067000 103:02 9193729                   /usr/lib/libnettle.so.9.0
7f4537f56000-7f4537f5e000 r--p 00000000 103:02 9193725                   /usr/lib/libhogweed.so.7.0
7f4537f5e000-7f4537f75000 r-xp 00008000 103:02 9193725                   /usr/lib/libhogweed.so.7.0
7f4537f75000-7f4537f9f000 r--p 0001f000 103:02 9193725                   /usr/lib/libhogweed.so.7.0
7f4537f9f000-7f4537fa1000 r--p 00048000 103:02 9193725                   /usr/lib/libhogweed.so.7.0
7f4537fa1000-7f4537fa2000 rw-p 0004a000 103:02 9193725                   /usr/lib/libhogweed.so.7.0
7f4537fa2000-7f4537fa6000 r--p 00000000 103:02 9222872                   /usr/lib/libpgm-5.3.so.0.0.128
7f4537fa6000-7f4537fd4000 r-xp 00004000 103:02 9222872                   /usr/lib/libpgm-5.3.so.0.0.128
7f4537fd4000-7f4537fee000 r--p 00032000 103:02 9222872                   /usr/lib/libpgm-5.3.so.0.0.128
7f4537fee000-7f4537fef000 r--p 0004b000 103:02 9222872                   /usr/lib/libpgm-5.3.so.0.0.128
7f4537fef000-7f4537ff0000 rw-p 0004c000 103:02 9222872                   /usr/lib/libpgm-5.3.so.0.0.128
7f4537ff0000-7f4537ff4000 rw-p 00000000 00:00 0 
7f4537ff4000-7f4538003000 r--p 00000000 103:02 9222869                   /usr/lib/libsodium.so.26.4.0
7f4538003000-7f453807c000 r-xp 0000f000 103:02 9222869                   /usr/lib/libsodium.so.26.4.0
7f453807c000-7f4538090000 r--p 00088000 103:02 9222869                   /usr/lib/libsodium.so.26.4.0
7f4538090000-7f4538091000 r--p 0009b000 103:02 9222869                   /usr/lib/libsodium.so.26.4.0
7f4538091000-7f4538092000 rw-p 0009c000 103:02 9222869                   /usr/lib/libsodium.so.26.4.0
7f4538092000-7f453809d000 r--p 00000000 103:02 9241985                   /usr/lib/libgomp.so.1.0.0
7f453809d000-7f45380ed000 r-xp 0000b000 103:02 9241985                   /usr/lib/libgomp.so.1.0.0
7f45380ed000-7f45380fd000 r--p 0005b000 103:02 9241985                   /usr/lib/libgomp.so.1.0.0
7f45380fd000-7f45380fe000 r--p 0006b000 103:02 9241985                   /usr/lib/libgomp.so.1.0.0
7f45380fe000-7f45380ff000 rw-p 0006c000 103:02 9241985                   /usr/lib/libgomp.so.1.0.0
7f45380ff000-7f4538104000 r--p 00000000 103:02 9178142                   /usr/lib/libmvec.so.1
7f4538104000-7f4538127000 r-xp 00005000 103:02 9178142                   /usr/lib/libmvec.so.1
7f4538127000-7f45381fe000 r--p 00028000 103:02 9178142                   /usr/lib/libmvec.so.1
7f45381fe000-7f45381ff000 r--p 000ff000 103:02 9178142                   /usr/lib/libmvec.so.1
7f45381ff000-7f4538200000 rw-p 00100000 103:02 9178142                   /usr/lib/libmvec.so.1
7f4538200000-7f4538228000 r--p 00000000 103:02 9225975                   /usr/lib/libdb-6.2.so
7f4538228000-7f45383c2000 r-xp 00028000 103:02 9225975                   /usr/lib/libdb-6.2.so
7f45383c2000-7f453840c000 r--p 001c2000 103:02 9225975                   /usr/lib/libdb-6.2.so
7f453840c000-7f4538417000 r--p 0020b000 103:02 9225975                   /usr/lib/libdb-6.2.so
7f4538417000-7f4538418000 rw-p 00216000 103:02 9225975                   /usr/lib/libdb-6.2.so
7f4538418000-7f453841a000 r--p 00000000 103:02 9730835                   /usr/lib/pipewire-0.3/libpipewire-module-metadata.so
7f453841a000-7f4538425000 r-xp 00002000 103:02 9730835                   /usr/lib/pipewire-0.3/libpipewire-module-metadata.so
7f4538425000-7f4538427000 r--p 0000d000 103:02 9730835                   /usr/lib/pipewire-0.3/libpipewire-module-metadata.so
7f4538427000-7f4538428000 r--p 0000e000 103:02 9730835                   /usr/lib/pipewire-0.3/libpipewire-module-metadata.so
7f4538428000-7f4538429000 rw-p 0000f000 103:02 9730835                   /usr/lib/pipewire-0.3/libpipewire-module-metadata.so
7f4538429000-7f453842c000 r--p 00000000 103:02 9178165                   /usr/lib/libresolv.so.2
7f453842c000-7f4538436000 r-xp 00003000 103:02 9178165                   /usr/lib/libresolv.so.2
7f4538436000-7f4538439000 r--p 0000d000 103:02 9178165                   /usr/lib/libresolv.so.2
7f4538439000-7f453843a000 r--p 00010000 103:02 9178165                   /usr/lib/libresolv.so.2
7f453843a000-7f453843b000 rw-p 00011000 103:02 9178165                   /usr/lib/libresolv.so.2
7f453843b000-7f453843d000 rw-p 00000000 00:00 0 
7f453843d000-7f4538441000 r--p 00000000 103:02 9226010                   /usr/lib/libmpg123.so.0.49.4
7f4538441000-7f4538491000 r-xp 00004000 103:02 9226010                   /usr/lib/libmpg123.so.0.49.4
7f4538491000-7f45384ac000 r--p 00054000 103:02 9226010                   /usr/lib/libmpg123.so.0.49.4
7f45384ac000-7f45384ad000 r--p 0006f000 103:02 9226010                   /usr/lib/libmpg123.so.0.49.4
7f45384ad000-7f45384ae000 rw-p 00070000 103:02 9226010                   /usr/lib/libmpg123.so.0.49.4
7f45384ae000-7f45384b3000 r--p 00000000 103:02 9217312                   /usr/lib/libpixman-1.so.0.46.4
7f45384b3000-7f45385e3000 r-xp 00005000 103:02 9217312                   /usr/lib/libpixman-1.so.0.46.4
7f45385e3000-7f45385f7000 r--p 00135000 103:02 9217312                   /usr/lib/libpixman-1.so.0.46.4
7f45385f7000-7f45385ff000 r--p 00148000 103:02 9217312                   /usr/lib/libpixman-1.so.0.46.4
7f45385ff000-7f4538600000 rw-p 00150000 103:02 9217312                   /usr/lib/libpixman-1.so.0.46.4
7f4538600000-7f4538619000 r--p 00000000 103:02 9226331                   /usr/lib/libfftw3.so.3.7.11
7f4538619000-7f45387cd000 r-xp 00019000 103:02 9226331                   /usr/lib/libfftw3.so.3.7.11
7f45387cd000-7f45387f4000 r--p 001cd000 103:02 9226331                   /usr/lib/libfftw3.so.3.7.11
7f45387f4000-7f4538805000 r--p 001f3000 103:02 9226331                   /usr/lib/libfftw3.so.3.7.11
7f4538805000-7f4538806000 rw-p 00204000 103:02 9226331                   /usr/lib/libfftw3.so.3.7.11
7f453880d000-7f4538810000 r--p 00000000 103:02 9190179                   /usr/lib/libkrb5support.so.0.1
7f4538810000-7f4538818000 r-xp 00003000 103:02 9190179                   /usr/lib/libkrb5support.so.0.1
7f4538818000-7f453881b000 r--p 0000b000 103:02 9190179                   /usr/lib/libkrb5support.so.0.1
7f453881b000-7f453881c000 r--p 0000d000 103:02 9190179                   /usr/lib/libkrb5support.so.0.1
7f453881c000-7f453881d000 rw-p 0000e000 103:02 9190179                   /usr/lib/libkrb5support.so.0.1
7f453881d000-7f453881f000 r--p 00000000 103:02 9217579                   /usr/lib/libthai.so.0.3.2
7f453881f000-7f4538825000 r-xp 00002000 103:02 9217579                   /usr/lib/libthai.so.0.3.2
7f4538825000-7f4538828000 r--p 00008000 103:02 9217579                   /usr/lib/libthai.so.0.3.2
7f4538828000-7f4538829000 r--p 0000a000 103:02 9217579                   /usr/lib/libthai.so.0.3.2
7f4538829000-7f453882a000 rw-p 0000b000 103:02 9217579                   /usr/lib/libthai.so.0.3.2
7f453882a000-7f4538832000 r--p 00000000 103:02 9217686                   /usr/lib/libpangoft2-1.0.so.0.5800.1
7f4538832000-7f4538843000 r-xp 00008000 103:02 9217686                   /usr/lib/libpangoft2-1.0.so.0.5800.1
7f4538843000-7f4538848000 r--p 00019000 103:02 9217686                   /usr/lib/libpangoft2-1.0.so.0.5800.1
7f4538848000-7f4538849000 r--p 0001e000 103:02 9217686                   /usr/lib/libpangoft2-1.0.so.0.5800.1
7f4538849000-7f453884a000 rw-p 0001f000 103:02 9217686                   /usr/lib/libpangoft2-1.0.so.0.5800.1
7f453884a000-7f453884b000 r--p 00000000 103:02 9182603                   /usr/lib/libbrotlienc.so.1.2.0
7f453884b000-7f45388e3000 r-xp 00001000 103:02 9182603                   /usr/lib/libbrotlienc.so.1.2.0
7f45388e3000-7f4538934000 r--p 00099000 103:02 9182603                   /usr/lib/libbrotlienc.so.1.2.0
7f4538934000-7f4538935000 r--p 000e9000 103:02 9182603                   /usr/lib/libbrotlienc.so.1.2.0
7f4538935000-7f4538936000 rw-p 000ea000 103:02 9182603                   /usr/lib/libbrotlienc.so.1.2.0
7f4538936000-7f4538944000 r--p 00000000 103:02 9217676                   /usr/lib/libpango-1.0.so.0.5800.1
7f4538944000-7f4538992000 r-xp 0000e000 103:02 9217676                   /usr/lib/libpango-1.0.so.0.5800.1
7f4538992000-7f45389ad000 r--p 0005c000 103:02 9217676                   /usr/lib/libpango-1.0.so.0.5800.1
7f45389ad000-7f45389b1000 r--p 00077000 103:02 9217676                   /usr/lib/libpango-1.0.so.0.5800.1
7f45389b1000-7f45389b2000 rw-p 0007b000 103:02 9217676                   /usr/lib/libpango-1.0.so.0.5800.1
7f45389b2000-7f45389b9000 r--p 00000000 103:02 9220327                   /usr/lib/libgdk_pixbuf-2.0.so.0.4400.7
7f45389b9000-7f45389ef000 r-xp 00007000 103:02 9220327                   /usr/lib/libgdk_pixbuf-2.0.so.0.4400.7
7f45389ef000-7f45389fd000 r--p 0003d000 103:02 9220327                   /usr/lib/libgdk_pixbuf-2.0.so.0.4400.7
7f45389fd000-7f45389ff000 r--p 0004b000 103:02 9220327                   /usr/lib/libgdk_pixbuf-2.0.so.0.4400.7
7f45389ff000-7f4538a00000 rw-p 0004d000 103:02 9220327                   /usr/lib/libgdk_pixbuf-2.0.so.0.4400.7
7f4538a00000-7f4538a53000 r--p 00000000 103:02 9183155                   /usr/lib/libcrypto.so.3
7f4538a53000-7f4538edd000 r-xp 00053000 103:02 9183155                   /usr/lib/libcrypto.so.3
7f4538edd000-7f4539007000 r--p 004dd000 103:02 9183155                   /usr/lib/libcrypto.so.3
7f4539007000-7f4539086000 r--p 00606000 103:02 9183155                   /usr/lib/libcrypto.so.3
7f4539086000-7f4539089000 rw-p 00685000 103:02 9183155                   /usr/lib/libcrypto.so.3
7f4539089000-7f453908c000 rw-p 00000000 00:00 0 
7f453908f000-7f4539093000 r--p 00000000 103:02 9193633                   /usr/lib/libnghttp2.so.14.29.5
7f4539093000-7f45390ae000 r-xp 00004000 103:02 9193633                   /usr/lib/libnghttp2.so.14.29.5
7f45390ae000-7f45390ba000 r--p 0001f000 103:02 9193633                   /usr/lib/libnghttp2.so.14.29.5
7f45390ba000-7f45390bd000 r--p 0002a000 103:02 9193633                   /usr/lib/libnghttp2.so.14.29.5
7f45390bd000-7f45390be000 rw-p 0002d000 103:02 9193633                   /usr/lib/libnghttp2.so.14.29.5
7f45390be000-7f45390cb000 r--p 00000000 103:02 9195421                   /usr/lib/libcurl.so.4.8.0
7f45390cb000-7f45391cb000 r-xp 0000d000 103:02 9195421                   /usr/lib/libcurl.so.4.8.0
7f45391cb000-7f45391f7000 r--p 0010d000 103:02 9195421                   /usr/lib/libcurl.so.4.8.0
7f45391f7000-7f45391fe000 r--p 00139000 103:02 9195421                   /usr/lib/libcurl.so.4.8.0
7f45391fe000-7f45391ff000 rw-p 00140000 103:02 9195421                   /usr/lib/libcurl.so.4.8.0
7f45391ff000-7f4539200000 rw-p 00000000 00:00 0 
7f4539200000-7f4539225000 r--p 00000000 103:02 9193879                   /usr/lib/libgnutls.so.30.42.0
7f4539225000-7f45393c4000 r-xp 00025000 103:02 9193879                   /usr/lib/libgnutls.so.30.42.0
7f45393c4000-7f453944d000 r--p 001c4000 103:02 9193879                   /usr/lib/libgnutls.so.30.42.0
7f453944d000-7f453945f000 r--p 0024c000 103:02 9193879                   /usr/lib/libgnutls.so.30.42.0
7f453945f000-7f4539461000 rw-p 0025e000 103:02 9193879                   /usr/lib/libgnutls.so.30.42.0
7f4539461000-7f4539465000 rw-p 00000000 00:00 0 
7f4539467000-7f4539470000 rw-s 00008000 00:01 65315                      /memfd:pipewire-memfd:flags=0x0000000f,type=2,size=65664 (deleted)
7f4539470000-7f4539472000 r--p 00000000 103:02 9195178                   /usr/lib/libpsl.so.5.3.5
7f4539472000-7f4539474000 r-xp 00002000 103:02 9195178                   /usr/lib/libpsl.so.5.3.5
7f4539474000-7f4539482000 r--p 00004000 103:02 9195178                   /usr/lib/libpsl.so.5.3.5
7f4539482000-7f4539483000 r--p 00011000 103:02 9195178                   /usr/lib/libpsl.so.5.3.5
7f4539483000-7f4539484000 rw-p 00012000 103:02 9195178                   /usr/lib/libpsl.so.5.3.5
7f4539484000-7f4539487000 r--p 00000000 103:02 9261811                   /usr/lib/libngtcp2_crypto_ossl.so.0.3.1
7f4539487000-7f453948d000 r-xp 00003000 103:02 9261811                   /usr/lib/libngtcp2_crypto_ossl.so.0.3.1
7f453948d000-7f453948f000 r--p 00009000 103:02 9261811                   /usr/lib/libngtcp2_crypto_ossl.so.0.3.1
7f453948f000-7f4539490000 r--p 0000b000 103:02 9261811                   /usr/lib/libngtcp2_crypto_ossl.so.0.3.1
7f4539490000-7f4539491000 rw-p 0000c000 103:02 9261811                   /usr/lib/libngtcp2_crypto_ossl.so.0.3.1
7f4539491000-7f4539492000 r--p 00000000 103:02 9225987                   /usr/lib/libsamplerate.so.0.2.2
7f4539492000-7f4539498000 r-xp 00001000 103:02 9225987                   /usr/lib/libsamplerate.so.0.2.2
7f4539498000-7f45395fe000 r--p 00007000 103:02 9225987                   /usr/lib/libsamplerate.so.0.2.2
7f45395fe000-7f45395ff000 r--p 0016d000 103:02 9225987                   /usr/lib/libsamplerate.so.0.2.2
7f45395ff000-7f4539600000 rw-p 0016e000 103:02 9225987                   /usr/lib/libsamplerate.so.0.2.2
7f4539600000-7f453960c000 r--p 00000000 103:02 9226225                   /usr/lib/libopenmpt.so.0.5.5
7f453960c000-7f45397d2000 r-xp 0000c000 103:02 9226225                   /usr/lib/libopenmpt.so.0.5.5
7f45397d2000-7f4539820000 r--p 001d2000 103:02 9226225                   /usr/lib/libopenmpt.so.0.5.5
7f4539820000-7f4539825000 r--p 00220000 103:02 9226225                   /usr/lib/libopenmpt.so.0.5.5
7f4539825000-7f4539826000 rw-p 00225000 103:02 9226225                   /usr/lib/libopenmpt.so.0.5.5
7f4539826000-7f4539880000 rw-p 00000000 00:00 0 
7f4539881000-7f4539884000 r--p 00000000 103:02 9193646                   /usr/lib/libnghttp3.so.9.9.0
7f4539884000-7f453989e000 r-xp 00003000 103:02 9193646                   /usr/lib/libnghttp3.so.9.9.0
7f453989e000-7f45398aa000 r--p 0001d000 103:02 9193646                   /usr/lib/libnghttp3.so.9.9.0
7f45398aa000-7f45398ab000 r--p 00029000 103:02 9193646                   /usr/lib/libnghttp3.so.9.9.0
7f45398ab000-7f45398ad000 rw-p 0002a000 103:02 9193646                   /usr/lib/libnghttp3.so.9.9.0
7f45398ad000-7f45398c1000 r--p 00000000 103:02 9709415                   /usr/lib/pulseaudio/libpulsecommon-17.0.so
7f45398c1000-7f4539910000 r-xp 00014000 103:02 9709415                   /usr/lib/pulseaudio/libpulsecommon-17.0.so
7f4539910000-7f4539936000 r--p 00063000 103:02 9709415                   /usr/lib/pulseaudio/libpulsecommon-17.0.so
7f4539936000-7f4539938000 r--p 00089000 103:02 9709415                   /usr/lib/pulseaudio/libpulsecommon-17.0.so
7f4539938000-7f4539939000 rw-p 0008b000 103:02 9709415                   /usr/lib/pulseaudio/libpulsecommon-17.0.so
7f4539939000-7f453993b000 r--p 00000000 103:02 9226250                   /usr/lib/libsoxr.so.0.1.2
7f453993b000-7f453997b000 r-xp 00002000 103:02 9226250                   /usr/lib/libsoxr.so.0.1.2
7f453997b000-7f4539981000 r--p 00042000 103:02 9226250                   /usr/lib/libsoxr.so.0.1.2
7f4539981000-7f4539983000 r--p 00047000 103:02 9226250                   /usr/lib/libsoxr.so.0.1.2
7f4539983000-7f4539984000 rw-p 00049000 103:02 9226250                   /usr/lib/libsoxr.so.0.1.2
7f4539984000-7f45399b9000 rw-p 00000000 00:00 0 
7f45399b9000-7f45399d4000 r--p 00000000 103:02 9226238                   /usr/lib/libdovi.so.3.4.0
7f45399d4000-7f4539a53000 r-xp 0001a000 103:02 9226238                   /usr/lib/libdovi.so.3.4.0
7f4539a53000-7f4539a5b000 r--p 00098000 103:02 9226238                   /usr/lib/libdovi.so.3.4.0
7f4539a5b000-7f4539a5d000 rw-p 0009f000 103:02 9226238                   /usr/lib/libdovi.so.3.4.0
7f4539a5d000-7f4539a63000 r--p 00000000 103:02 9226162                   /usr/lib/libmodplug.so.1.0.0
7f4539a63000-7f4539ab2000 r-xp 00006000 103:02 9226162                   /usr/lib/libmodplug.so.1.0.0
7f4539ab2000-7f4539ac1000 r--p 00055000 103:02 9226162                   /usr/lib/libmodplug.so.1.0.0
7f4539ac1000-7f4539ac2000 r--p 00064000 103:02 9226162                   /usr/lib/libmodplug.so.1.0.0
7f4539ac2000-7f4539ac3000 rw-p 00065000 103:02 9226162                   /usr/lib/libmodplug.so.1.0.0
7f4539ac3000-7f4539c00000 rw-p 00000000 00:00 0 
7f4539c00000-7f4539c09000 r--p 00000000 103:02 9265574                   /usr/lib/libglslang.so.16.4.0
7f4539c09000-7f4539f23000 r-xp 00009000 103:02 9265574                   /usr/lib/libglslang.so.16.4.0
7f4539f23000-7f4539fd8000 r--p 00323000 103:02 9265574                   /usr/lib/libglslang.so.16.4.0
7f4539fd8000-7f4539fe7000 r--p 003d7000 103:02 9265574                   /usr/lib/libglslang.so.16.4.0
7f4539fe7000-7f4539fe9000 rw-p 003e6000 103:02 9265574                   /usr/lib/libglslang.so.16.4.0
7f4539fe9000-7f453a6fd000 rw-p 00000000 00:00 0 
7f453a6fd000-7f453a700000 r--p 00000000 103:02 9226430                   /usr/lib/libmd.so.0.2.0
7f453a700000-7f453a710000 r-xp 00003000 103:02 9226430                   /usr/lib/libmd.so.0.2.0
7f453a710000-7f453a713000 r--p 00013000 103:02 9226430                   /usr/lib/libmd.so.0.2.0
7f453a713000-7f453a714000 r--p 00015000 103:02 9226430                   /usr/lib/libmd.so.0.2.0
7f453a714000-7f453a715000 rw-p 00016000 103:02 9226430                   /usr/lib/libmd.so.0.2.0
7f453a715000-7f453a730000 r--p 00000000 103:02 9226820                   /usr/lib/libsrt.so.1.5.6
7f453a730000-7f453a7d5000 r-xp 0001b000 103:02 9226820                   /usr/lib/libsrt.so.1.5.6
7f453a7d5000-7f453a7f7000 r--p 000c0000 103:02 9226820                   /usr/lib/libsrt.so.1.5.6
7f453a7f7000-7f453a7fa000 r--p 000e1000 103:02 9226820                   /usr/lib/libsrt.so.1.5.6
7f453a7fa000-7f453a7fb000 rw-p 000e4000 103:02 9226820                   /usr/lib/libsrt.so.1.5.6
7f453a7fb000-7f453a800000 rw-p 00000000 00:00 0 
7f453a800000-7f453a85e000 r--p 00000000 103:02 9226945                   /usr/lib/libx265.so.216
7f453a85e000-7f453bb2c000 r-xp 0005e000 103:02 9226945                   /usr/lib/libx265.so.216
7f453bb2c000-7f453bbb3000 r--p 0132c000 103:02 9226945                   /usr/lib/libx265.so.216
7f453bbb3000-7f453bbc7000 r--p 013b3000 103:02 9226945                   /usr/lib/libx265.so.216
7f453bbc7000-7f453bbca000 rw-p 013c7000 103:02 9226945                   /usr/lib/libx265.so.216
7f453bbca000-7f453bbdc000 rw-p 00000000 00:00 0 
7f453bbde000-7f453bbe7000 rw-s 00000000 00:01 65315                      /memfd:pipewire-memfd:flags=0x0000000f,type=2,size=65664 (deleted)
7f453bbe7000-7f453bbe9000 r--p 00000000 103:02 9193291                   /usr/lib/libtasn1.so.6.6.5
7f453bbe9000-7f453bbfb000 r-xp 00002000 103:02 9193291                   /usr/lib/libtasn1.so.6.6.5
7f453bbfb000-7f453bbfe000 r--p 00014000 103:02 9193291                   /usr/lib/libtasn1.so.6.6.5
7f453bbfe000-7f453bbff000 r--p 00017000 103:02 9193291                   /usr/lib/libtasn1.so.6.6.5
7f453bbff000-7f453bc00000 rw-p 00018000 103:02 9193291                   /usr/lib/libtasn1.so.6.6.5
7f453bc00000-7f453bc03000 r--p 00000000 103:02 9226935                   /usr/lib/libx264.so.165
7f453bc03000-7f453bdf4000 r-xp 00003000 103:02 9226935                   /usr/lib/libx264.so.165
7f453bdf4000-7f453be2d000 r--p 001f4000 103:02 9226935                   /usr/lib/libx264.so.165
7f453be2d000-7f453be2f000 r--p 0022c000 103:02 9226935                   /usr/lib/libx264.so.165
7f453be2f000-7f453be30000 rw-p 0022e000 103:02 9226935                   /usr/lib/libx264.so.165
7f453be30000-7f453bf29000 rw-p 00000000 00:00 0 
7f453bf2a000-7f453bf2b000 r--p 00000000 103:02 9220202                   /usr/lib/libjxl_cms.so.0.12.0
7f453bf2b000-7f453bf55000 r-xp 00001000 103:02 9220202                   /usr/lib/libjxl_cms.so.0.12.0
7f453bf55000-7f453bf5a000 r--p 0002b000 103:02 9220202                   /usr/lib/libjxl_cms.so.0.12.0
7f453bf5a000-7f453bf5b000 r--p 00030000 103:02 9220202                   /usr/lib/libjxl_cms.so.0.12.0
7f453bf5b000-7f453bf5c000 rw-p 00031000 103:02 9220202                   /usr/lib/libjxl_cms.so.0.12.0
7f453bf5c000-7f453bf6a000 r--p 00000000 103:02 9226254                   /usr/lib/libssh.so.4.12.0
7f453bf6a000-7f453bfdb000 r-xp 0000e000 103:02 9226254                   /usr/lib/libssh.so.4.12.0
7f453bfdb000-7f453bffc000 r--p 0007f000 103:02 9226254                   /usr/lib/libssh.so.4.12.0
7f453bffc000-7f453bffe000 r--p 000a0000 103:02 9226254                   /usr/lib/libssh.so.4.12.0
7f453bffe000-7f453c000000 rw-p 000a2000 103:02 9226254                   /usr/lib/libssh.so.4.12.0
7f453c000000-7f453c004000 r--p 00000000 103:02 9226826                   /usr/lib/libSvtAv1Enc.so.4.1.0
7f453c004000-7f453c5ec000 r-xp 00004000 103:02 9226826                   /usr/lib/libSvtAv1Enc.so.4.1.0
7f453c5ec000-7f453c6a5000 r--p 005ec000 103:02 9226826                   /usr/lib/libSvtAv1Enc.so.4.1.0
7f453c6a5000-7f453c6a8000 r--p 006a5000 103:02 9226826                   /usr/lib/libSvtAv1Enc.so.4.1.0
7f453c6a8000-7f453c6aa000 rw-p 006a8000 103:02 9226826                   /usr/lib/libSvtAv1Enc.so.4.1.0
7f453c6aa000-7f453c6e6000 rw-p 00000000 00:00 0 
7f453c6e8000-7f453c6ea000 r--p 00000000 103:02 9193561                   /usr/lib/libidn2.so.0.4.0
7f453c6ea000-7f453c6ef000 r-xp 00002000 103:02 9193561                   /usr/lib/libidn2.so.0.4.0
7f453c6ef000-7f453c709000 r--p 00007000 103:02 9193561                   /usr/lib/libidn2.so.0.4.0
7f453c709000-7f453c70a000 r--p 00020000 103:02 9193561                   /usr/lib/libidn2.so.0.4.0
7f453c70a000-7f453c70b000 rw-p 00021000 103:02 9193561                   /usr/lib/libidn2.so.0.4.0
7f453c70b000-7f453c74d000 r--p 00000000 103:02 9222886                   /usr/lib/libzmq.so.5.2.5
7f453c74d000-7f453c7d3000 r-xp 00042000 103:02 9222886                   /usr/lib/libzmq.so.5.2.5
7f453c7d3000-7f453c7f5000 r--p 000c8000 103:02 9222886                   /usr/lib/libzmq.so.5.2.5
7f453c7f5000-7f453c7ff000 r--p 000ea000 103:02 9222886                   /usr/lib/libzmq.so.5.2.5
7f453c7ff000-7f453c800000 rw-p 000f4000 103:02 9222886                   /usr/lib/libzmq.so.5.2.5
7f453c800000-7f453c870000 r--p 00000000 103:02 9226318                   /usr/lib/librav1e.so.0.8.1
7f453c870000-7f453caf5000 r-xp 0006f000 103:02 9226318                   /usr/lib/librav1e.so.0.8.1
7f453caf5000-7f453cb18000 r--p 002f3000 103:02 9226318                   /usr/lib/librav1e.so.0.8.1
7f453cb18000-7f453cb1a000 rw-p 00315000 103:02 9226318                   /usr/lib/librav1e.so.0.8.1
7f453cb20000-7f453cb22000 r--p 00000000 103:02 9226102                   /usr/lib/libvorbisfile.so.3.3.8
7f453cb22000-7f453cb28000 r-xp 00002000 103:02 9226102                   /usr/lib/libvorbisfile.so.3.3.8
7f453cb28000-7f453cb29000 r--p 00008000 103:02 9226102                   /usr/lib/libvorbisfile.so.3.3.8
7f453cb29000-7f453cb2a000 r--p 00009000 103:02 9226102                   /usr/lib/libvorbisfile.so.3.3.8
7f453cb2a000-7f453cb2b000 rw-p 0000a000 103:02 9226102                   /usr/lib/libvorbisfile.so.3.3.8
7f453cb2b000-7f453cb2c000 r--p 00000000 103:02 9220058                   /usr/lib/libsharpyuv.so.0.1.2
7f453cb2c000-7f453cb34000 r-xp 00001000 103:02 9220058                   /usr/lib/libsharpyuv.so.0.1.2
7f453cb34000-7f453cb35000 r--p 00009000 103:02 9220058                   /usr/lib/libsharpyuv.so.0.1.2
7f453cb35000-7f453cb36000 r--p 00009000 103:02 9220058                   /usr/lib/libsharpyuv.so.0.1.2
7f453cb36000-7f453cb37000 rw-p 0000a000 103:02 9220058                   /usr/lib/libsharpyuv.so.0.1.2
7f453cb37000-7f453cb38000 rw-p 00000000 00:00 0 
7f453cb38000-7f453cb49000 r--p 00000000 103:02 9182245                   /usr/lib/libgmp.so.10.5.0
7f453cb49000-7f453cbe6000 r-xp 00011000 103:02 9182245                   /usr/lib/libgmp.so.10.5.0
7f453cbe6000-7f453cbfd000 r--p 000ae000 103:02 9182245                   /usr/lib/libgmp.so.10.5.0
7f453cbfd000-7f453cbff000 r--p 000c4000 103:02 9182245                   /usr/lib/libgmp.so.10.5.0
7f453cbff000-7f453cc00000 rw-p 000c6000 103:02 9182245                   /usr/lib/libgmp.so.10.5.0
7f453cc00000-7f453cc03000 r--p 00000000 103:02 9226109                   /usr/lib/libopus.so.0.11.1
7f453cc03000-7f453ccbb000 r-xp 00003000 103:02 9226109                   /usr/lib/libopus.so.0.11.1
7f453ccbb000-7f453d038000 r--p 000bb000 103:02 9226109                   /usr/lib/libopus.so.0.11.1
7f453d038000-7f453d03c000 r--p 00437000 103:02 9226109                   /usr/lib/libopus.so.0.11.1
7f453d03c000-7f453d03d000 rw-p 0043b000 103:02 9226109                   /usr/lib/libopus.so.0.11.1
7f453d03f000-7f453d041000 r--p 00000000 103:02 9217542                   /usr/lib/libgraphite2.so.3.3.1
7f453d041000-7f453d05a000 r-xp 00002000 103:02 9217542                   /usr/lib/libgraphite2.so.3.3.1
7f453d05a000-7f453d05f000 r--p 0001b000 103:02 9217542                   /usr/lib/libgraphite2.so.3.3.1
7f453d05f000-7f453d061000 r--p 0001f000 103:02 9217542                   /usr/lib/libgraphite2.so.3.3.1
7f453d061000-7f453d062000 rw-p 00021000 103:02 9217542                   /usr/lib/libgraphite2.so.3.3.1
7f453d062000-7f453d06c000 r--p 00000000 103:02 9219606                   /usr/lib/libvmaf.so.3.2.0
7f453d06c000-7f453d112000 r-xp 0000a000 103:02 9219606                   /usr/lib/libvmaf.so.3.2.0
7f453d112000-7f453d126000 r--p 000b0000 103:02 9219606                   /usr/lib/libvmaf.so.3.2.0
7f453d126000-7f453d129000 r--p 000c3000 103:02 9219606                   /usr/lib/libvmaf.so.3.2.0
7f453d129000-7f453d1c0000 rw-p 000c6000 103:02 9219606                   /usr/lib/libvmaf.so.3.2.0
7f453d1c0000-7f453d200000 rw-p 00000000 00:00 0 
7f453d200000-7f453d204000 r--p 00000000 103:02 9220197                   /usr/lib/libjxl.so.0.12.0
7f453d204000-7f453d6f5000 r-xp 00004000 103:02 9220197                   /usr/lib/libjxl.so.0.12.0
7f453d6f5000-7f453d759000 r--p 004f5000 103:02 9220197                   /usr/lib/libjxl.so.0.12.0
7f453d759000-7f453d761000 r--p 00558000 103:02 9220197                   /usr/lib/libjxl.so.0.12.0
7f453d761000-7f453d762000 rw-p 00560000 103:02 9220197                   /usr/lib/libjxl.so.0.12.0
7f453d762000-7f453d7e0000 rw-p 00000000 00:00 0 
7f453d7e0000-7f453d7e2000 r--p 00000000 103:02 9220181                   /usr/lib/libhwy.so.1.4.0
7f453d7e2000-7f453d7eb000 r-xp 00002000 103:02 9220181                   /usr/lib/libhwy.so.1.4.0
7f453d7eb000-7f453d7ee000 r--p 0000b000 103:02 9220181                   /usr/lib/libhwy.so.1.4.0
7f453d7ee000-7f453d7ef000 r--p 0000d000 103:02 9220181                   /usr/lib/libhwy.so.1.4.0
7f453d7ef000-7f453d7f0000 rw-p 0000e000 103:02 9220181                   /usr/lib/libhwy.so.1.4.0
7f453d7f0000-7f453d7f6000 r--p 00000000 103:02 9214045                   /usr/lib/libxcb-render.so.0.0.0
7f453d7f6000-7f453d7fc000 r-xp 00006000 103:02 9214045                   /usr/lib/libxcb-render.so.0.0.0
7f453d7fc000-7f453d7fe000 r--p 0000c000 103:02 9214045                   /usr/lib/libxcb-render.so.0.0.0
7f453d7fe000-7f453d7ff000 r--p 0000e000 103:02 9214045                   /usr/lib/libxcb-render.so.0.0.0
7f453d7ff000-7f453d800000 rw-p 0000f000 103:02 9214045                   /usr/lib/libxcb-render.so.0.0.0
7f453d800000-7f453d803000 r--p 00000000 103:02 9227010                   /usr/lib/libaom.so.3.14.1
7f453d803000-7f453df0e000 r-xp 00003000 103:02 9227010                   /usr/lib/libaom.so.3.14.1
7f453df0e000-7f453dfee000 r--p 0070e000 103:02 9227010                   /usr/lib/libaom.so.3.14.1
7f453dfee000-7f453dfff000 r--p 007ee000 103:02 9227010                   /usr/lib/libaom.so.3.14.1
7f453dfff000-7f453e001000 rw-p 007ff000 103:02 9227010                   /usr/lib/libaom.so.3.14.1
7f453e001000-7f453e058000 rw-p 00000000 00:00 0 
7f453e058000-7f453e05d000 r--p 00000000 103:02 9217682                   /usr/lib/libpangocairo-1.0.so.0.5800.1
7f453e05d000-7f453e066000 r-xp 00005000 103:02 9217682                   /usr/lib/libpangocairo-1.0.so.0.5800.1
7f453e066000-7f453e069000 r--p 0000e000 103:02 9217682                   /usr/lib/libpangocairo-1.0.so.0.5800.1
7f453e069000-7f453e06a000 r--p 00010000 103:02 9217682                   /usr/lib/libpangocairo-1.0.so.0.5800.1
7f453e06a000-7f453e06b000 rw-p 00011000 103:02 9217682                   /usr/lib/libpangocairo-1.0.so.0.5800.1
7f453e06b000-7f453e06f000 r--p 00000000 103:02 9226511                   /usr/lib/libbsd.so.0.12.2
7f453e06f000-7f453e07f000 r-xp 00004000 103:02 9226511                   /usr/lib/libbsd.so.0.12.2
7f453e07f000-7f453e083000 r--p 00014000 103:02 9226511                   /usr/lib/libbsd.so.0.12.2
7f453e083000-7f453e084000 r--p 00017000 103:02 9226511                   /usr/lib/libbsd.so.0.12.2
7f453e084000-7f453e085000 rw-p 00018000 103:02 9226511                   /usr/lib/libbsd.so.0.12.2
7f453e085000-7f453e086000 rw-p 00000000 00:00 0 
7f453e086000-7f453e088000 r--p 00000000 103:02 9226865                   /usr/lib/libv4l2.so.0.0.0
7f453e088000-7f453e090000 r-xp 00002000 103:02 9226865                   /usr/lib/libv4l2.so.0.0.0
7f453e090000-7f453e092000 r--p 0000a000 103:02 9226865                   /usr/lib/libv4l2.so.0.0.0
7f453e092000-7f453e093000 r--p 0000b000 103:02 9226865                   /usr/lib/libv4l2.so.0.0.0
7f453e093000-7f453e097000 rw-p 0000c000 103:02 9226865                   /usr/lib/libv4l2.so.0.0.0
7f453e097000-7f453e099000 r--p 00000000 103:02 9182962                   /usr/lib/liblz4.so.1.10.0
7f453e099000-7f453e0bc000 r-xp 00002000 103:02 9182962                   /usr/lib/liblz4.so.1.10.0
7f453e0bc000-7f453e0bf000 r--p 00025000 103:02 9182962                   /usr/lib/liblz4.so.1.10.0
7f453e0bf000-7f453e0c0000 r--p 00027000 103:02 9182962                   /usr/lib/liblz4.so.1.10.0
7f453e0c0000-7f453e0c1000 rw-p 00028000 103:02 9182962                   /usr/lib/liblz4.so.1.10.0
7f453e0c1000-7f453e0c2000 r--p 00000000 103:02 9264717                   /usr/lib/libxvidcore.so.4.3
7f453e0c2000-7f453e17b000 r-xp 00001000 103:02 9264717                   /usr/lib/libxvidcore.so.4.3
7f453e17b000-7f453e18c000 r--p 000ba000 103:02 9264717                   /usr/lib/libxvidcore.so.4.3
7f453e18c000-7f453e18d000 r--p 000ca000 103:02 9264717                   /usr/lib/libxvidcore.so.4.3
7f453e18d000-7f453e197000 rw-p 000cb000 103:02 9264717                   /usr/lib/libxvidcore.so.4.3
7f453e197000-7f453e200000 rw-p 00000000 00:00 0 
7f453e200000-7f453e209000 r--p 00000000 103:02 9220224                   /usr/lib/librsvg-2.so.2.62.3
7f453e209000-7f453e513000 r-xp 00009000 103:02 9220224                   /usr/lib/librsvg-2.so.2.62.3
7f453e513000-7f453e62f000 r--p 00313000 103:02 9220224                   /usr/lib/librsvg-2.so.2.62.3
7f453e62f000-7f453e6a0000 r--p 0042f000 103:02 9220224                   /usr/lib/librsvg-2.so.2.62.3
7f453e6a0000-7f453e6a1000 rw-p 004a0000 103:02 9220224                   /usr/lib/librsvg-2.so.2.62.3
7f453e6a9000-7f453e6ad000 r--p 00000000 103:02 9226291                   /usr/lib/libvpl.so.2.17
7f453e6ad000-7f453e706000 r-xp 00004000 103:02 9226291                   /usr/lib/libvpl.so.2.17
7f453e706000-7f453e719000 r--p 0005d000 103:02 9226291                   /usr/lib/libvpl.so.2.17
7f453e719000-7f453e71b000 r--p 0006f000 103:02 9226291                   /usr/lib/libvpl.so.2.17
7f453e71b000-7f453e71c000 rw-p 00071000 103:02 9226291                   /usr/lib/libvpl.so.2.17
7f453e71c000-7f453e71f000 r--p 00000000 103:02 9220061                   /usr/lib/libwebp.so.7.2.0
7f453e71f000-7f453e7eb000 r-xp 00003000 103:02 9220061                   /usr/lib/libwebp.so.7.2.0
7f453e7eb000-7f453e7fd000 r--p 000cf000 103:02 9220061                   /usr/lib/libwebp.so.7.2.0
7f453e7fd000-7f453e7fe000 r--p 000e0000 103:02 9220061                   /usr/lib/libwebp.so.7.2.0
7f453e7fe000-7f453e7ff000 rw-p 000e1000 103:02 9220061                   /usr/lib/libwebp.so.7.2.0
7f453e7ff000-7f453e800000 rw-p 00000000 00:00 0 
7f453e800000-7f453e802000 r--p 00000000 103:02 9220216                   /usr/lib/libdav1d.so.7.0.0
7f453e802000-7f453e9d1000 r-xp 00002000 103:02 9220216                   /usr/lib/libdav1d.so.7.0.0
7f453e9d1000-7f453ea0c000 r--p 001d1000 103:02 9220216                   /usr/lib/libdav1d.so.7.0.0
7f453ea0c000-7f453ea10000 r--p 0020b000 103:02 9220216                   /usr/lib/libdav1d.so.7.0.0
7f453ea10000-7f453ea11000 rw-p 0020f000 103:02 9220216                   /usr/lib/libdav1d.so.7.0.0
7f453ea11000-7f453ea35000 rw-p 00000000 00:00 0 
7f453ea36000-7f453ea38000 r--p 00000000 103:02 9217573                   /usr/lib/libdatrie.so.1.4.1
7f453ea38000-7f453ea3c000 r-xp 00002000 103:02 9217573                   /usr/lib/libdatrie.so.1.4.1
7f453ea3c000-7f453ea3d000 r--p 00006000 103:02 9217573                   /usr/lib/libdatrie.so.1.4.1
7f453ea3d000-7f453ea3e000 r--p 00006000 103:02 9217573                   /usr/lib/libdatrie.so.1.4.1
7f453ea3e000-7f453ea3f000 rw-p 00007000 103:02 9217573                   /usr/lib/libdatrie.so.1.4.1
7f453ea3f000-7f453ea44000 r--p 00000000 103:02 9226049                   /usr/lib/libraw1394.so.11.1.0
7f453ea44000-7f453ea4d000 r-xp 00005000 103:02 9226049                   /usr/lib/libraw1394.so.11.1.0
7f453ea4d000-7f453ea50000 r--p 0000e000 103:02 9226049                   /usr/lib/libraw1394.so.11.1.0
7f453ea50000-7f453ea51000 r--p 00010000 103:02 9226049                   /usr/lib/libraw1394.so.11.1.0
7f453ea51000-7f453ea52000 rw-p 00011000 103:02 9226049                   /usr/lib/libraw1394.so.11.1.0
7f453ea52000-7f453ea57000 r--p 00000000 103:02 9226233                   /usr/lib/libshaderc_shared.so.1
7f453ea57000-7f453ea6b000 r-xp 00005000 103:02 9226233                   /usr/lib/libshaderc_shared.so.1
7f453ea6b000-7f453ea6f000 r--p 00019000 103:02 9226233                   /usr/lib/libshaderc_shared.so.1
7f453ea6f000-7f453ea70000 r--p 0001c000 103:02 9226233                   /usr/lib/libshaderc_shared.so.1
7f453ea70000-7f453ea71000 rw-p 0001d000 103:02 9226233                   /usr/lib/libshaderc_shared.so.1
7f453ea71000-7f453ea7f000 r--p 00000000 103:02 9217323                   /usr/lib/libcairo.so.2.11804.4
7f453ea7f000-7f453ebbd000 r-xp 0000e000 103:02 9217323                   /usr/lib/libcairo.so.2.11804.4
7f453ebbd000-7f453ebf9000 r--p 0014c000 103:02 9217323                   /usr/lib/libcairo.so.2.11804.4
7f453ebf9000-7f453ebfd000 r--p 00188000 103:02 9217323                   /usr/lib/libcairo.so.2.11804.4
7f453ebfd000-7f453ebff000 rw-p 0018c000 103:02 9217323                   /usr/lib/libcairo.so.2.11804.4
7f453ebff000-7f453ec00000 rw-p 00000000 00:00 0 
7f453ec00000-7f453ec02000 r--p 00000000 103:02 9226277                   /usr/lib/libvpx.so.12.0.0
7f453ec02000-7f453eee3000 r-xp 00002000 103:02 9226277                   /usr/lib/libvpx.so.12.0.0
7f453eee3000-7f453ef23000 r--p 002e3000 103:02 9226277                   /usr/lib/libvpx.so.12.0.0
7f453ef23000-7f453ef26000 r--p 00323000 103:02 9226277                   /usr/lib/libvpx.so.12.0.0
7f453ef26000-7f453ef27000 rw-p 00326000 103:02 9226277                   /usr/lib/libvpx.so.12.0.0
7f453ef27000-7f453ef2e000 rw-p 00000000 00:00 0 
7f453ef30000-7f453ef32000 r--p 00000000 103:02 9182497                   /usr/lib/libkeyutils.so.1.10
7f453ef32000-7f453ef34000 r-xp 00002000 103:02 9182497                   /usr/lib/libkeyutils.so.1.10
7f453ef34000-7f453ef35000 r--p 00004000 103:02 9182497                   /usr/lib/libkeyutils.so.1.10
7f453ef35000-7f453ef36000 r--p 00004000 103:02 9182497                   /usr/lib/libkeyutils.so.1.10
7f453ef36000-7f453ef37000 rw-p 00005000 103:02 9182497                   /usr/lib/libkeyutils.so.1.10
7f453ef37000-7f453ef3a000 r--p 00000000 103:02 9226147                   /usr/lib/libdvdread.so.8.2.0
7f453ef3a000-7f453ef5a000 r-xp 00003000 103:02 9226147                   /usr/lib/libdvdread.so.8.2.0
7f453ef5a000-7f453ef64000 r--p 00023000 103:02 9226147                   /usr/lib/libdvdread.so.8.2.0
7f453ef64000-7f453ef65000 r--p 0002c000 103:02 9226147                   /usr/lib/libdvdread.so.8.2.0
7f453ef65000-7f453ef66000 rw-p 0002d000 103:02 9226147                   /usr/lib/libdvdread.so.8.2.0
7f453ef66000-7f453ef67000 r--p 00000000 103:02 9226099                   /usr/lib/libvorbisenc.so.2.0.12
7f453ef67000-7f453ef6c000 r-xp 00001000 103:02 9226099                   /usr/lib/libvorbisenc.so.2.0.12
7f453ef6c000-7f453efe3000 r--p 00006000 103:02 9226099                   /usr/lib/libvorbisenc.so.2.0.12
7f453efe3000-7f453efff000 r--p 0007c000 103:02 9226099                   /usr/lib/libvorbisenc.so.2.0.12
7f453efff000-7f453f000000 rw-p 00098000 103:02 9226099                   /usr/lib/libvorbisenc.so.2.0.12
7f453f000000-7f453f009000 r--p 00000000 103:02 9262302                   /usr/lib/libopenal.so.1.25.2
7f453f009000-7f453f17c000 r-xp 00009000 103:02 9262302                   /usr/lib/libopenal.so.1.25.2
7f453f17c000-7f453f1d7000 r--p 0017c000 103:02 9262302                   /usr/lib/libopenal.so.1.25.2
7f453f1d7000-7f453f1e1000 r--p 001d6000 103:02 9262302                   /usr/lib/libopenal.so.1.25.2
7f453f1e1000-7f453f209000 rw-p 001e0000 103:02 9262302                   /usr/lib/libopenal.so.1.25.2
7f453f209000-7f453f2ea000 rw-p 00000000 00:00 0 
7f453f2ec000-7f453f2ee000 r--p 00000000 103:02 9182405                   /usr/lib/libcom_err.so.2.1
7f453f2ee000-7f453f2ef000 r-xp 00002000 103:02 9182405                   /usr/lib/libcom_err.so.2.1
7f453f2ef000-7f453f2f0000 r--p 00003000 103:02 9182405                   /usr/lib/libcom_err.so.2.1
7f453f2f0000-7f453f2f1000 r--p 00003000 103:02 9182405                   /usr/lib/libcom_err.so.2.1
7f453f2f1000-7f453f2f2000 rw-p 00004000 103:02 9182405                   /usr/lib/libcom_err.so.2.1
7f453f2f2000-7f453f2f9000 r--p 00000000 103:02 9226307                   /usr/lib/libopenjp2.so.2.5.4
7f453f2f9000-7f453f363000 r-xp 00007000 103:02 9226307                   /usr/lib/libopenjp2.so.2.5.4
7f453f363000-7f453f377000 r--p 00071000 103:02 9226307                   /usr/lib/libopenjp2.so.2.5.4
7f453f377000-7f453f379000 r--p 00084000 103:02 9226307                   /usr/lib/libopenjp2.so.2.5.4
7f453f379000-7f453f37a000 rw-p 00086000 103:02 9226307                   /usr/lib/libopenjp2.so.2.5.4
7f453f37a000-7f453f387000 r--p 00000000 103:02 9217564                   /usr/lib/libharfbuzz.so.0.61430.0
7f453f387000-7f453f4a8000 r-xp 0000d000 103:02 9217564                   /usr/lib/libharfbuzz.so.0.61430.0
7f453f4a8000-7f453f4dc000 r--p 0012e000 103:02 9217564                   /usr/lib/libharfbuzz.so.0.61430.0
7f453f4dc000-7f453f4de000 r--p 00161000 103:02 9217564                   /usr/lib/libharfbuzz.so.0.61430.0
7f453f4de000-7f453f4df000 rw-p 00163000 103:02 9217564                   /usr/lib/libharfbuzz.so.0.61430.0
7f453f4df000-7f453f501000 r--p 00000000 103:02 9220223                   /usr/lib/libasound.so.2.0.0
7f453f501000-7f453f5c4000 r-xp 00022000 103:02 9220223                   /usr/lib/libasound.so.2.0.0
7f453f5c4000-7f453f5f7000 r--p 000e5000 103:02 9220223                   /usr/lib/libasound.so.2.0.0
7f453f5f7000-7f453f5ff000 r--p 00117000 103:02 9220223                   /usr/lib/libasound.so.2.0.0
7f453f5ff000-7f453f600000 rw-p 0011f000 103:02 9220223                   /usr/lib/libasound.so.2.0.0
7f453f600000-7f453f604000 r--p 00000000 103:02 9262181                   /usr/lib/libswscale.so.9.5.102
7f453f604000-7f453f856000 r-xp 00004000 103:02 9262181                   /usr/lib/libswscale.so.9.5.102
7f453f856000-7f453f87b000 r--p 00256000 103:02 9262181                   /usr/lib/libswscale.so.9.5.102
7f453f87b000-7f453f88a000 r--p 0027a000 103:02 9262181                   /usr/lib/libswscale.so.9.5.102
7f453f88a000-7f453f88b000 rw-p 00289000 103:02 9262181                   /usr/lib/libswscale.so.9.5.102
7f453f88b000-7f453f8cf000 rw-p 00000000 00:00 0 
7f453f8cf000-7f453f8de000 r--p 00000000 103:02 9199717                   /usr/lib/libarchive.so.13.8.9
7f453f8de000-7f453f9cf000 r-xp 0000f000 103:02 9199717                   /usr/lib/libarchive.so.13.8.9
7f453f9cf000-7f453f9fa000 r--p 00100000 103:02 9199717                   /usr/lib/libarchive.so.13.8.9
7f453f9fa000-7f453f9ff000 r--p 0012a000 103:02 9199717                   /usr/lib/libarchive.so.13.8.9
7f453f9ff000-7f453fa00000 rw-p 0012f000 103:02 9199717                   /usr/lib/libarchive.so.13.8.9
7f453fa00000-7f453fa0d000 r--p 00000000 103:02 9226999                   /usr/lib/libavutil.so.60.26.102
7f453fa0d000-7f453fb04000 r-xp 0000d000 103:02 9226999                   /usr/lib/libavutil.so.60.26.102
7f453fb04000-7f453fb2d000 r--p 00104000 103:02 9226999                   /usr/lib/libavutil.so.60.26.102
7f453fb2d000-7f453fb43000 r--p 0012d000 103:02 9226999                   /usr/lib/libavutil.so.60.26.102
7f453fb43000-7f453fb44000 rw-p 00143000 103:02 9226999                   /usr/lib/libavutil.so.60.26.102
7f453fb44000-7f453fc53000 rw-p 00000000 00:00 0 
7f453fc58000-7f453fc5a000 r--p 00000000 103:02 9218012                   /usr/lib/libunwind.so.8.2.0
7f453fc5a000-7f453fc67000 r-xp 00002000 103:02 9218012                   /usr/lib/libunwind.so.8.2.0
7f453fc67000-7f453fc69000 r--p 0000f000 103:02 9218012                   /usr/lib/libunwind.so.8.2.0
7f453fc69000-7f453fc6a000 r--p 00011000 103:02 9218012                   /usr/lib/libunwind.so.8.2.0
7f453fc6a000-7f453fc6b000 rw-p 00012000 103:02 9218012                   /usr/lib/libunwind.so.8.2.0
7f453fc6b000-7f453fc75000 rw-p 00000000 00:00 0 
7f453fc75000-7f453fc79000 r--p 00000000 103:02 9226096                   /usr/lib/libvorbis.so.0.4.9
7f453fc79000-7f453fcaa000 r-xp 00004000 103:02 9226096                   /usr/lib/libvorbis.so.0.4.9
7f453fcaa000-7f453fcbc000 r--p 00035000 103:02 9226096                   /usr/lib/libvorbis.so.0.4.9
7f453fcbc000-7f453fcbd000 r--p 00046000 103:02 9226096                   /usr/lib/libvorbis.so.0.4.9
7f453fcbd000-7f453fcbe000 rw-p 00047000 103:02 9226096                   /usr/lib/libvorbis.so.0.4.9
7f453fcbe000-7f453fccd000 r--p 00000000 103:02 9263244                   /usr/lib/libplacebo.so.360
7f453fccd000-7f453fd9f000 r-xp 0000f000 103:02 9263244                   /usr/lib/libplacebo.so.360
7f453fd9f000-7f453fde5000 r--p 000e1000 103:02 9263244                   /usr/lib/libplacebo.so.360
7f453fde5000-7f453fdfa000 r--p 00126000 103:02 9263244                   /usr/lib/libplacebo.so.360
7f453fdfa000-7f453fe00000 rw-p 0013b000 103:02 9263244                   /usr/lib/libplacebo.so.360
7f453fe00000-7f453fe11000 r--p 00000000 103:02 9226993                   /usr/lib/libavformat.so.62.12.102
7f453fe11000-7f454005c000 r-xp 00011000 103:02 9226993                   /usr/lib/libavformat.so.62.12.102
7f454005c000-7f45400e5000 r--p 0025c000 103:02 9226993                   /usr/lib/libavformat.so.62.12.102
7f45400e5000-7f454011e000 r--p 002e5000 103:02 9226993                   /usr/lib/libavformat.so.62.12.102
7f454011e000-7f454011f000 rw-p 0031e000 103:02 9226993                   /usr/lib/libavformat.so.62.12.102
7f4540123000-7f4540126000 r--p 00000000 103:02 9226284                   /usr/lib/libOpenCL.so.1.0.0
7f4540126000-7f454014b000 r-xp 00003000 103:02 9226284                   /usr/lib/libOpenCL.so.1.0.0
7f454014b000-7f454015a000 r--p 00028000 103:02 9226284                   /usr/lib/libOpenCL.so.1.0.0
7f454015a000-7f454015c000 r--p 00036000 103:02 9226284                   /usr/lib/libOpenCL.so.1.0.0
7f454015c000-7f454015d000 rw-p 00038000 103:02 9226284                   /usr/lib/libOpenCL.so.1.0.0
7f454015d000-7f454015e000 r--p 00000000 103:02 9226264                   /usr/lib/libtheoraenc.so.2.2.1
7f454015e000-7f4540189000 r-xp 00001000 103:02 9226264                   /usr/lib/libtheoraenc.so.2.2.1
7f4540189000-7f4540195000 r--p 0002c000 103:02 9226264                   /usr/lib/libtheoraenc.so.2.2.1
7f4540195000-7f4540196000 r--p 00037000 103:02 9226264                   /usr/lib/libtheoraenc.so.2.2.1
7f4540196000-7f4540197000 rw-p 00038000 103:02 9226264                   /usr/lib/libtheoraenc.so.2.2.1
7f4540197000-7f454019c000 r--p 00000000 103:02 9220018                   /usr/lib/libmp3lame.so.0.0.0
7f454019c000-7f45401e0000 r-xp 00005000 103:02 9220018                   /usr/lib/libmp3lame.so.0.0.0
7f45401e0000-7f45401ed000 r--p 00049000 103:02 9220018                   /usr/lib/libmp3lame.so.0.0.0
7f45401ed000-7f45401ee000 r--p 00056000 103:02 9220018                   /usr/lib/libmp3lame.so.0.0.0
7f45401ee000-7f45401ef000 rw-p 00057000 103:02 9220018                   /usr/lib/libmp3lame.so.0.0.0
7f45401ef000-7f4540200000 rw-p 00000000 00:00 0 
7f4540200000-7f4540214000 r--p 00000000 103:02 9226984                   /usr/lib/libavfilter.so.11.14.102
7f4540214000-7f4540780000 r-xp 00014000 103:02 9226984                   /usr/lib/libavfilter.so.11.14.102
7f4540780000-7f4540869000 r--p 00580000 103:02 9226984                   /usr/lib/libavfilter.so.11.14.102
7f4540869000-7f4540903000 r--p 00669000 103:02 9226984                   /usr/lib/libavfilter.so.11.14.102
7f4540903000-7f4540904000 rw-p 00703000 103:02 9226984                   /usr/lib/libavfilter.so.11.14.102
7f4540904000-7f4540908000 rw-p 00000000 00:00 0 
7f454090c000-7f454090e000 r--p 00000000 103:02 9226077                   /usr/lib/libogg.so.0.8.6
7f454090e000-7f4540912000 r-xp 00002000 103:02 9226077                   /usr/lib/libogg.so.0.8.6
7f4540912000-7f4540915000 r--p 00006000 103:02 9226077                   /usr/lib/libogg.so.0.8.6
7f4540915000-7f4540916000 r--p 00009000 103:02 9226077                   /usr/lib/libogg.so.0.8.6
7f4540916000-7f4540917000 rw-p 0000a000 103:02 9226077                   /usr/lib/libogg.so.0.8.6
7f4540917000-7f4540918000 r--p 00000000 103:02 9226297                   /usr/lib/libopencore-amrnb.so.0.0.5
7f4540918000-7f4540957000 r-xp 00001000 103:02 9226297                   /usr/lib/libopencore-amrnb.so.0.0.5
7f4540957000-7f4540961000 r--p 00040000 103:02 9226297                   /usr/lib/libopencore-amrnb.so.0.0.5
7f4540961000-7f4540962000 r--p 00049000 103:02 9226297                   /usr/lib/libopencore-amrnb.so.0.0.5
7f4540962000-7f4540963000 rw-p 0004a000 103:02 9226297                   /usr/lib/libopencore-amrnb.so.0.0.5
7f4540963000-7f4540998000 r--p 00000000 103:02 28594856                  /home/arcady/.gradle/jdks/jetbrains_s_r_o_-21-amd64-linux.2/lib/libvulkan.so.1
7f4540998000-7f45409f9000 r-xp 00034000 103:02 28594856                  /home/arcady/.gradle/jdks/jetbrains_s_r_o_-21-amd64-linux.2/lib/libvulkan.so.1
7f45409f9000-7f45409fd000 r--p 00094000 103:02 28594856                  /home/arcady/.gradle/jdks/jetbrains_s_r_o_-21-amd64-linux.2/lib/libvulkan.so.1
7f45409fd000-7f45409fe000 rw-p 00097000 103:02 28594856                  /home/arcady/.gradle/jdks/jetbrains_s_r_o_-21-amd64-linux.2/lib/libvulkan.so.1
7f45409fe000-7f4540a00000 rw-p 00000000 00:00 0 
7f4540a00000-7f4540a15000 r--p 00000000 103:02 9226969                   /usr/lib/libavcodec.so.62.28.102
7f4540a15000-7f4541add000 r-xp 00015000 103:02 9226969                   /usr/lib/libavcodec.so.62.28.102
7f4541add000-7f4541e5c000 r--p 010dd000 103:02 9226969                   /usr/lib/libavcodec.so.62.28.102
7f4541e5c000-7f4541ee3000 r--p 0145b000 103:02 9226969                   /usr/lib/libavcodec.so.62.28.102
7f4541ee3000-7f4541ee5000 rw-p 014e2000 103:02 9226969                   /usr/lib/libavcodec.so.62.28.102
7f4541ee5000-7f4542589000 rw-p 00000000 00:00 0 
7f454258b000-7f454258d000 r--p 00000000 103:02 9226167                   /usr/lib/libasyncns.so.0.3.1
7f454258d000-7f4542590000 r-xp 00002000 103:02 9226167                   /usr/lib/libasyncns.so.0.3.1
7f4542590000-7f4542591000 r--p 00005000 103:02 9226167                   /usr/lib/libasyncns.so.0.3.1
7f4542591000-7f4542592000 r--p 00005000 103:02 9226167                   /usr/lib/libasyncns.so.0.3.1
7f4542592000-7f4542593000 rw-p 00006000 103:02 9226167                   /usr/lib/libasyncns.so.0.3.1
7f4542593000-7f4542597000 r--p 00000000 103:02 9217488                   /usr/lib/libxkbcommon.so.0.13.2
7f4542597000-7f45425d3000 r-xp 00004000 103:02 9217488                   /usr/lib/libxkbcommon.so.0.13.2
7f45425d3000-7f45425fd000 r--p 00040000 103:02 9217488                   /usr/lib/libxkbcommon.so.0.13.2
7f45425fd000-7f45425ff000 r--p 00069000 103:02 9217488                   /usr/lib/libxkbcommon.so.0.13.2
7f45425ff000-7f4542600000 rw-p 0006b000 103:02 9217488                   /usr/lib/libxkbcommon.so.0.13.2
7f4542600000-7f454261d000 r--p 00000000 103:02 9238236                   /usr/lib/libmpv.so.2.5.0
7f454261d000-7f454281f000 r-xp 0001d000 103:02 9238236                   /usr/lib/libmpv.so.2.5.0
7f454281f000-7f454290b000 r--p 0021f000 103:02 9238236                   /usr/lib/libmpv.so.2.5.0
7f454290b000-7f4542957000 r--p 0030b000 103:02 9238236                   /usr/lib/libmpv.so.2.5.0
7f4542957000-7f4542959000 rw-p 00357000 103:02 9238236                   /usr/lib/libmpv.so.2.5.0
7f4542959000-7f454295a000 rw-p 00000000 00:00 0 
7f454295b000-7f4542960000 r--p 00000000 103:02 9226922                   /usr/lib/libvidstab.so.1.2
7f4542960000-7f454296e000 r-xp 00005000 103:02 9226922                   /usr/lib/libvidstab.so.1.2
7f454296e000-7f4542972000 r--p 00013000 103:02 9226922                   /usr/lib/libvidstab.so.1.2
7f4542972000-7f4542973000 r--p 00016000 103:02 9226922                   /usr/lib/libvidstab.so.1.2
7f4542973000-7f4542974000 rw-p 00017000 103:02 9226922                   /usr/lib/libvidstab.so.1.2
7f4542974000-7f4542976000 r--p 00000000 103:02 9226261                   /usr/lib/libtheoradec.so.2.1.1
7f4542976000-7f454298e000 r-xp 00002000 103:02 9226261                   /usr/lib/libtheoradec.so.2.1.1
7f454298e000-7f4542990000 r--p 0001a000 103:02 9226261                   /usr/lib/libtheoradec.so.2.1.1
7f4542990000-7f4542991000 r--p 0001b000 103:02 9226261                   /usr/lib/libtheoradec.so.2.1.1
7f4542991000-7f4542992000 rw-p 0001c000 103:02 9226261                   /usr/lib/libtheoradec.so.2.1.1
7f4542992000-7f4542998000 r--p 00000000 103:02 9238181                   /usr/lib/libsixel.so.1.0.0
7f4542998000-7f45429dd000 r-xp 00006000 103:02 9238181                   /usr/lib/libsixel.so.1.0.0
7f45429dd000-7f45429e8000 r--p 0004b000 103:02 9238181                   /usr/lib/libsixel.so.1.0.0
7f45429e8000-7f45429ff000 r--p 00055000 103:02 9238181                   /usr/lib/libsixel.so.1.0.0
7f45429ff000-7f4542a00000 rw-p 0006c000 103:02 9238181                   /usr/lib/libsixel.so.1.0.0
7f4542a00000-7f4542a1e000 r-xp 00000000 103:02 1179927                   /home/arcady/.cache/JNA/temp/jna10128609713276381012.tmp (deleted)
7f4542a1e000-7f4542c1d000 ---p 0001e000 103:02 1179927                   /home/arcady/.cache/JNA/temp/jna10128609713276381012.tmp (deleted)
7f4542c1d000-7f4542c1e000 rw-p 0001d000 103:02 1179927                   /home/arcady/.cache/JNA/temp/jna10128609713276381012.tmp (deleted)
7f4542c1e000-7f4542c1f000 rw-p 00000000 00:00 0 
7f4542c20000-7f4542c23000 r--p 00000000 103:02 9226156                   /usr/lib/libiec61883.so.0.1.1
7f4542c23000-7f4542c2a000 r-xp 00003000 103:02 9226156                   /usr/lib/libiec61883.so.0.1.1
7f4542c2a000-7f4542c2e000 r--p 0000a000 103:02 9226156                   /usr/lib/libiec61883.so.0.1.1
7f4542c2e000-7f4542c2f000 r--p 0000d000 103:02 9226156                   /usr/lib/libiec61883.so.0.1.1
7f4542c2f000-7f4542c30000 rw-p 0000e000 103:02 9226156                   /usr/lib/libiec61883.so.0.1.1
7f4542c30000-7f4542c32000 r--p 00000000 103:02 9226809                   /usr/lib/libspeex.so.1.5.2
7f4542c32000-7f4542c58000 r-xp 00002000 103:02 9226809                   /usr/lib/libspeex.so.1.5.2
7f4542c58000-7f4542c5e000 r--p 00028000 103:02 9226809                   /usr/lib/libspeex.so.1.5.2
7f4542c5e000-7f4542c5f000 r--p 0002d000 103:02 9226809                   /usr/lib/libspeex.so.1.5.2
7f4542c5f000-7f4542c60000 rw-p 0002e000 103:02 9226809                   /usr/lib/libspeex.so.1.5.2
7f4542c60000-7f4542c61000 r--p 00000000 103:02 9226300                   /usr/lib/libopencore-amrwb.so.0.0.5
7f4542c61000-7f4542c79000 r-xp 00001000 103:02 9226300                   /usr/lib/libopencore-amrwb.so.0.0.5
7f4542c79000-7f4542c80000 r--p 00019000 103:02 9226300                   /usr/lib/libopencore-amrwb.so.0.0.5
7f4542c80000-7f4542c81000 r--p 0001f000 103:02 9226300                   /usr/lib/libopencore-amrwb.so.0.0.5
7f4542c81000-7f4542c82000 rw-p 00020000 103:02 9226300                   /usr/lib/libopencore-amrwb.so.0.0.5
7f4542c82000-7f4542c87000 r--p 00000000 103:02 9219086                   /usr/lib/libjpeg.so.8.3.2
7f4542c87000-7f4542d01000 r-xp 00005000 103:02 9219086                   /usr/lib/libjpeg.so.8.3.2
7f4542d01000-7f4542d28000 r--p 0007f000 103:02 9219086                   /usr/lib/libjpeg.so.8.3.2
7f4542d28000-7f4542d29000 r--p 000a6000 103:02 9219086                   /usr/lib/libjpeg.so.8.3.2
7f4542d29000-7f4542d2a000 rw-p 000a7000 103:02 9219086                   /usr/lib/libjpeg.so.8.3.2
7f4542d2c000-7f4542f2c000 rw-s 18f14e000 00:07 525                       /dev/dri/renderD128
7f454302f000-7f4543031000 r--p 00000000 103:02 9718301                   /usr/lib/pipewire-0.3/libpipewire-module-client-device.so
7f4543031000-7f454303d000 r-xp 00002000 103:02 9718301                   /usr/lib/pipewire-0.3/libpipewire-module-client-device.so
7f454303d000-7f454303e000 r--p 0000e000 103:02 9718301                   /usr/lib/pipewire-0.3/libpipewire-module-client-device.so
7f454303e000-7f454303f000 r--p 0000f000 103:02 9718301                   /usr/lib/pipewire-0.3/libpipewire-module-client-device.so
7f454303f000-7f4543040000 rw-p 00010000 103:02 9718301                   /usr/lib/pipewire-0.3/libpipewire-module-client-device.so
7f4543040000-7f4543043000 r--p 00000000 103:02 9730055                   /usr/lib/pipewire-0.3/libpipewire-module-client-node.so
7f4543043000-7f4543060000 r-xp 00003000 103:02 9730055                   /usr/lib/pipewire-0.3/libpipewire-module-client-node.so
7f4543060000-7f4543066000 r--p 00020000 103:02 9730055                   /usr/lib/pipewire-0.3/libpipewire-module-client-node.so
7f4543066000-7f4543068000 r--p 00025000 103:02 9730055                   /usr/lib/pipewire-0.3/libpipewire-module-client-node.so
7f4543068000-7f4543069000 rw-p 00027000 103:02 9730055                   /usr/lib/pipewire-0.3/libpipewire-module-client-node.so
7f4543069000-7f454306b000 r--p 00000000 103:02 9731179                   /usr/lib/spa-0.2/support/libspa-support.so
7f454306b000-7f454308b000 r-xp 00002000 103:02 9731179                   /usr/lib/spa-0.2/support/libspa-support.so
7f454308b000-7f4543092000 r--p 00022000 103:02 9731179                   /usr/lib/spa-0.2/support/libspa-support.so
7f4543092000-7f454309a000 r--p 00029000 103:02 9731179                   /usr/lib/spa-0.2/support/libspa-support.so
7f454309a000-7f454309b000 rw-p 00031000 103:02 9731179                   /usr/lib/spa-0.2/support/libspa-support.so
7f454309b000-7f454329b000 rw-s 1cc2d4000 00:07 525                       /dev/dri/renderD128
7f454329b000-7f45432af000 rw-s 171192000 00:07 525                       /dev/dri/renderD128
7f45432af000-7f45432c3000 rw-s 14ba3b000 00:07 525                       /dev/dri/renderD128
7f45432c3000-7f45432d7000 rw-s 10d2b6000 00:07 525                       /dev/dri/renderD128
7f45432d7000-7f45432eb000 rw-s 1ba454000 00:07 525                       /dev/dri/renderD128
7f45432eb000-7f45432ff000 rw-s 11e8df000 00:07 525                       /dev/dri/renderD128
7f4543406000-7f454340a000 rw-s 12fa07000 00:07 525                       /dev/dri/renderD128
7f454340a000-7f454340e000 rw-s 1033ff000 00:07 525                       /dev/dri/renderD128
7f454340e000-7f4543422000 rw-s 16fc92000 00:07 525                       /dev/dri/renderD128
7f4543422000-7f4543436000 rw-s 16432b000 00:07 525                       /dev/dri/renderD128
7f4543436000-7f454344a000 rw-s 15ed1f000 00:07 525                       /dev/dri/renderD128
7f454344a000-7f454345e000 rw-s 184c9b000 00:07 525                       /dev/dri/renderD128
7f454345e000-7f4543472000 rw-s 1bb5e4000 00:07 525                       /dev/dri/renderD128
7f4543472000-7f4543486000 rw-s 1220cb000 00:07 525                       /dev/dri/renderD128
7f4543486000-7f454349a000 rw-s 125867000 00:07 525                       /dev/dri/renderD128
7f454349a000-7f45434ae000 rw-s 162e79000 00:07 525                       /dev/dri/renderD128
7f45434ae000-7f45434c2000 rw-s 116cb9000 00:07 525                       /dev/dri/renderD128
7f45434c2000-7f45434d6000 rw-s 1799ee000 00:07 525                       /dev/dri/renderD128
7f45434d6000-7f45434ea000 rw-s 14b81d000 00:07 525                       /dev/dri/renderD128
7f45434ea000-7f45434fe000 rw-s 1642dd000 00:07 525                       /dev/dri/renderD128
7f45434fe000-7f4543512000 rw-s 18ac3f000 00:07 525                       /dev/dri/renderD128
7f4543512000-7f4543526000 rw-s 16ca68000 00:07 525                       /dev/dri/renderD128
7f4543526000-7f454353a000 rw-s 1182bb000 00:07 525                       /dev/dri/renderD128
7f454353a000-7f454354e000 rw-s 116c8d000 00:07 525                       /dev/dri/renderD128
7f454354e000-7f4543562000 rw-s 19412d000 00:07 525                       /dev/dri/renderD128
7f4543562000-7f4543576000 rw-s 192aa9000 00:07 525                       /dev/dri/renderD128
7f4543576000-7f4543577000 rw-p 00000000 00:00 0 
7f4543577000-7f454357b000 ---p 00000000 00:00 0 
7f454357b000-7f4543678000 rw-p 00000000 00:00 0 
7f4543678000-7f454367c000 ---p 00000000 00:00 0 
7f454367c000-7f4543778000 rw-p 00000000 00:00 0 
7f4543778000-7f45437b8000 rw-p 00000000 00:00 0 
7f45437b8000-7f45437bc000 rw-s 147dbf000 00:07 525                       /dev/dri/renderD128
7f45437bc000-7f45437c0000 rw-s 102f93000 00:07 525                       /dev/dri/renderD128
7f45437c0000-7f45437c4000 rw-s 1835a4000 00:07 525                       /dev/dri/renderD128
7f45437c4000-7f45437d8000 rw-s 1ac59f000 00:07 525                       /dev/dri/renderD128
7f45437d8000-7f45437f8000 rw-p 00000000 00:00 0 
7f45439fa000-7f45439fb000 rw-p 00000000 00:00 0 
7f45439fb000-7f45439ff000 ---p 00000000 00:00 0 
7f45439ff000-7f4543afb000 rw-p 00000000 00:00 0 
7f4544000000-7f4547e68000 rw-p 00000000 00:00 0 
7f4547e68000-7f4548000000 ---p 00000000 00:00 0 
7f4548000000-7f4548004000 rw-s 1675da000 00:07 525                       /dev/dri/renderD128
7f4548004000-7f4548006000 r--p 00000000 103:02 9182143                   /usr/lib/libacl.so.1.2.2400
7f4548006000-7f454800e000 r-xp 00002000 103:02 9182143                   /usr/lib/libacl.so.1.2.2400
7f454800e000-7f4548010000 r--p 0000a000 103:02 9182143                   /usr/lib/libacl.so.1.2.2400
7f4548010000-7f4548011000 r--p 0000b000 103:02 9182143                   /usr/lib/libacl.so.1.2.2400
7f4548011000-7f4548012000 rw-p 0000c000 103:02 9182143                   /usr/lib/libacl.so.1.2.2400
7f4548416000-7f4548c00000 rw-p 00000000 00:00 0 
7f4548c01000-7f4548c02000 r--p 00000000 103:02 9226063                   /usr/lib/librom1394.so.0.3.0
7f4548c02000-7f4548c05000 r-xp 00001000 103:02 9226063                   /usr/lib/librom1394.so.0.3.0
7f4548c05000-7f4548c06000 r--p 00004000 103:02 9226063                   /usr/lib/librom1394.so.0.3.0
7f4548c06000-7f4548c07000 r--p 00004000 103:02 9226063                   /usr/lib/librom1394.so.0.3.0
7f4548c07000-7f4548c08000 rw-p 00005000 103:02 9226063                   /usr/lib/librom1394.so.0.3.0
7f4548c08000-7f4548c15000 r--p 00000000 103:02 9225594                   /usr/lib/libpipewire-0.3.so.0.1608.0
7f4548c15000-7f4548cb2000 r-xp 0000d000 103:02 9225594                   /usr/lib/libpipewire-0.3.so.0.1608.0
7f4548cb2000-7f4548cd4000 r--p 000aa000 103:02 9225594                   /usr/lib/libpipewire-0.3.so.0.1608.0
7f4548cd4000-7f4548cfd000 r--p 000cc000 103:02 9225594                   /usr/lib/libpipewire-0.3.so.0.1608.0
7f4548cfd000-7f4548cfe000 rw-p 000f5000 103:02 9225594                   /usr/lib/libpipewire-0.3.so.0.1608.0
7f4548cfe000-7f4548cff000 rw-p 00000000 00:00 0 
7f4548e00000-7f4549e04000 r--p 00000000 103:02 10356829                  /usr/share/fonts/wenquanyi/wqy-zenhei/wqy-zenhei.ttc
7f4549e07000-7f4549e09000 r--p 00000000 103:02 9225938                   /usr/lib/libgsm.so.1.0.22
7f4549e09000-7f4549e19000 r-xp 00002000 103:02 9225938                   /usr/lib/libgsm.so.1.0.22
7f4549e19000-7f4549e1b000 r--p 00012000 103:02 9225938                   /usr/lib/libgsm.so.1.0.22
7f4549e1b000-7f4549e1c000 r--p 00013000 103:02 9225938                   /usr/lib/libgsm.so.1.0.22
7f4549e1c000-7f4549e1d000 rw-p 00014000 103:02 9225938                   /usr/lib/libgsm.so.1.0.22
7f4549e1d000-7f4549e21000 r--p 00000000 103:02 9182655                   /usr/lib/liblzma.so.5.8.3
7f4549e21000-7f4549e43000 r-xp 00004000 103:02 9182655                   /usr/lib/liblzma.so.5.8.3
7f4549e43000-7f4549e50000 r--p 00026000 103:02 9182655                   /usr/lib/liblzma.so.5.8.3
7f4549e50000-7f4549e51000 r--p 00033000 103:02 9182655                   /usr/lib/liblzma.so.5.8.3
7f4549e51000-7f4549e52000 rw-p 00034000 103:02 9182655                   /usr/lib/liblzma.so.5.8.3
7f4549e52000-7f4549e55000 r--p 00000000 103:02 9226909                   /usr/lib/libzimg.so.2.0.0
7f4549e55000-7f4549ee8000 r-xp 00003000 103:02 9226909                   /usr/lib/libzimg.so.2.0.0
7f4549ee8000-7f4549efa000 r--p 00096000 103:02 9226909                   /usr/lib/libzimg.so.2.0.0
7f4549efa000-7f4549efe000 r--p 000a7000 103:02 9226909                   /usr/lib/libzimg.so.2.0.0
7f4549efe000-7f4549eff000 rw-p 000ab000 103:02 9226909                   /usr/lib/libzimg.so.2.0.0
7f454a000000-7f454a580000 rw-p 00000000 00:00 0 
7f454a580000-7f454a600000 rw-p 00000000 00:00 0 
7f454a600000-7f454ab00000 rw-p 00000000 00:00 0 
7f454ab00000-7f454ab50000 rw-p 00000000 00:00 0 
7f454ab50000-7f454ac00000 ---p 00000000 00:00 0 
7f454ac00000-7f454adf0000 rw-p 00000000 00:00 0 
7f454adf0000-7f454e000000 ---p 00000000 00:00 0 
7f454e000000-7f454e002000 r--p 00000000 103:02 9226060                   /usr/lib/libavc1394.so.0.3.0
7f454e002000-7f454e004000 r-xp 00002000 103:02 9226060                   /usr/lib/libavc1394.so.0.3.0
7f454e004000-7f454e005000 r--p 00004000 103:02 9226060                   /usr/lib/libavc1394.so.0.3.0
7f454e005000-7f454e006000 r--p 00004000 103:02 9226060                   /usr/lib/libavc1394.so.0.3.0
7f454e006000-7f454e007000 rw-p 00005000 103:02 9226060                   /usr/lib/libavc1394.so.0.3.0
7f454e007000-7f454e009000 r--p 00000000 103:02 9225930                   /usr/lib/libglslang-default-resource-limits.so.16.4.0
7f454e009000-7f454e00d000 r-xp 00002000 103:02 9225930                   /usr/lib/libglslang-default-resource-limits.so.16.4.0
7f454e00d000-7f454e00f000 r--p 00006000 103:02 9225930                   /usr/lib/libglslang-default-resource-limits.so.16.4.0
7f454e00f000-7f454e010000 r--p 00008000 103:02 9225930                   /usr/lib/libglslang-default-resource-limits.so.16.4.0
7f454e010000-7f454e011000 rw-p 00009000 103:02 9225930                   /usr/lib/libglslang-default-resource-limits.so.16.4.0
7f454e011000-7f454e014000 r--p 00000000 103:02 9270675                   /usr/lib/libva.so.2.2400.0
7f454e014000-7f454e036000 r-xp 00003000 103:02 9270675                   /usr/lib/libva.so.2.2400.0
7f454e036000-7f454e04a000 r--p 00025000 103:02 9270675                   /usr/lib/libva.so.2.2400.0
7f454e04a000-7f454e04b000 r--p 00038000 103:02 9270675                   /usr/lib/libva.so.2.2400.0
7f454e04b000-7f454e04c000 rw-p 00039000 103:02 9270675                   /usr/lib/libva.so.2.2400.0
7f454e04c000-7f454e059000 r--p 00000000 103:02 9226403                   /usr/lib/libSDL2-2.0.so.0.3200.70
7f454e059000-7f454e095000 r-xp 0000d000 103:02 9226403                   /usr/lib/libSDL2-2.0.so.0.3200.70
7f454e095000-7f454e0b3000 r--p 00049000 103:02 9226403                   /usr/lib/libSDL2-2.0.so.0.3200.70
7f454e0b3000-7f454e0b5000 r--p 00066000 103:02 9226403                   /usr/lib/libSDL2-2.0.so.0.3200.70
7f454e0b5000-7f454e0b7000 rw-p 00068000 103:02 9226403                   /usr/lib/libSDL2-2.0.so.0.3200.70
7f454e0b7000-7f454e0ba000 rw-p 00000000 00:00 0 
7f454e0bb000-7f454e0bf000 rw-s 192abd000 00:07 525                       /dev/dri/renderD128
7f454e0bf000-7f454e0c1000 r--p 00000000 103:02 9717194                   /usr/lib/pipewire-0.3/libpipewire-module-adapter.so
7f454e0c1000-7f454e0c5000 r-xp 00002000 103:02 9717194                   /usr/lib/pipewire-0.3/libpipewire-module-adapter.so
7f454e0c5000-7f454e0c7000 r--p 00006000 103:02 9717194                   /usr/lib/pipewire-0.3/libpipewire-module-adapter.so
7f454e0c7000-7f454e0c8000 r--p 00007000 103:02 9717194                   /usr/lib/pipewire-0.3/libpipewire-module-adapter.so
7f454e0c8000-7f454e0c9000 rw-p 00008000 103:02 9717194                   /usr/lib/pipewire-0.3/libpipewire-module-adapter.so
7f454e0c9000-7f454e0d9000 r-xp 00000000 00:00 0 
7f454e0d9000-7f454e0f9000 rw-p 00000000 00:00 0 
7f454e0f9000-7f454e0fa000 rw-p 00000000 00:00 0 
7f454e0fa000-7f454e0fe000 ---p 00000000 00:00 0 
7f454e0fe000-7f454e1fa000 rw-p 00000000 00:00 0 
7f454e1fa000-7f454e23a000 rw-p 00000000 00:00 0 
7f454e23c000-7f454e23e000 r--p 00000000 103:02 9730839                   /usr/lib/pipewire-0.3/libpipewire-module-rt.so
7f454e23e000-7f454e242000 r-xp 00002000 103:02 9730839                   /usr/lib/pipewire-0.3/libpipewire-module-rt.so
7f454e242000-7f454e244000 r--p 00006000 103:02 9730839                   /usr/lib/pipewire-0.3/libpipewire-module-rt.so
7f454e244000-7f454e245000 r--p 00007000 103:02 9730839                   /usr/lib/pipewire-0.3/libpipewire-module-rt.so
7f454e245000-7f454e246000 rw-p 00008000 103:02 9730839                   /usr/lib/pipewire-0.3/libpipewire-module-rt.so
7f454e246000-7f454e25a000 rw-s 191039000 00:07 525                       /dev/dri/renderD128
7f454e25a000-7f454e2ba000 rw-p 00000000 00:00 0 
7f454e5bd000-7f454e5bf000 r--p 00000000 103:02 9214054                   /usr/lib/libxcb-shape.so.0.0.0
7f454e5bf000-7f454e5c0000 r-xp 00002000 103:02 9214054                   /usr/lib/libxcb-shape.so.0.0.0
7f454e5c0000-7f454e5c1000 r--p 00003000 103:02 9214054                   /usr/lib/libxcb-shape.so.0.0.0
7f454e5c1000-7f454e5c2000 r--p 00003000 103:02 9214054                   /usr/lib/libxcb-shape.so.0.0.0
7f454e5c2000-7f454e5c3000 rw-p 00004000 103:02 9214054                   /usr/lib/libxcb-shape.so.0.0.0
7f454e5c3000-7f454e5c4000 r--p 00000000 103:02 9226038                   /usr/lib/libunibreak.so.7.0.0
7f454e5c4000-7f454e5c7000 r-xp 00001000 103:02 9226038                   /usr/lib/libunibreak.so.7.0.0
7f454e5c7000-7f454e5e4000 r--p 00004000 103:02 9226038                   /usr/lib/libunibreak.so.7.0.0
7f454e5e4000-7f454e5e5000 r--p 00020000 103:02 9226038                   /usr/lib/libunibreak.so.7.0.0
7f454e5e5000-7f454e5e6000 rw-p 00021000 103:02 9226038                   /usr/lib/libunibreak.so.7.0.0
7f454e5e6000-7f454e5eb000 r--p 00000000 103:02 9238221                   /usr/lib/libluajit-5.1.so.2.1.1785763465
7f454e5eb000-7f454e69e000 r-xp 00005000 103:02 9238221                   /usr/lib/libluajit-5.1.so.2.1.1785763465
7f454e69e000-7f454e6b8000 r--p 000b8000 103:02 9238221                   /usr/lib/libluajit-5.1.so.2.1.1785763465
7f454e6b8000-7f454e6bb000 r--p 000d1000 103:02 9238221                   /usr/lib/libluajit-5.1.so.2.1.1785763465
7f454e6bb000-7f454e6bc000 rw-p 000d4000 103:02 9238221                   /usr/lib/libluajit-5.1.so.2.1.1785763465
7f454e7bd000-7f454e7be000 rw-p 00000000 00:00 0 
7f454e7be000-7f454e7c2000 ---p 00000000 00:00 0 
7f454e7c2000-7f454e8bf000 rw-p 00000000 00:00 0 
7f454e8bf000-7f454e8c3000 ---p 00000000 00:00 0 
7f454e8c3000-7f454e9bf000 rw-p 00000000 00:00 0 
7f454eec4000-7f454eec7000 r--p 00000000 103:02 9226414                   /usr/lib/libsnappy.so.1.2.2
7f454eec7000-7f454eed1000 r-xp 00003000 103:02 9226414                   /usr/lib/libsnappy.so.1.2.2
7f454eed1000-7f454eed4000 r--p 0000d000 103:02 9226414                   /usr/lib/libsnappy.so.1.2.2
7f454eed4000-7f454eed5000 r--p 0000f000 103:02 9226414                   /usr/lib/libsnappy.so.1.2.2
7f454eed5000-7f454eed6000 rw-p 00010000 103:02 9226414                   /usr/lib/libsnappy.so.1.2.2
7f454eed6000-7f454eee2000 r--p 00000000 103:02 9226184                   /usr/lib/libpulse.so.0.24.3
7f454eee2000-7f454ef16000 r-xp 0000c000 103:02 9226184                   /usr/lib/libpulse.so.0.24.3
7f454ef16000-7f454ef2c000 r--p 00040000 103:02 9226184                   /usr/lib/libpulse.so.0.24.3
7f454ef2c000-7f454ef2e000 r--p 00055000 103:02 9226184                   /usr/lib/libpulse.so.0.24.3
7f454ef2e000-7f454ef2f000 rw-p 00057000 103:02 9226184                   /usr/lib/libpulse.so.0.24.3
7f454ef2f000-7f454ef38000 r--p 00000000 103:02 9220123                   /usr/lib/liblcms2.so.2.0.19
7f454ef38000-7f454efa7000 r-xp 00009000 103:02 9220123                   /usr/lib/liblcms2.so.2.0.19
7f454efa7000-7f454efbc000 r--p 00078000 103:02 9220123                   /usr/lib/liblcms2.so.2.0.19
7f454efbc000-7f454efbf000 r--p 0008c000 103:02 9220123                   /usr/lib/liblcms2.so.2.0.19
7f454efbf000-7f454efc2000 rw-p 0008f000 103:02 9220123                   /usr/lib/liblcms2.so.2.0.19
7f454efc2000-7f454efc3000 rw-p 00000000 00:00 0 
7f454f0c9000-7f454f8cb000 rw-p 00000000 00:00 0 
7f454f8cb000-7f454f8cf000 ---p 00000000 00:00 0 
7f454f8cf000-7f454f9cb000 rw-p 00000000 00:00 0 
7f454facc000-7f454face000 r--p 00000000 103:02 9220070                   /usr/lib/libwebpmux.so.3.1.2
7f454face000-7f454fad6000 r-xp 00002000 103:02 9220070                   /usr/lib/libwebpmux.so.3.1.2
7f454fad6000-7f454fad7000 r--p 0000a000 103:02 9220070                   /usr/lib/libwebpmux.so.3.1.2
7f454fad7000-7f454fad8000 r--p 0000b000 103:02 9220070                   /usr/lib/libwebpmux.so.3.1.2
7f454fad8000-7f454fad9000 rw-p 0000c000 103:02 9220070                   /usr/lib/libwebpmux.so.3.1.2
7f454fad9000-7f454fae9000 r--p 00000000 103:02 9226382                   /usr/lib/librubberband.so.3.0.0
7f454fae9000-7f454fb3a000 r-xp 00010000 103:02 9226382                   /usr/lib/librubberband.so.3.0.0
7f454fb3a000-7f454fb4c000 r--p 00061000 103:02 9226382                   /usr/lib/librubberband.so.3.0.0
7f454fb4c000-7f454fb4e000 r--p 00072000 103:02 9226382                   /usr/lib/librubberband.so.3.0.0
7f454fb4e000-7f454fb4f000 rw-p 00074000 103:02 9226382                   /usr/lib/librubberband.so.3.0.0
7f454fc50000-7f454fe50000 rw-s 14c673000 00:07 525                       /dev/dri/renderD128
7f454fe50000-7f4553e58000 rw-p 00000000 00:00 0 
7f4553e5b000-7f4553e5d000 r--p 00000000 103:02 9226142                   /usr/lib/libbs2b.so.0.0.0
7f4553e5d000-7f4553e60000 r-xp 00002000 103:02 9226142                   /usr/lib/libbs2b.so.0.0.0
7f4553e60000-7f4553e61000 r--p 00005000 103:02 9226142                   /usr/lib/libbs2b.so.0.0.0
7f4553e61000-7f4553e62000 r--p 00005000 103:02 9226142                   /usr/lib/libbs2b.so.0.0.0
7f4553e62000-7f4553e63000 rw-p 00006000 103:02 9226142                   /usr/lib/libbs2b.so.0.0.0
7f4553e63000-7f4553e65000 r--p 00000000 103:02 9217505                   /usr/lib/libfribidi.so.0.4.0
7f4553e65000-7f4553e6d000 r-xp 00002000 103:02 9217505                   /usr/lib/libfribidi.so.0.4.0
7f4553e6d000-7f4553e84000 r--p 0000a000 103:02 9217505                   /usr/lib/libfribidi.so.0.4.0
7f4553e84000-7f4553e85000 r--p 00021000 103:02 9217505                   /usr/lib/libfribidi.so.0.4.0
7f4553e85000-7f4553e86000 rw-p 00022000 103:02 9217505                   /usr/lib/libfribidi.so.0.4.0
7f4554088000-7f4554089000 rw-p 00000000 00:00 0 
7f4554089000-7f455408d000 ---p 00000000 00:00 0 
7f455408d000-7f455498a000 rw-p 00000000 00:00 0 
7f455498a000-7f455498e000 rw-s 194141000 00:07 525                       /dev/dri/renderD128
7f455498e000-7f455498f000 r--p 00000000 103:02 9731176                   /usr/lib/spa-0.2/support/libspa-dbus.so
7f455498f000-7f4554992000 r-xp 00001000 103:02 9731176                   /usr/lib/spa-0.2/support/libspa-dbus.so
7f4554992000-7f4554993000 r--p 00004000 103:02 9731176                   /usr/lib/spa-0.2/support/libspa-dbus.so
7f4554993000-7f4554994000 r--p 00005000 103:02 9731176                   /usr/lib/spa-0.2/support/libspa-dbus.so
7f4554994000-7f4554995000 rw-p 00006000 103:02 9731176                   /usr/lib/spa-0.2/support/libspa-dbus.so
7f4554995000-7f45549a9000 rw-s 15a2b5000 00:07 525                       /dev/dri/renderD128
7f45549a9000-7f4554a29000 rw-p 00000000 00:00 0 
7f4554a29000-7f4554a2e000 rw-s 186d98000 00:07 525                       /dev/dri/renderD128
7f4554a2e000-7f4554a2f000 r--p 00000000 103:02 9731178                   /usr/lib/spa-0.2/support/libspa-journal.so
7f4554a2f000-7f4554a31000 r-xp 00001000 103:02 9731178                   /usr/lib/spa-0.2/support/libspa-journal.so
7f4554a31000-7f4554a32000 r--p 00003000 103:02 9731178                   /usr/lib/spa-0.2/support/libspa-journal.so
7f4554a32000-7f4554a33000 r--p 00003000 103:02 9731178                   /usr/lib/spa-0.2/support/libspa-journal.so
7f4554a33000-7f4554a34000 rw-p 00004000 103:02 9731178                   /usr/lib/spa-0.2/support/libspa-journal.so
7f4554a34000-7f4554a39000 rw-s 176518000 00:07 525                       /dev/dri/renderD128
7f4554a39000-7f4554a49000 r-xp 00000000 00:00 0 
7f4554a49000-7f4554a89000 rw-p 00000000 00:00 0 
7f4554a89000-7f4554a8a000 rw-p 00000000 00:00 0 
7f4554a8a000-7f4554a8e000 ---p 00000000 00:00 0 
7f4554a8e000-7f4554b8a000 rw-p 00000000 00:00 0 
7f4554b8a000-7f4554d8a000 rw-s 17065a000 00:07 525                       /dev/dri/renderD128
7f4554d8a000-7f4554f8a000 rw-s 18ada5000 00:07 525                       /dev/dri/renderD128
7f4554f8a000-7f455518a000 rw-s 16816d000 00:07 525                       /dev/dri/renderD128
7f455518d000-7f4555190000 r--p 00000000 103:02 9217974                   /usr/lib/libdisplay-info.so.0.3.0
7f4555190000-7f45551a9000 r-xp 00003000 103:02 9217974                   /usr/lib/libdisplay-info.so.0.3.0
7f45551a9000-7f45551c5000 r--p 0001c000 103:02 9217974                   /usr/lib/libdisplay-info.so.0.3.0
7f45551c5000-7f45551c6000 r--p 00037000 103:02 9217974                   /usr/lib/libdisplay-info.so.0.3.0
7f45551c6000-7f45551c7000 rw-p 00038000 103:02 9217974                   /usr/lib/libdisplay-info.so.0.3.0
7f45551c7000-7f45551cd000 r--p 00000000 103:02 9225992                   /usr/lib/libjack.so.0.0.28
7f45551cd000-7f45551da000 r-xp 00006000 103:02 9225992                   /usr/lib/libjack.so.0.0.28
7f45551da000-7f45551df000 r--p 00013000 103:02 9225992                   /usr/lib/libjack.so.0.0.28
7f45551df000-7f45551e0000 r--p 00017000 103:02 9225992                   /usr/lib/libjack.so.0.0.28
7f45551e0000-7f45551e1000 rw-p 00018000 103:02 9225992                   /usr/lib/libjack.so.0.0.28
7f45551e1000-7f45551eb000 rw-p 00000000 00:00 0 
7f45551eb000-7f4555289000 r--p 00000000 103:02 9721590                   /usr/share/fonts/noto/NotoSans-Black.ttf
7f455538a000-7f455558a000 rw-s 18e682000 00:07 525                       /dev/dri/renderD128
7f455558a000-7f4555688000 r--p 00000000 103:02 263747                    /usr/share/fonts/arial/ARIAL.TTF
7f4555688000-7f4555720000 r--p 00000000 103:02 9723237                   /usr/share/fonts/noto/NotoSans-Regular.ttf
7f4555720000-7f45557da000 r--p 00000000 103:02 9729157                   /usr/share/fonts/TTF/DejaVuSans.ttf
7f45557da000-7f4555872000 r--p 00000000 103:02 9723234                   /usr/share/fonts/noto/NotoSans-Medium.ttf
7f4555873000-7f4555874000 r--p 00000000 103:02 9220208                   /usr/lib/libjxl_threads.so.0.12.0
7f4555874000-7f4555876000 r-xp 00001000 103:02 9220208                   /usr/lib/libjxl_threads.so.0.12.0
7f4555876000-7f4555877000 r--p 00003000 103:02 9220208                   /usr/lib/libjxl_threads.so.0.12.0
7f4555877000-7f4555878000 r--p 00003000 103:02 9220208                   /usr/lib/libjxl_threads.so.0.12.0
7f4555878000-7f4555879000 rw-p 00004000 103:02 9220208                   /usr/lib/libjxl_threads.so.0.12.0
7f4555879000-7f455587a000 r--p 00000000 103:02 9226270                   /usr/lib/libvdpau.so.1.0.0
7f455587a000-7f455587b000 r-xp 00001000 103:02 9226270                   /usr/lib/libvdpau.so.1.0.0
7f455587b000-7f455587c000 r--p 00002000 103:02 9226270                   /usr/lib/libvdpau.so.1.0.0
7f455587c000-7f455587d000 r--p 00002000 103:02 9226270                   /usr/lib/libvdpau.so.1.0.0
7f455587d000-7f455587e000 rw-p 00003000 103:02 9226270                   /usr/lib/libvdpau.so.1.0.0
7f455587e000-7f4555880000 r--p 00000000 103:02 9219592                   /usr/lib/libva-x11.so.2.2400.0
7f4555880000-7f4555884000 r-xp 00002000 103:02 9219592                   /usr/lib/libva-x11.so.2.2400.0
7f4555884000-7f4555885000 r--p 00006000 103:02 9219592                   /usr/lib/libva-x11.so.2.2400.0
7f4555885000-7f4555886000 r--p 00006000 103:02 9219592                   /usr/lib/libva-x11.so.2.2400.0
7f4555886000-7f4555887000 rw-p 00007000 103:02 9219592                   /usr/lib/libva-x11.so.2.2400.0
7f4555887000-7f4555889000 r--p 00000000 103:02 9219586                   /usr/lib/libva-wayland.so.2.2400.0
7f4555889000-7f455588b000 r-xp 00002000 103:02 9219586                   /usr/lib/libva-wayland.so.2.2400.0
7f455588b000-7f455588c000 r--p 00004000 103:02 9219586                   /usr/lib/libva-wayland.so.2.2400.0
7f455588c000-7f455588d000 r--p 00005000 103:02 9219586                   /usr/lib/libva-wayland.so.2.2400.0
7f455588d000-7f455588e000 rw-p 00006000 103:02 9219586                   /usr/lib/libva-wayland.so.2.2400.0
7f455588e000-7f4555891000 r--p 00000000 103:02 9226073                   /usr/lib/libbluray.so.3.1.0
7f4555891000-7f45558e2000 r-xp 00003000 103:02 9226073                   /usr/lib/libbluray.so.3.1.0
7f45558e2000-7f45558f3000 r--p 00054000 103:02 9226073                   /usr/lib/libbluray.so.3.1.0
7f45558f3000-7f45558f5000 r--p 00064000 103:02 9226073                   /usr/lib/libbluray.so.3.1.0
7f45558f5000-7f45558f6000 rw-p 00066000 103:02 9226073                   /usr/lib/libbluray.so.3.1.0
7f45559f9000-7f45559fa000 r--p 00000000 103:02 9219580                   /usr/lib/libva-drm.so.2.2400.0
7f45559fa000-7f45559fb000 r-xp 00001000 103:02 9219580                   /usr/lib/libva-drm.so.2.2400.0
7f45559fb000-7f45559fc000 r--p 00002000 103:02 9219580                   /usr/lib/libva-drm.so.2.2400.0
7f45559fc000-7f45559fd000 r--p 00002000 103:02 9219580                   /usr/lib/libva-drm.so.2.2400.0
7f45559fd000-7f45559fe000 rw-p 00003000 103:02 9219580                   /usr/lib/libva-drm.so.2.2400.0
7f45559fe000-7f4555a00000 r--p 00000000 103:02 9217800                   /usr/lib/libEGL.so.1.1.0
7f4555a00000-7f4555a0a000 r-xp 00002000 103:02 9217800                   /usr/lib/libEGL.so.1.1.0
7f4555a0a000-7f4555a0e000 r--p 0000c000 103:02 9217800                   /usr/lib/libEGL.so.1.1.0
7f4555a0e000-7f4555a0f000 r--p 0000f000 103:02 9217800                   /usr/lib/libEGL.so.1.1.0
7f4555a0f000-7f4555a10000 rw-p 00010000 103:02 9217800                   /usr/lib/libEGL.so.1.1.0
7f4555a10000-7f4555a11000 r--p 00000000 103:02 9238231                   /usr/lib/libuchardet.so.0.0.8
7f4555a11000-7f4555a18000 r-xp 00001000 103:02 9238231                   /usr/lib/libuchardet.so.0.0.8
7f4555a18000-7f4555a3b000 r--p 00008000 103:02 9238231                   /usr/lib/libuchardet.so.0.0.8
7f4555a3b000-7f4555a3e000 r--p 0002a000 103:02 9238231                   /usr/lib/libuchardet.so.0.0.8
7f4555a3e000-7f4555a3f000 rw-p 0002d000 103:02 9238231                   /usr/lib/libuchardet.so.0.0.8
7f4555a3f000-7f4555a47000 r--p 00000000 103:02 9226979                   /usr/lib/libavdevice.so.62.3.102
7f4555a47000-7f4555a58000 r-xp 00008000 103:02 9226979                   /usr/lib/libavdevice.so.62.3.102
7f4555a58000-7f4555a5f000 r--p 00019000 103:02 9226979                   /usr/lib/libavdevice.so.62.3.102
7f4555a5f000-7f4555a63000 r--p 0001f000 103:02 9226979                   /usr/lib/libavdevice.so.62.3.102
7f4555a63000-7f4555a64000 rw-p 00023000 103:02 9226979                   /usr/lib/libavdevice.so.62.3.102
7f4555b65000-7f4555bf7000 r--p 00000000 103:02 9729535                   /usr/share/fonts/noto/NotoSansMono-Regular.ttf
7f4555bf7000-7f4555df7000 rw-s 10c92c000 00:07 525                       /dev/dri/renderD128
7f4555df7000-7f4555ff7000 rw-s 121ab7000 00:07 525                       /dev/dri/renderD128
7f4555ff7000-7f4558ffd000 rw-p 00000000 00:00 0 
7f4558ffd000-7f45591fd000 rw-s 13fff3000 00:07 525                       /dev/dri/renderD128
7f45591fd000-7f45593fd000 rw-s 113892000 00:07 525                       /dev/dri/renderD128
7f45593fd000-7f455ac00000 rw-p 00000000 00:00 0 
7f455ac00000-7f455ae01000 rw-s 00000000 103:02 26345691                  /home/arcady/.cache/mesa_shader_cache/index
7f455ae02000-7f455ae04000 r--p 00000000 103:02 9219181                   /usr/lib/libXv.so.1.0.0
7f455ae04000-7f455ae08000 r-xp 00002000 103:02 9219181                   /usr/lib/libXv.so.1.0.0
7f455ae08000-7f455ae09000 r--p 00006000 103:02 9219181                   /usr/lib/libXv.so.1.0.0
7f455ae09000-7f455ae0a000 r--p 00006000 103:02 9219181                   /usr/lib/libXv.so.1.0.0
7f455ae0a000-7f455ae0b000 rw-p 00007000 103:02 9219181                   /usr/lib/libXv.so.1.0.0
7f455ae0b000-7f455ae11000 r--p 00000000 103:02 9238226                   /usr/lib/libmujs.so
7f455ae11000-7f455ae4c000 r-xp 00006000 103:02 9238226                   /usr/lib/libmujs.so
7f455ae4c000-7f455ae5e000 r--p 00041000 103:02 9238226                   /usr/lib/libmujs.so
7f455ae5e000-7f455ae60000 r--p 00053000 103:02 9238226                   /usr/lib/libmujs.so
7f455ae60000-7f455ae61000 rw-p 00055000 103:02 9238226                   /usr/lib/libmujs.so
7f455ae61000-7f455af51000 r--p 00000000 103:02 263754                    /usr/share/fonts/arial/ARIALBD 1.TTF
7f455af51000-7f455afff000 r--p 00000000 103:02 9729153                   /usr/share/fonts/TTF/DejaVuSans-Bold.ttf
7f455afff000-7f455b800000 rw-p 00000000 00:00 0 
7f455b800000-7f455d794000 r--p 00000000 103:02 9196245                   /usr/lib/libicudata.so.78.3
7f455d794000-7f455d795000 r--p 01f93000 103:02 9196245                   /usr/lib/libicudata.so.78.3
7f455d797000-7f455d798000 r--p 00000000 103:02 9217923                   /usr/lib/libwayland-egl.so.1.25.0
7f455d798000-7f455d799000 r-xp 00001000 103:02 9217923                   /usr/lib/libwayland-egl.so.1.25.0
7f455d799000-7f455d79a000 r--p 00002000 103:02 9217923                   /usr/lib/libwayland-egl.so.1.25.0
7f455d79a000-7f455d79b000 r--p 00002000 103:02 9217923                   /usr/lib/libwayland-egl.so.1.25.0
7f455d79b000-7f455d79c000 rw-p 00003000 103:02 9217923                   /usr/lib/libwayland-egl.so.1.25.0
7f455d79c000-7f455d79f000 r--p 00000000 103:02 9226759                   /usr/lib/libsndio.so.7.3
7f455d79f000-7f455d7a8000 r-xp 00003000 103:02 9226759                   /usr/lib/libsndio.so.7.3
7f455d7a8000-7f455d7ab000 r--p 0000c000 103:02 9226759                   /usr/lib/libsndio.so.7.3
7f455d7ab000-7f455d7ac000 r--p 0000f000 103:02 9226759                   /usr/lib/libsndio.so.7.3
7f455d7ac000-7f455d7ad000 rw-p 00010000 103:02 9226759                   /usr/lib/libsndio.so.7.3
7f455d7ad000-7f455d7af000 rw-p 00000000 00:00 0 
7f455d7af000-7f455d7b3000 r--p 00000000 103:02 9226043                   /usr/lib/libass.so.9.4.2
7f455d7b3000-7f455d7f6000 r-xp 00004000 103:02 9226043                   /usr/lib/libass.so.9.4.2
7f455d7f6000-7f455d7fe000 r--p 00047000 103:02 9226043                   /usr/lib/libass.so.9.4.2
7f455d7fe000-7f455d7ff000 r--p 0004f000 103:02 9226043                   /usr/lib/libass.so.9.4.2
7f455d7ff000-7f455d800000 rw-p 00050000 103:02 9226043                   /usr/lib/libass.so.9.4.2
7f455d800000-7f455d848000 r--p 00000000 103:02 9196260                   /usr/lib/libicuuc.so.78.3
7f455d848000-7f455d99e000 r-xp 00048000 103:02 9196260                   /usr/lib/libicuuc.so.78.3
7f455d99e000-7f455da38000 r--p 0019e000 103:02 9196260                   /usr/lib/libicuuc.so.78.3
7f455da38000-7f455da4b000 r--p 00238000 103:02 9196260                   /usr/lib/libicuuc.so.78.3
7f455da4b000-7f455da4c000 rw-p 0024b000 103:02 9196260                   /usr/lib/libicuuc.so.78.3
7f455da4c000-7f455da4e000 rw-p 00000000 00:00 0 
7f455da50000-7f455da51000 r--p 00000000 103:02 9238202                   /usr/lib/libXss.so.1.0.0
7f455da51000-7f455da53000 r-xp 00001000 103:02 9238202                   /usr/lib/libXss.so.1.0.0
7f455da53000-7f455da54000 r--p 00003000 103:02 9238202                   /usr/lib/libXss.so.1.0.0
7f455da54000-7f455da55000 r--p 00003000 103:02 9238202                   /usr/lib/libXss.so.1.0.0
7f455da55000-7f455da56000 rw-p 00004000 103:02 9238202                   /usr/lib/libXss.so.1.0.0
7f455da56000-7f455da57000 r--p 00000000 103:02 9217920                   /usr/lib/libwayland-cursor.so.0.25.0
7f455da57000-7f455da59000 r-xp 00001000 103:02 9217920                   /usr/lib/libwayland-cursor.so.0.25.0
7f455da59000-7f455da5a000 r--p 00003000 103:02 9217920                   /usr/lib/libwayland-cursor.so.0.25.0
7f455da5a000-7f455da5b000 r--p 00003000 103:02 9217920                   /usr/lib/libwayland-cursor.so.0.25.0
7f455da5b000-7f455da5f000 rw-p 00004000 103:02 9217920                   /usr/lib/libwayland-cursor.so.0.25.0
7f455da5f000-7f455da65000 r--p 00000000 103:02 9227885                   /usr/lib/libcdio.so.19.1.0
7f455da65000-7f455da7a000 r-xp 00006000 103:02 9227885                   /usr/lib/libcdio.so.19.1.0
7f455da7a000-7f455da84000 r--p 0001b000 103:02 9227885                   /usr/lib/libcdio.so.19.1.0
7f455da84000-7f455da86000 r--p 00024000 103:02 9227885                   /usr/lib/libcdio.so.19.1.0
7f455da86000-7f455da87000 rw-p 00026000 103:02 9227885                   /usr/lib/libcdio.so.19.1.0
7f455da87000-7f455da8a000 rw-p 00000000 00:00 0 
7f455da8a000-7f455db25000 r--p 00000000 103:02 9723224                   /usr/share/fonts/noto/NotoSans-Bold.ttf
7f455dc26000-7f455dc33000 r--p 00000000 103:02 9179034                   /usr/lib/libncursesw.so.6.6
7f455dc33000-7f455dc8b000 r-xp 0000d000 103:02 9179034                   /usr/lib/libncursesw.so.6.6
7f455dc8b000-7f455dca3000 r--p 00065000 103:02 9179034                   /usr/lib/libncursesw.so.6.6
7f455dca3000-7f455dca8000 r--p 0007c000 103:02 9179034                   /usr/lib/libncursesw.so.6.6
7f455dca8000-7f455dca9000 rw-p 00081000 103:02 9179034                   /usr/lib/libncursesw.so.6.6
7f455dca9000-7f455dcc3000 r--p 00000000 103:02 9196343                   /usr/lib/libxml2.so.16.1.3
7f455dcc3000-7f455ddc1000 r-xp 0001a000 103:02 9196343                   /usr/lib/libxml2.so.16.1.3
7f455ddc1000-7f455de08000 r--p 00118000 103:02 9196343                   /usr/lib/libxml2.so.16.1.3
7f455de08000-7f455de11000 r--p 0015f000 103:02 9196343                   /usr/lib/libxml2.so.16.1.3
7f455de11000-7f455de12000 rw-p 00168000 103:02 9196343                   /usr/lib/libxml2.so.16.1.3
7f455de12000-7f455de13000 rw-p 00000000 00:00 0 
7f455de13000-7f455de2c000 r--p 00000000 103:02 9233260                   /usr/lib/libSPIRV-Tools.so
7f455de2c000-7f455df75000 r-xp 00019000 103:02 9233260                   /usr/lib/libSPIRV-Tools.so
7f455df75000-7f455dffc000 r--p 00162000 103:02 9233260                   /usr/lib/libSPIRV-Tools.so
7f455dffc000-7f455dfff000 r--p 001e9000 103:02 9233260                   /usr/lib/libSPIRV-Tools.so
7f455dfff000-7f455e000000 rw-p 001ec000 103:02 9233260                   /usr/lib/libSPIRV-Tools.so
7f455e000000-7f4562330000 r--p 00000000 103:02 9209811                   /usr/lib/libLLVM.so.22.1
7f4562330000-7f4566bf2000 r-xp 0432f000 103:02 9209811                   /usr/lib/libLLVM.so.22.1
7f4566bf2000-7f4566e1a000 r--p 08bf0000 103:02 9209811                   /usr/lib/libLLVM.so.22.1
7f4566e1a000-7f4566e24000 rw-p 08e17000 103:02 9209811                   /usr/lib/libLLVM.so.22.1
7f4566e24000-7f4566ed0000 rw-p 00000000 00:00 0 
7f4566ed2000-7f4566ed5000 r--p 00000000 103:02 9226150                   /usr/lib/libdvdnav.so.4.4.0
7f4566ed5000-7f4566ee7000 r-xp 00003000 103:02 9226150                   /usr/lib/libdvdnav.so.4.4.0
7f4566ee7000-7f4566eeb000 r--p 00015000 103:02 9226150                   /usr/lib/libdvdnav.so.4.4.0
7f4566eeb000-7f4566eec000 r--p 00018000 103:02 9226150                   /usr/lib/libdvdnav.so.4.4.0
7f4566eec000-7f4566eed000 rw-p 00019000 103:02 9226150                   /usr/lib/libdvdnav.so.4.4.0
7f4566eed000-7f4566ef8000 r--p 00000000 103:02 9182986                   /usr/lib/libzstd.so.1.5.7
7f4566ef8000-7f4566fe8000 r-xp 0000b000 103:02 9182986                   /usr/lib/libzstd.so.1.5.7
7f4566fe8000-7f4566ffe000 r--p 000fb000 103:02 9182986                   /usr/lib/libzstd.so.1.5.7
7f4566ffe000-7f4566fff000 r--p 00110000 103:02 9182986                   /usr/lib/libzstd.so.1.5.7
7f4566fff000-7f4567000000 rw-p 00111000 103:02 9182986                   /usr/lib/libzstd.so.1.5.7
7f4567000000-7f456701a000 r--p 00000000 103:02 9265456                   /usr/lib/libgallium-26.1.6-arch3.1.so
7f456701a000-7f4568fe3000 r-xp 0001a000 103:02 9265456                   /usr/lib/libgallium-26.1.6-arch3.1.so
7f4568fe3000-7f456a225000 r--p 01fe3000 103:02 9265456                   /usr/lib/libgallium-26.1.6-arch3.1.so
7f456a225000-7f456a399000 r--p 03225000 103:02 9265456                   /usr/lib/libgallium-26.1.6-arch3.1.so
7f456a399000-7f456a3cf000 rw-p 03399000 103:02 9265456                   /usr/lib/libgallium-26.1.6-arch3.1.so
7f456a3cf000-7f456a59d000 rw-p 00000000 00:00 0 
7f456a59d000-7f456a59e000 r-xp 00000000 00:31 9035                       /tmp/ffiLvMUwF (deleted)
7f456a59e000-7f456a59f000 rw-p 00000000 00:00 0 
7f456a59f000-7f456a5a2000 r--p 00000000 103:02 9996542                   /usr/lib/python3.14/site-packages/vapoursynth/libvsscript.so
7f456a5a2000-7f456a5a8000 r-xp 00003000 103:02 9996542                   /usr/lib/python3.14/site-packages/vapoursynth/libvsscript.so
7f456a5a8000-7f456a5aa000 r--p 00009000 103:02 9996542                   /usr/lib/python3.14/site-packages/vapoursynth/libvsscript.so
7f456a5aa000-7f456a5ab000 r--p 0000a000 103:02 9996542                   /usr/lib/python3.14/site-packages/vapoursynth/libvsscript.so
7f456a5ab000-7f456a5ac000 rw-p 0000b000 103:02 9996542                   /usr/lib/python3.14/site-packages/vapoursynth/libvsscript.so
7f456a5ac000-7f456a600000 r--p 00000000 103:02 9729165                   /usr/share/fonts/TTF/DejaVuSansMono.ttf
7f456a600000-7f456bf1a000 r-xp 00000000 103:02 26488011                  /home/arcady/.skiko/skiko-linux-x64-434f7633c843870c0839a1137b128f6c3db3c5d58dcad3545e90827e3e341afb/libskiko-linux-x64.so
7f456bf1a000-7f456bf52000 r--p 01919000 103:02 26488011                  /home/arcady/.skiko/skiko-linux-x64-434f7633c843870c0839a1137b128f6c3db3c5d58dcad3545e90827e3e341afb/libskiko-linux-x64.so
7f456bf52000-7f456bf55000 rw-p 01951000 103:02 26488011                  /home/arcady/.skiko/skiko-linux-x64-434f7633c843870c0839a1137b128f6c3db3c5d58dcad3545e90827e3e341afb/libskiko-linux-x64.so
7f456bf55000-7f456bf5e000 rw-p 00000000 00:00 0 
7f456bf5e000-7f456bf5f000 r--p 00000000 103:02 9238189                   /usr/lib/libXpresent.so.1.0.0
7f456bf5f000-7f456bf60000 r-xp 00001000 103:02 9238189                   /usr/lib/libXpresent.so.1.0.0
7f456bf60000-7f456bf61000 r--p 00002000 103:02 9238189                   /usr/lib/libXpresent.so.1.0.0
7f456bf61000-7f456bf62000 r--p 00002000 103:02 9238189                   /usr/lib/libXpresent.so.1.0.0
7f456bf62000-7f456bf63000 rw-p 00003000 103:02 9238189                   /usr/lib/libXpresent.so.1.0.0
7f456bf63000-7f456bf65000 r--p 00000000 103:02 9265459                   /usr/lib/libgbm.so.1.0.0
7f456bf65000-7f456bf66000 r-xp 00002000 103:02 9265459                   /usr/lib/libgbm.so.1.0.0
7f456bf66000-7f456bf67000 r--p 00003000 103:02 9265459                   /usr/lib/libgbm.so.1.0.0
7f456bf67000-7f456bf68000 r--p 00003000 103:02 9265459                   /usr/lib/libgbm.so.1.0.0
7f456bf68000-7f456bf69000 rw-p 00004000 103:02 9265459                   /usr/lib/libgbm.so.1.0.0
7f456bf69000-7f456bf6b000 r--p 00000000 103:02 9238167                   /usr/lib/libcdio_cdda.so.2.0.0
7f456bf6b000-7f456bf71000 r-xp 00002000 103:02 9238167                   /usr/lib/libcdio_cdda.so.2.0.0
7f456bf71000-7f456bf73000 r--p 00008000 103:02 9238167                   /usr/lib/libcdio_cdda.so.2.0.0
7f456bf73000-7f456bf74000 r--p 00009000 103:02 9238167                   /usr/lib/libcdio_cdda.so.2.0.0
7f456bf74000-7f456bf75000 rw-p 0000a000 103:02 9238167                   /usr/lib/libcdio_cdda.so.2.0.0
7f456bf75000-7f456bf76000 r--p 00000000 103:02 9238170                   /usr/lib/libcdio_paranoia.so.2.0.0
7f456bf76000-7f456bf7e000 r-xp 00001000 103:02 9238170                   /usr/lib/libcdio_paranoia.so.2.0.0
7f456bf7e000-7f456bf7f000 r--p 00009000 103:02 9238170                   /usr/lib/libcdio_paranoia.so.2.0.0
7f456bf7f000-7f456bf80000 r--p 00009000 103:02 9238170                   /usr/lib/libcdio_paranoia.so.2.0.0
7f456bf80000-7f456bf81000 rw-p 0000a000 103:02 9238170                   /usr/lib/libcdio_paranoia.so.2.0.0
7f456bf81000-7f456bf83000 r--p 00000000 103:02 9227003                   /usr/lib/libswresample.so.6.3.102
7f456bf83000-7f456bfa6000 r-xp 00002000 103:02 9227003                   /usr/lib/libswresample.so.6.3.102
7f456bfa6000-7f456bfab000 r--p 00025000 103:02 9227003                   /usr/lib/libswresample.so.6.3.102
7f456bfab000-7f456bfad000 r--p 00029000 103:02 9227003                   /usr/lib/libswresample.so.6.3.102
7f456bfad000-7f456bfae000 rw-p 0002b000 103:02 9227003                   /usr/lib/libswresample.so.6.3.102
7f456bfae000-7f456bfb4000 r--p 00000000 103:02 263752                    /usr/share/fonts/arial/ArialMdm.ttf
7f456bfb4000-7f456bfba000 r--p 00000000 103:02 9209760                   /usr/lib/libedit.so.0.0.78
7f456bfba000-7f456bfeb000 r-xp 00006000 103:02 9209760                   /usr/lib/libedit.so.0.0.78
7f456bfeb000-7f456bff9000 r--p 00037000 103:02 9209760                   /usr/lib/libedit.so.0.0.78
7f456bff9000-7f456bffc000 r--p 00044000 103:02 9209760                   /usr/lib/libedit.so.0.0.78
7f456bffc000-7f456bffd000 rw-p 00047000 103:02 9209760                   /usr/lib/libedit.so.0.0.78
7f456bffd000-7f456e4ed000 rw-p 00000000 00:00 0 
7f456e4ed000-7f4570000000 ---p 00000000 00:00 0 
7f4570000000-7f4570001000 rw-s 15385d000 00:07 525                       /dev/dri/renderD128
7f4570001000-7f4570002000 r--p 00000000 103:02 10125960                  /usr/share/fonts/OTF/PowerlineSymbols.otf
7f4570004000-7f4570005000 rw-s 105f23000 00:07 525                       /dev/dri/renderD128
7f4570005000-7f457000c000 r--s 00000000 103:02 9266633                   /usr/lib/gconv/gconv-modules.cache
7f457000c000-7f457000e000 r--p 00000000 103:02 9217342                   /usr/lib/libpciaccess.so.0.11.1
7f457000e000-7f4570013000 r-xp 00002000 103:02 9217342                   /usr/lib/libpciaccess.so.0.11.1
7f4570013000-7f4570015000 r--p 00007000 103:02 9217342                   /usr/lib/libpciaccess.so.0.11.1
7f4570015000-7f4570016000 r--p 00008000 103:02 9217342                   /usr/lib/libpciaccess.so.0.11.1
7f4570016000-7f4570017000 rw-p 00009000 103:02 9217342                   /usr/lib/libpciaccess.so.0.11.1
7f4570017000-7f457001a000 r--p 00000000 103:02 9217367                   /usr/lib/libdrm_intel.so.1.134.0
7f457001a000-7f4570035000 r-xp 00003000 103:02 9217367                   /usr/lib/libdrm_intel.so.1.134.0
7f4570035000-7f457003f000 r--p 0001e000 103:02 9217367                   /usr/lib/libdrm_intel.so.1.134.0
7f457003f000-7f4570040000 r--p 00028000 103:02 9217367                   /usr/lib/libdrm_intel.so.1.134.0
7f4570040000-7f4570041000 rw-p 00029000 103:02 9217367                   /usr/lib/libdrm_intel.so.1.134.0
7f4570041000-7f4570044000 r--p 00000000 103:02 9217363                   /usr/lib/libdrm_amdgpu.so.1.134.0
7f4570044000-7f457004b000 r-xp 00003000 103:02 9217363                   /usr/lib/libdrm_amdgpu.so.1.134.0
7f457004b000-7f457004d000 r--p 0000a000 103:02 9217363                   /usr/lib/libdrm_amdgpu.so.1.134.0
7f457004d000-7f457004e000 r--p 0000c000 103:02 9217363                   /usr/lib/libdrm_amdgpu.so.1.134.0
7f457004e000-7f457004f000 rw-p 0000d000 103:02 9217363                   /usr/lib/libdrm_amdgpu.so.1.134.0
7f457004f000-7f4570052000 r--p 00000000 103:02 9200800                   /usr/lib/libelf-0.195.so
7f4570052000-7f4570066000 r-xp 00003000 103:02 9200800                   /usr/lib/libelf-0.195.so
7f4570066000-7f457006a000 r--p 00017000 103:02 9200800                   /usr/lib/libelf-0.195.so
7f457006a000-7f457006b000 r--p 0001b000 103:02 9200800                   /usr/lib/libelf-0.195.so
7f457006b000-7f457006c000 rw-p 0001c000 103:02 9200800                   /usr/lib/libelf-0.195.so
7f457006c000-7f457006d000 r--p 00000000 103:02 9217824                   /usr/lib/libxshmfence.so.1.0.0
7f457006d000-7f457006e000 r-xp 00001000 103:02 9217824                   /usr/lib/libxshmfence.so.1.0.0
7f457006e000-7f457006f000 r--p 00002000 103:02 9217824                   /usr/lib/libxshmfence.so.1.0.0
7f457006f000-7f4570070000 r--p 00002000 103:02 9217824                   /usr/lib/libxshmfence.so.1.0.0
7f4570070000-7f4570071000 rw-p 00003000 103:02 9217824                   /usr/lib/libxshmfence.so.1.0.0
7f4570071000-7f4570074000 r--p 00000000 103:02 9214060                   /usr/lib/libxcb-sync.so.1.0.0
7f4570074000-7f4570077000 r-xp 00003000 103:02 9214060                   /usr/lib/libxcb-sync.so.1.0.0
7f4570077000-7f4570078000 r--p 00006000 103:02 9214060                   /usr/lib/libxcb-sync.so.1.0.0
7f4570078000-7f4570079000 r--p 00007000 103:02 9214060                   /usr/lib/libxcb-sync.so.1.0.0
7f4570079000-7f457007a000 rw-p 00008000 103:02 9214060                   /usr/lib/libxcb-sync.so.1.0.0
7f457007a000-7f4570081000 r--p 00000000 103:02 9214039                   /usr/lib/libxcb-randr.so.0.1.0
7f4570081000-7f4570087000 r-xp 00007000 103:02 9214039                   /usr/lib/libxcb-randr.so.0.1.0
7f4570087000-7f457008a000 r--p 0000d000 103:02 9214039                   /usr/lib/libxcb-randr.so.0.1.0
7f457008a000-7f457008b000 r--p 00010000 103:02 9214039                   /usr/lib/libxcb-randr.so.0.1.0
7f457008b000-7f457008c000 rw-p 00011000 103:02 9214039                   /usr/lib/libxcb-randr.so.0.1.0
7f457008c000-7f457008e000 r--p 00000000 103:02 9217864                   /usr/lib/libsensors.so.5.0.0
7f457008e000-7f4570098000 r-xp 00002000 103:02 9217864                   /usr/lib/libsensors.so.5.0.0
7f4570098000-7f457009c000 r--p 0000c000 103:02 9217864                   /usr/lib/libsensors.so.5.0.0
7f457009c000-7f457009d000 r--p 00010000 103:02 9217864                   /usr/lib/libsensors.so.5.0.0
7f457009d000-7f457009e000 rw-p 00011000 103:02 9217864                   /usr/lib/libsensors.so.5.0.0
7f457009e000-7f45700a1000 r--p 00000000 103:02 9214066                   /usr/lib/libxcb-xfixes.so.0.0.0
7f45700a1000-7f45700a4000 r-xp 00003000 103:02 9214066                   /usr/lib/libxcb-xfixes.so.0.0.0
7f45700a4000-7f45700a5000 r--p 00006000 103:02 9214066                   /usr/lib/libxcb-xfixes.so.0.0.0
7f45700a5000-7f45700a6000 r--p 00007000 103:02 9214066                   /usr/lib/libxcb-xfixes.so.0.0.0
7f45700a6000-7f45700a7000 rw-p 00008000 103:02 9214066                   /usr/lib/libxcb-xfixes.so.0.0.0
7f45700a7000-7f45700a8000 r--p 00000000 103:02 9214036                   /usr/lib/libxcb-present.so.0.0.0
7f45700a8000-7f45700a9000 r-xp 00001000 103:02 9214036                   /usr/lib/libxcb-present.so.0.0.0
7f45700a9000-7f45700aa000 r--p 00002000 103:02 9214036                   /usr/lib/libxcb-present.so.0.0.0
7f45700aa000-7f45700ab000 r--p 00002000 103:02 9214036                   /usr/lib/libxcb-present.so.0.0.0
7f45700ab000-7f45700ac000 rw-p 00003000 103:02 9214036                   /usr/lib/libxcb-present.so.0.0.0
7f45700ac000-7f45700ae000 r--p 00000000 103:02 9214030                   /usr/lib/libxcb-dri3.so.0.1.0
7f45700ae000-7f45700b0000 r-xp 00002000 103:02 9214030                   /usr/lib/libxcb-dri3.so.0.1.0
7f45700b0000-7f45700b1000 r--p 00004000 103:02 9214030                   /usr/lib/libxcb-dri3.so.0.1.0
7f45700b1000-7f45700b2000 r--p 00004000 103:02 9214030                   /usr/lib/libxcb-dri3.so.0.1.0
7f45700b2000-7f45700b3000 rw-p 00005000 103:02 9214030                   /usr/lib/libxcb-dri3.so.0.1.0
7f45700b3000-7f45700bf000 r--p 00000000 103:02 9214033                   /usr/lib/libxcb-glx.so.0.0.0
7f45700bf000-7f45700c8000 r-xp 0000c000 103:02 9214033                   /usr/lib/libxcb-glx.so.0.0.0
7f45700c8000-7f45700cd000 r--p 00015000 103:02 9214033                   /usr/lib/libxcb-glx.so.0.0.0
7f45700cd000-7f45700cf000 r--p 0001a000 103:02 9214033                   /usr/lib/libxcb-glx.so.0.0.0
7f45700cf000-7f45700d0000 rw-p 0001c000 103:02 9214033                   /usr/lib/libxcb-glx.so.0.0.0
7f45700d0000-7f45700d5000 r--p 00000000 103:02 9217357                   /usr/lib/libdrm.so.2.134.0
7f45700d5000-7f45700e3000 r-xp 00005000 103:02 9217357                   /usr/lib/libdrm.so.2.134.0
7f45700e3000-7f45700e7000 r--p 00013000 103:02 9217357                   /usr/lib/libdrm.so.2.134.0
7f45700e7000-7f45700e8000 r--p 00017000 103:02 9217357                   /usr/lib/libdrm.so.2.134.0
7f45700e8000-7f45700e9000 rw-p 00018000 103:02 9217357                   /usr/lib/libdrm.so.2.134.0
7f45700e9000-7f45700ee000 r--p 00000000 103:02 9265455                   /usr/lib/libGLX_mesa.so.0.0.0
7f45700ee000-7f457012f000 r-xp 00005000 103:02 9265455                   /usr/lib/libGLX_mesa.so.0.0.0
7f457012f000-7f4570140000 r--p 00046000 103:02 9265455                   /usr/lib/libGLX_mesa.so.0.0.0
7f4570140000-7f4570144000 r--p 00056000 103:02 9265455                   /usr/lib/libGLX_mesa.so.0.0.0
7f4570144000-7f4570145000 rw-p 0005a000 103:02 9265455                   /usr/lib/libGLX_mesa.so.0.0.0
7f4570145000-7f457025d000 r--s 00000000 103:02 17439173                  /var/cache/fontconfig/923e285e415b1073c8df160bee08820f-le64.cache-12
7f457025d000-7f45702ff000 r--s 00000000 103:02 17439172                  /var/cache/fontconfig/f6b893a7224233d96cb72fd88691c0b4-le64.cache-12
7f45702ff000-7f4570300000 rw-p 00000000 00:00 0 
7f4570300000-7f4570304000 ---p 00000000 00:00 0 
7f4570304000-7f4570400000 rw-p 00000000 00:00 0 
7f4570400000-7f457049a000 r--p 00000000 103:02 9178936                   /usr/lib/libstdc++.so.6.0.36
7f457049a000-7f4570677000 r-xp 0009a000 103:02 9178936                   /usr/lib/libstdc++.so.6.0.36
7f4570677000-7f4570716000 r--p 00277000 103:02 9178936                   /usr/lib/libstdc++.so.6.0.36
7f4570716000-7f4570727000 r--p 00316000 103:02 9178936                   /usr/lib/libstdc++.so.6.0.36
7f4570727000-7f4570728000 rw-p 00327000 103:02 9178936                   /usr/lib/libstdc++.so.6.0.36
7f4570728000-7f457072c000 rw-p 00000000 00:00 0 
7f457072c000-7f457072d000 rw-s 1b0471000 00:07 525                       /dev/dri/renderD128
7f457072d000-7f457072e000 r--p 00000000 103:02 9214057                   /usr/lib/libxcb-shm.so.0.0.0
7f457072e000-7f457072f000 r-xp 00001000 103:02 9214057                   /usr/lib/libxcb-shm.so.0.0.0
7f457072f000-7f4570730000 r--p 00002000 103:02 9214057                   /usr/lib/libxcb-shm.so.0.0.0
7f4570730000-7f4570731000 r--p 00002000 103:02 9214057                   /usr/lib/libxcb-shm.so.0.0.0
7f4570731000-7f4570732000 rw-p 00003000 103:02 9214057                   /usr/lib/libxcb-shm.so.0.0.0
7f4570732000-7f4570733000 r--p 00000000 103:02 9217828                   /usr/lib/libXxf86vm.so.1.0.0
7f4570733000-7f4570737000 r-xp 00001000 103:02 9217828                   /usr/lib/libXxf86vm.so.1.0.0
7f4570737000-7f4570738000 r--p 00005000 103:02 9217828                   /usr/lib/libXxf86vm.so.1.0.0
7f4570738000-7f4570739000 r--p 00005000 103:02 9217828                   /usr/lib/libXxf86vm.so.1.0.0
7f4570739000-7f457073a000 rw-p 00006000 103:02 9217828                   /usr/lib/libXxf86vm.so.1.0.0
7f457073a000-7f457073b000 r--p 00000000 103:02 9216426                   /usr/lib/libX11-xcb.so.1.0.0
7f457073b000-7f457073c000 r-xp 00001000 103:02 9216426                   /usr/lib/libX11-xcb.so.1.0.0
7f457073c000-7f457073d000 r--p 00002000 103:02 9216426                   /usr/lib/libX11-xcb.so.1.0.0
7f457073d000-7f457073e000 r--p 00002000 103:02 9216426                   /usr/lib/libX11-xcb.so.1.0.0
7f457073e000-7f457073f000 rw-p 00003000 103:02 9216426                   /usr/lib/libX11-xcb.so.1.0.0
7f457073f000-7f4570740000 r--p 00000000 103:02 28594824                  /home/arcady/.gradle/jdks/jetbrains_s_r_o_-21-amd64-linux.2/lib/libjawt.so
7f4570740000-7f4570741000 r-xp 00001000 103:02 28594824                  /home/arcady/.gradle/jdks/jetbrains_s_r_o_-21-amd64-linux.2/lib/libjawt.so
7f4570741000-7f4570742000 r--p 00002000 103:02 28594824                  /home/arcady/.gradle/jdks/jetbrains_s_r_o_-21-amd64-linux.2/lib/libjawt.so
7f4570742000-7f4570743000 r--p 00002000 103:02 28594824                  /home/arcady/.gradle/jdks/jetbrains_s_r_o_-21-amd64-linux.2/lib/libjawt.so
7f4570743000-7f4570744000 rw-p 00000000 00:00 0 
7f4570744000-7f4570747000 r--s 00000000 103:02 17436340                  /var/cache/fontconfig/1876b2dcf508980ebba421dbe8e808d3-le64.cache-12
7f4570747000-7f457074a000 r--s 00000000 103:02 17436336                  /var/cache/fontconfig/e552019f4ed2e530c25d313cf4ffa813-le64.cache-12
7f457074a000-7f4570756000 r--s 00000000 103:02 17436335                  /var/cache/fontconfig/7d660be5d4eca970fa91d6ca176f5ce2-le64.cache-12
7f4570756000-7f457077f000 r--s 00000000 103:02 17436334                  /var/cache/fontconfig/f2e43df3287529323e79e7929dc44cc9-le64.cache-12
7f457077f000-7f4570785000 r--s 00000000 103:02 17436332                  /var/cache/fontconfig/b67b32625a2bb51b023d3814a918f351-le64.cache-12
7f4570785000-7f4570799000 r--s 00000000 103:02 17436327                  /var/cache/fontconfig/9ca6e536950a5e9260f4a55525eb84c7-le64.cache-12
7f4570799000-7f45707a5000 r--s 00000000 103:02 17436324                  /var/cache/fontconfig/4b31aef11cb0687b6d280d34cbe23592-le64.cache-12
7f45707a5000-7f45707ae000 r--s 00000000 103:02 26488700                  /home/arcady/.cache/fontconfig/72dd03ea2de15255d6d5b020e424504a-le64.cache-12
7f45707ae000-7f45707b0000 r--p 00000000 103:02 9217809                   /usr/lib/libGLX.so.0.0.0
7f45707b0000-7f45707cb000 r-xp 00002000 103:02 9217809                   /usr/lib/libGLX.so.0.0.0
7f45707cb000-7f45707ce000 r--p 0001d000 103:02 9217809                   /usr/lib/libGLX.so.0.0.0
7f45707ce000-7f45707cf000 r--p 00020000 103:02 9217809                   /usr/lib/libGLX.so.0.0.0
7f45707cf000-7f45707d0000 rw-p 00021000 103:02 9217809                   /usr/lib/libGLX.so.0.0.0
7f45707d0000-7f45707e0000 rw-p 00000000 00:00 0 
7f45707e0000-7f45707e2000 r--p 00000000 103:02 9217812                   /usr/lib/libGLdispatch.so.0.0.0
7f45707e2000-7f4570821000 r-xp 00002000 103:02 9217812                   /usr/lib/libGLdispatch.so.0.0.0
7f4570821000-7f4570834000 r--p 00041000 103:02 9217812                   /usr/lib/libGLdispatch.so.0.0.0
7f4570834000-7f4570850000 r--p 00054000 103:02 9217812                   /usr/lib/libGLdispatch.so.0.0.0
7f4570850000-7f4570851000 rw-p 00070000 103:02 9217812                   /usr/lib/libGLdispatch.so.0.0.0
7f4570851000-7f4570859000 rw-p 00000000 00:00 0 
7f4570859000-7f4570888000 r--p 00000000 103:02 9217803                   /usr/lib/libGL.so.1.7.0
7f4570888000-7f45708a7000 r-xp 0002f000 103:02 9217803                   /usr/lib/libGL.so.1.7.0
7f45708a7000-7f45708bc000 r--p 0004e000 103:02 9217803                   /usr/lib/libGL.so.1.7.0
7f45708bc000-7f45708ca000 r--p 00062000 103:02 9217803                   /usr/lib/libGL.so.1.7.0
7f45708ca000-7f45708cb000 rw-p 00070000 103:02 9217803                   /usr/lib/libGL.so.1.7.0
7f45708cb000-7f45708cc000 rw-p 00000000 00:00 0 
7f45708cc000-7f45708cd000 rw-p 00000000 00:00 0 
7f45708cd000-7f45708d1000 ---p 00000000 00:00 0 
7f45708d1000-7f45709ce000 rw-p 00000000 00:00 0 
7f45709ce000-7f45709d2000 ---p 00000000 00:00 0 
7f45709d2000-7f4570ace000 rw-p 00000000 00:00 0 
7f4570ace000-7f4570adc000 r--p 00000000 103:02 9199964                   /usr/lib/libdbus-1.so.3.38.3
7f4570adc000-7f4570b12000 r-xp 0000e000 103:02 9199964                   /usr/lib/libdbus-1.so.3.38.3
7f4570b12000-7f4570b24000 r--p 00044000 103:02 9199964                   /usr/lib/libdbus-1.so.3.38.3
7f4570b24000-7f4570b26000 r--p 00055000 103:02 9199964                   /usr/lib/libdbus-1.so.3.38.3
7f4570b26000-7f4570b27000 rw-p 00057000 103:02 9199964                   /usr/lib/libdbus-1.so.3.38.3
7f4570d29000-7f4570d2a000 rw-p 00000000 00:00 0 
7f4570d2a000-7f4570d2e000 ---p 00000000 00:00 0 
7f4570d2e000-7f4570e2a000 rw-p 00000000 00:00 0 
7f4570e2a000-7f4570e2b000 rw-s 00000000 00:01 4228                       /memfd:pipewire-memfd:flags=0x0000000f,type=2,size=2312 (deleted)
7f4570e2b000-7f4570e30000 rw-s 1abf31000 00:07 525                       /dev/dri/renderD128
7f4570e30000-7f4570e35000 rw-s 162531000 00:07 525                       /dev/dri/renderD128
7f4570e35000-7f4570e49000 rw-s 16b2b2000 00:07 525                       /dev/dri/renderD128
7f4570e49000-7f4570e5d000 rw-s 19a73f000 00:07 525                       /dev/dri/renderD128
7f4570e5d000-7f4570e71000 rw-s 1837a8000 00:07 525                       /dev/dri/renderD128
7f4570e71000-7f4570e85000 rw-s 179180000 00:07 525                       /dev/dri/renderD128
7f4570e85000-7f4570e99000 rw-s 166628000 00:07 525                       /dev/dri/renderD128
7f4570e99000-7f4570ead000 rw-s 155cb3000 00:07 525                       /dev/dri/renderD128
7f4570ead000-7f4570ec1000 rw-s 15d0e5000 00:07 525                       /dev/dri/renderD128
7f4570ec1000-7f4570ed5000 rw-s 151949000 00:07 525                       /dev/dri/renderD128
7f4570ed5000-7f4570ee9000 rw-s 10fe70000 00:07 525                       /dev/dri/renderD128
7f4570ee9000-7f4570efd000 rw-s 1a8cc6000 00:07 525                       /dev/dri/renderD128
7f4570efd000-7f4570f7d000 rw-s 1624b1000 00:07 525                       /dev/dri/renderD128
7f4570f7d000-7f4570fbd000 rw-s 1bd4eb000 00:07 525                       /dev/dri/renderD128
7f4570fbd000-7f4570fc0000 r--p 00000000 103:02 9252814                   /usr/lib/libVkLayer_MESA_device_select.so
7f4570fc0000-7f4570fce000 r-xp 00003000 103:02 9252814                   /usr/lib/libVkLayer_MESA_device_select.so
7f4570fce000-7f4570fd3000 r--p 00011000 103:02 9252814                   /usr/lib/libVkLayer_MESA_device_select.so
7f4570fd3000-7f4570fd4000 r--p 00015000 103:02 9252814                   /usr/lib/libVkLayer_MESA_device_select.so
7f4570fd4000-7f4570fd5000 rw-p 00016000 103:02 9252814                   /usr/lib/libVkLayer_MESA_device_select.so
7f4570fd5000-7f4570fd7000 rw-p 00000000 00:00 0 
7f4570fd7000-7f4570fdc000 r--p 00000000 103:02 9190690                   /usr/lib/libudev.so.1.7.14
7f4570fdc000-7f457100a000 r-xp 00005000 103:02 9190690                   /usr/lib/libudev.so.1.7.14
7f457100a000-7f4571021000 r--p 00033000 103:02 9190690                   /usr/lib/libudev.so.1.7.14
7f4571021000-7f4571026000 r--p 0004a000 103:02 9190690                   /usr/lib/libudev.so.1.7.14
7f4571026000-7f4571027000 rw-p 0004f000 103:02 9190690                   /usr/lib/libudev.so.1.7.14
7f4571027000-7f4571028000 r--p 00000000 103:02 9217985                   /usr/lib/libxcb-keysyms.so.1.0.0
7f4571028000-7f4571029000 r-xp 00001000 103:02 9217985                   /usr/lib/libxcb-keysyms.so.1.0.0
7f4571029000-7f457102a000 r--p 00002000 103:02 9217985                   /usr/lib/libxcb-keysyms.so.1.0.0
7f457102a000-7f457102b000 r--p 00002000 103:02 9217985                   /usr/lib/libxcb-keysyms.so.1.0.0
7f457102b000-7f457102c000 rw-p 00003000 103:02 9217985                   /usr/lib/libxcb-keysyms.so.1.0.0
7f457102c000-7f457102d000 rw-p 00000000 00:00 0 
7f457102d000-7f4571031000 ---p 00000000 00:00 0 
7f4571031000-7f457112e000 rw-p 00000000 00:00 0 
7f457112e000-7f4571132000 ---p 00000000 00:00 0 
7f4571132000-7f457122f000 rw-p 00000000 00:00 0 
7f457122f000-7f4571233000 ---p 00000000 00:00 0 
7f4571233000-7f4571330000 rw-p 00000000 00:00 0 
7f4571330000-7f4571334000 ---p 00000000 00:00 0 
7f4571334000-7f4571430000 rw-p 00000000 00:00 0 
7f4571430000-7f4571432000 r--p 00000000 103:02 9219098                   /usr/lib/libXfixes.so.3.1.0
7f4571432000-7f4571435000 r-xp 00002000 103:02 9219098                   /usr/lib/libXfixes.so.3.1.0
7f4571435000-7f4571436000 r--p 00005000 103:02 9219098                   /usr/lib/libXfixes.so.3.1.0
7f4571436000-7f4571437000 r--p 00006000 103:02 9219098                   /usr/lib/libXfixes.so.3.1.0
7f4571437000-7f4571438000 rw-p 00007000 103:02 9219098                   /usr/lib/libXfixes.so.3.1.0
7f4571438000-7f457143b000 r--p 00000000 103:02 9220619                   /usr/lib/libXcursor.so.1.0.2
7f457143b000-7f4571442000 r-xp 00003000 103:02 9220619                   /usr/lib/libXcursor.so.1.0.2
7f4571442000-7f4571444000 r--p 0000a000 103:02 9220619                   /usr/lib/libXcursor.so.1.0.2
7f4571444000-7f4571445000 r--p 0000b000 103:02 9220619                   /usr/lib/libXcursor.so.1.0.2
7f4571445000-7f4571446000 rw-p 0000c000 103:02 9220619                   /usr/lib/libXcursor.so.1.0.2
7f4571446000-7f457344a000 rw-p 00000000 00:00 0 
7f457344a000-7f457344e000 r--p 00000000 103:02 9219348                   /usr/lib/gio/modules/libdconfsettings.so
7f457344e000-7f4573455000 r-xp 00004000 103:02 9219348                   /usr/lib/gio/modules/libdconfsettings.so
7f4573455000-7f4573458000 r--p 0000b000 103:02 9219348                   /usr/lib/gio/modules/libdconfsettings.so
7f4573458000-7f4573459000 r--p 0000d000 103:02 9219348                   /usr/lib/gio/modules/libdconfsettings.so
7f4573459000-7f457345a000 rw-p 0000e000 103:02 9219348                   /usr/lib/gio/modules/libdconfsettings.so
7f457345a000-7f457345c000 r--p 00000000 103:02 9220696                   /usr/lib/libXrandr.so.2.2.0
7f457345c000-7f4573465000 r-xp 00002000 103:02 9220696                   /usr/lib/libXrandr.so.2.2.0
7f4573465000-7f4573467000 r--p 0000b000 103:02 9220696                   /usr/lib/libXrandr.so.2.2.0
7f4573467000-7f4573468000 r--p 0000c000 103:02 9220696                   /usr/lib/libXrandr.so.2.2.0
7f4573468000-7f4573469000 rw-p 0000d000 103:02 9220696                   /usr/lib/libXrandr.so.2.2.0
7f4573469000-7f4573477000 r--p 00000000 103:02 9201637                   /usr/share/glib-2.0/schemas/gschemas.compiled
7f4573477000-7f4573485000 r--p 00000000 103:02 9201637                   /usr/share/glib-2.0/schemas/gschemas.compiled
7f4573485000-7f457349a000 r--p 00000000 103:02 9190687                   /usr/lib/libsystemd.so.0.44.0
7f457349a000-7f4573573000 r-xp 00015000 103:02 9190687                   /usr/lib/libsystemd.so.0.44.0
7f4573573000-7f45735c2000 r--p 000ee000 103:02 9190687                   /usr/lib/libsystemd.so.0.44.0
7f45735c2000-7f45735cb000 r--p 0013c000 103:02 9190687                   /usr/lib/libsystemd.so.0.44.0
7f45735cb000-7f45735cc000 rw-p 00145000 103:02 9190687                   /usr/lib/libsystemd.so.0.44.0
7f45735cc000-7f45735cd000 rw-p 00000000 00:00 0 
7f45735cd000-7f45735d2000 r--p 00000000 103:02 9182303                   /usr/lib/libblkid.so.1.1.0
7f45735d2000-7f4573605000 r-xp 00005000 103:02 9182303                   /usr/lib/libblkid.so.1.1.0
7f4573605000-7f4573610000 r--p 00038000 103:02 9182303                   /usr/lib/libblkid.so.1.1.0
7f4573610000-7f4573616000 r--p 00042000 103:02 9182303                   /usr/lib/libblkid.so.1.1.0
7f4573616000-7f4573617000 rw-p 00048000 103:02 9182303                   /usr/lib/libblkid.so.1.1.0
7f4573617000-7f457361a000 r--p 00000000 103:02 9192715                   /usr/lib/libpcre2-8.so.0.15.0
7f457361a000-7f45736ae000 r-xp 00003000 103:02 9192715                   /usr/lib/libpcre2-8.so.0.15.0
7f45736ae000-7f45736dd000 r--p 00097000 103:02 9192715                   /usr/lib/libpcre2-8.so.0.15.0
7f45736dd000-7f45736de000 r--p 000c5000 103:02 9192715                   /usr/lib/libpcre2-8.so.0.15.0
7f45736de000-7f45736df000 rw-p 000c6000 103:02 9192715                   /usr/lib/libpcre2-8.so.0.15.0
7f45736df000-7f45736e9000 r--p 00000000 103:02 9182319                   /usr/lib/libmount.so.1.1.0
7f45736e9000-7f4573732000 r-xp 0000a000 103:02 9182319                   /usr/lib/libmount.so.1.1.0
7f4573732000-7f4573744000 r--p 00053000 103:02 9182319                   /usr/lib/libmount.so.1.1.0
7f4573744000-7f4573746000 r--p 00065000 103:02 9182319                   /usr/lib/libmount.so.1.1.0
7f4573746000-7f4573747000 rw-p 00067000 103:02 9182319                   /usr/lib/libmount.so.1.1.0
7f4573747000-7f4573753000 r--p 00000000 103:02 9198945                   /usr/lib/libgobject-2.0.so.0.8800.3
7f4573753000-7f457379c000 r-xp 0000c000 103:02 9198945                   /usr/lib/libgobject-2.0.so.0.8800.3
7f457379c000-7f45737b6000 r--p 00055000 103:02 9198945                   /usr/lib/libgobject-2.0.so.0.8800.3
7f45737b6000-7f45737b9000 r--p 0006e000 103:02 9198945                   /usr/lib/libgobject-2.0.so.0.8800.3
7f45737b9000-7f45737ba000 rw-p 00071000 103:02 9198945                   /usr/lib/libgobject-2.0.so.0.8800.3
7f45737ba000-7f45737d8000 r--p 00000000 103:02 9198934                   /usr/lib/libglib-2.0.so.0.8800.3
7f45737d8000-7f45738a6000 r-xp 0001e000 103:02 9198934                   /usr/lib/libglib-2.0.so.0.8800.3
7f45738a6000-7f457393a000 r--p 000ec000 103:02 9198934                   /usr/lib/libglib-2.0.so.0.8800.3
7f457393a000-7f457393b000 r--p 00180000 103:02 9198934                   /usr/lib/libglib-2.0.so.0.8800.3
7f457393b000-7f457393c000 rw-p 00181000 103:02 9198934                   /usr/lib/libglib-2.0.so.0.8800.3
7f457393c000-7f457393d000 rw-p 00000000 00:00 0 
7f457393d000-7f457396f000 r--p 00000000 103:02 9198920                   /usr/lib/libgio-2.0.so.0.8800.3
7f457396f000-7f4573aad000 r-xp 00032000 103:02 9198920                   /usr/lib/libgio-2.0.so.0.8800.3
7f4573aad000-7f4573b2c000 r--p 00170000 103:02 9198920                   /usr/lib/libgio-2.0.so.0.8800.3
7f4573b2c000-7f4573b35000 r--p 001ee000 103:02 9198920                   /usr/lib/libgio-2.0.so.0.8800.3
7f4573b35000-7f4573b36000 rw-p 001f7000 103:02 9198920                   /usr/lib/libgio-2.0.so.0.8800.3
7f4573b36000-7f4573b38000 rw-p 00000000 00:00 0 
7f4573b38000-7f4573b3e000 r--p 00000000 103:02 28594814                  /home/arcady/.gradle/jdks/jetbrains_s_r_o_-21-amd64-linux.2/lib/libfontmanager.so
7f4573b3e000-7f4573cbc000 r-xp 00006000 103:02 28594814                  /home/arcady/.gradle/jdks/jetbrains_s_r_o_-21-amd64-linux.2/lib/libfontmanager.so
7f4573cbc000-7f4573cf9000 r--p 00184000 103:02 28594814                  /home/arcady/.gradle/jdks/jetbrains_s_r_o_-21-amd64-linux.2/lib/libfontmanager.so
7f4573cf9000-7f4573cfb000 r--p 001c0000 103:02 28594814                  /home/arcady/.gradle/jdks/jetbrains_s_r_o_-21-amd64-linux.2/lib/libfontmanager.so
7f4573cfb000-7f4573cfc000 rw-p 001c2000 103:02 28594814                  /home/arcady/.gradle/jdks/jetbrains_s_r_o_-21-amd64-linux.2/lib/libfontmanager.so
7f4573cfc000-7f4573cfd000 rw-p 00000000 00:00 0 
7f4573e00000-7f4574000000 rw-s 14512f000 00:07 525                       /dev/dri/renderD128
7f4574000000-7f4578000000 rw-p 00000000 00:00 0 
7f4578000000-7f457bfff000 rw-p 00000000 00:00 0 
7f457bfff000-7f457c000000 ---p 00000000 00:00 0 
7f457c000000-7f457fff6000 rw-p 00000000 00:00 0 
7f457fff6000-7f4580000000 ---p 00000000 00:00 0 
7f4580000000-7f4580003000 r--s 00000000 103:02 17436329                  /var/cache/fontconfig/6ba42ae0000f58711b5caaf10d690066-le64.cache-12
7f4580003000-7f4580005000 r--p 00000000 103:02 9198940                   /usr/lib/libgmodule-2.0.so.0.8800.3
7f4580005000-7f4580007000 r-xp 00002000 103:02 9198940                   /usr/lib/libgmodule-2.0.so.0.8800.3
7f4580007000-7f4580008000 r--p 00004000 103:02 9198940                   /usr/lib/libgmodule-2.0.so.0.8800.3
7f4580008000-7f4580009000 r--p 00004000 103:02 9198940                   /usr/lib/libgmodule-2.0.so.0.8800.3
7f4580009000-7f458000a000 rw-p 00005000 103:02 9198940                   /usr/lib/libgmodule-2.0.so.0.8800.3
7f458000a000-7f458000c000 r--p 00000000 103:02 28594838                  /home/arcady/.gradle/jdks/jetbrains_s_r_o_-21-amd64-linux.2/lib/libmanagement_ext.so
7f458000c000-7f458000f000 r-xp 00002000 103:02 28594838                  /home/arcady/.gradle/jdks/jetbrains_s_r_o_-21-amd64-linux.2/lib/libmanagement_ext.so
7f458000f000-7f4580010000 r--p 00005000 103:02 28594838                  /home/arcady/.gradle/jdks/jetbrains_s_r_o_-21-amd64-linux.2/lib/libmanagement_ext.so
7f4580010000-7f4580011000 ---p 00006000 103:02 28594838                  /home/arcady/.gradle/jdks/jetbrains_s_r_o_-21-amd64-linux.2/lib/libmanagement_ext.so
7f4580011000-7f4580012000 r--p 00006000 103:02 28594838                  /home/arcady/.gradle/jdks/jetbrains_s_r_o_-21-amd64-linux.2/lib/libmanagement_ext.so
7f4580012000-7f4580013000 rw-p 00000000 00:00 0 
7f4580013000-7f4580015000 r--p 00000000 103:02 9193364                   /usr/lib/libffi.so.8.4.1
7f4580015000-7f458001d000 r-xp 00002000 103:02 9193364                   /usr/lib/libffi.so.8.4.1
7f458001d000-7f458001f000 r--p 0000a000 103:02 9193364                   /usr/lib/libffi.so.8.4.1
7f458001f000-7f4580020000 r--p 0000b000 103:02 9193364                   /usr/lib/libffi.so.8.4.1
7f4580020000-7f4580021000 rw-p 0000c000 103:02 9193364                   /usr/lib/libffi.so.8.4.1
7f4580021000-7f4580024000 r--p 00000000 103:02 9217917                   /usr/lib/libwayland-client.so.0.25.0
7f4580024000-7f458002c000 r-xp 00003000 103:02 9217917                   /usr/lib/libwayland-client.so.0.25.0
7f458002c000-7f458002f000 r--p 0000b000 103:02 9217917                   /usr/lib/libwayland-client.so.0.25.0
7f458002f000-7f4580031000 r--p 0000d000 103:02 9217917                   /usr/lib/libwayland-client.so.0.25.0
7f4580031000-7f4580032000 rw-p 0000f000 103:02 9217917                   /usr/lib/libwayland-client.so.0.25.0
7f4580133000-7f458013f000 r--p 00000000 103:02 9214087                   /usr/lib/libxcb.so.1.1.0
7f458013f000-7f4580155000 r-xp 0000c000 103:02 9214087                   /usr/lib/libxcb.so.1.1.0
7f4580155000-7f458015e000 r--p 00022000 103:02 9214087                   /usr/lib/libxcb.so.1.1.0
7f458015e000-7f458015f000 r--p 0002a000 103:02 9214087                   /usr/lib/libxcb.so.1.1.0
7f458015f000-7f4580160000 rw-p 0002b000 103:02 9214087                   /usr/lib/libxcb.so.1.1.0
7f4580160000-7f4580177000 r--p 00000000 103:02 9216429                   /usr/lib/libX11.so.6.4.0
7f4580177000-7f4580229000 r-xp 00017000 103:02 9216429                   /usr/lib/libX11.so.6.4.0
7f4580229000-7f45802bd000 r--p 000c9000 103:02 9216429                   /usr/lib/libX11.so.6.4.0
7f45802bd000-7f45802c0000 r--p 0015d000 103:02 9216429                   /usr/lib/libX11.so.6.4.0
7f45802c0000-7f45802c3000 rw-p 00160000 103:02 9216429                   /usr/lib/libX11.so.6.4.0
7f45802c3000-7f45802c4000 rw-p 00000000 00:00 0 
7f45802c4000-7f45802d8000 r--p 00000000 103:02 28594810                  /home/arcady/.gradle/jdks/jetbrains_s_r_o_-21-amd64-linux.2/lib/libawt_xawt.so
7f45802d8000-7f4580324000 r-xp 00014000 103:02 28594810                  /home/arcady/.gradle/jdks/jetbrains_s_r_o_-21-amd64-linux.2/lib/libawt_xawt.so
7f4580324000-7f458033f000 r--p 00060000 103:02 28594810                  /home/arcady/.gradle/jdks/jetbrains_s_r_o_-21-amd64-linux.2/lib/libawt_xawt.so
7f458033f000-7f4580345000 r--p 0007a000 103:02 28594810                  /home/arcady/.gradle/jdks/jetbrains_s_r_o_-21-amd64-linux.2/lib/libawt_xawt.so
7f4580345000-7f4580347000 rw-p 00080000 103:02 28594810                  /home/arcady/.gradle/jdks/jetbrains_s_r_o_-21-amd64-linux.2/lib/libawt_xawt.so
7f4580347000-7f4580349000 rw-p 00000000 00:00 0 
7f4580349000-7f458034a000 rw-p 00000000 00:00 0 
7f458034a000-7f458034e000 ---p 00000000 00:00 0 
7f458034e000-7f458044b000 rw-p 00000000 00:00 0 
7f458044b000-7f458044f000 ---p 00000000 00:00 0 
7f458044f000-7f458054b000 rw-p 00000000 00:00 0 
7f458054b000-7f4580551000 r--p 00000000 103:02 9213699                   /usr/lib/libpng16.so.16.58.0
7f4580551000-7f4580593000 r-xp 00006000 103:02 9213699                   /usr/lib/libpng16.so.16.58.0
7f4580593000-7f458059e000 r--p 00048000 103:02 9213699                   /usr/lib/libpng16.so.16.58.0
7f458059e000-7f458059f000 r--p 00053000 103:02 9213699                   /usr/lib/libpng16.so.16.58.0
7f458059f000-7f45805a0000 rw-p 00054000 103:02 9213699                   /usr/lib/libpng16.so.16.58.0
7f45805a0000-7f45805a2000 r--p 00000000 103:02 9199913                   /usr/lib/libexpat.so.1.12.2
7f45805a2000-7f45805cb000 r-xp 00002000 103:02 9199913                   /usr/lib/libexpat.so.1.12.2
7f45805cb000-7f45805d4000 r--p 0002b000 103:02 9199913                   /usr/lib/libexpat.so.1.12.2
7f45805d4000-7f45805d6000 r--p 00034000 103:02 9199913                   /usr/lib/libexpat.so.1.12.2
7f45805d6000-7f45805d7000 rw-p 00036000 103:02 9199913                   /usr/lib/libexpat.so.1.12.2
7f45805d7000-7f45805d8000 rw-p 00000000 00:00 0 
7f45805d8000-7f45805dc000 ---p 00000000 00:00 0 
7f45805dc000-7f45806d8000 rw-p 00000000 00:00 0 
7f45806d8000-7f45806de000 r--p 00000000 103:02 9213706                   /usr/lib/libfreetype.so.6.20.6
7f45806de000-7f45807b3000 r-xp 00006000 103:02 9213706                   /usr/lib/libfreetype.so.6.20.6
7f45807b3000-7f45807de000 r--p 000db000 103:02 9213706                   /usr/lib/libfreetype.so.6.20.6
7f45807de000-7f45807e6000 r--p 00106000 103:02 9213706                   /usr/lib/libfreetype.so.6.20.6
7f45807e6000-7f45807e7000 rw-p 0010e000 103:02 9213706                   /usr/lib/libfreetype.so.6.20.6
7f45807e7000-7f4580806000 r--p 00000000 103:02 28594807                  /home/arcady/.gradle/jdks/jetbrains_s_r_o_-21-amd64-linux.2/lib/libawt.so
7f4580806000-7f45808a6000 r-xp 0001f000 103:02 28594807                  /home/arcady/.gradle/jdks/jetbrains_s_r_o_-21-amd64-linux.2/lib/libawt.so
7f45808a6000-7f45808bf000 r--p 000bf000 103:02 28594807                  /home/arcady/.gradle/jdks/jetbrains_s_r_o_-21-amd64-linux.2/lib/libawt.so
7f45808bf000-7f45808c0000 ---p 000d8000 103:02 28594807                  /home/arcady/.gradle/jdks/jetbrains_s_r_o_-21-amd64-linux.2/lib/libawt.so
7f45808c0000-7f45808c1000 r--p 000d8000 103:02 28594807                  /home/arcady/.gradle/jdks/jetbrains_s_r_o_-21-amd64-linux.2/lib/libawt.so
7f45808c1000-7f45808d5000 rw-p 000d9000 103:02 28594807                  /home/arcady/.gradle/jdks/jetbrains_s_r_o_-21-amd64-linux.2/lib/libawt.so
7f45808d5000-7f45808fa000 rw-p 00000000 00:00 0 
7f45808fa000-7f45808fb000 rw-p 00000000 00:00 0 
7f45808fb000-7f45808ff000 ---p 00000000 00:00 0 
7f45808ff000-7f45809fb000 rw-p 00000000 00:00 0 
7f4580afc000-7f4580afd000 rw-p 00000000 00:00 0 
7f4580afd000-7f4580b01000 ---p 00000000 00:00 0 
7f4580b01000-7f4580e00000 rw-p 00000000 00:00 0 
7f4580e00000-7f4580e04000 ---p 00000000 00:00 0 
7f4580e04000-7f4580f00000 rw-p 00000000 00:00 0 
7f4580f01000-7f4580f02000 rw-s 00000000 00:01 72945                      /memfd:pipewire-memfd:flags=0x0000000f,type=2,size=2312 (deleted)
7f4580f67000-7f4580f68000 rw-p 00000000 00:00 0 
7f4580f68000-7f4580f6c000 ---p 00000000 00:00 0 
7f4580f6c000-7f4581068000 rw-p 00000000 00:00 0 
7f4581068000-7f4581100000 r--p 00000000 103:02 9723237                   /usr/share/fonts/noto/NotoSans-Regular.ttf
7f4581102000-7f4581103000 rw-s 1046a1000 00:07 525                       /dev/dri/renderD128
7f4581103000-7f4581104000 rw-s 123796000 00:07 525                       /dev/dri/renderD128
7f4581104000-7f4581106000 r--p 00000000 103:02 28594836                  /home/arcady/.gradle/jdks/jetbrains_s_r_o_-21-amd64-linux.2/lib/libmanagement.so
7f4581106000-7f4581107000 r-xp 00002000 103:02 28594836                  /home/arcady/.gradle/jdks/jetbrains_s_r_o_-21-amd64-linux.2/lib/libmanagement.so
7f4581107000-7f4581108000 r--p 00003000 103:02 28594836                  /home/arcady/.gradle/jdks/jetbrains_s_r_o_-21-amd64-linux.2/lib/libmanagement.so
7f4581108000-7f4581109000 r--p 00003000 103:02 28594836                  /home/arcady/.gradle/jdks/jetbrains_s_r_o_-21-amd64-linux.2/lib/libmanagement.so
7f4581109000-7f458110a000 rw-p 00000000 00:00 0 
7f458110a000-7f458110d000 r--p 00000000 103:02 9219104                   /usr/lib/libXi.so.6.1.0
7f458110d000-7f458111c000 r-xp 00003000 103:02 9219104                   /usr/lib/libXi.so.6.1.0
7f458111c000-7f458111f000 r--p 00012000 103:02 9219104                   /usr/lib/libXi.so.6.1.0
7f458111f000-7f4581120000 r--p 00014000 103:02 9219104                   /usr/lib/libXi.so.6.1.0
7f4581120000-7f4581121000 rw-p 00015000 103:02 9219104                   /usr/lib/libXi.so.6.1.0
7f4581121000-7f4581127000 r--p 00000000 103:02 9213725                   /usr/lib/libfontconfig.so.1.17.0
7f4581127000-7f4581167000 r-xp 00006000 103:02 9213725                   /usr/lib/libfontconfig.so.1.17.0
7f4581167000-7f458119c000 r--p 00046000 103:02 9213725                   /usr/lib/libfontconfig.so.1.17.0
7f458119c000-7f45811a5000 r--p 0007b000 103:02 9213725                   /usr/lib/libfontconfig.so.1.17.0
7f45811a5000-7f45811a6000 rw-p 00084000 103:02 9213725                   /usr/lib/libfontconfig.so.1.17.0
7f45811a6000-7f45811a9000 r--p 00000000 103:02 9190682                   /usr/lib/libnss_resolve.so.2
7f45811a9000-7f45811dc000 r-xp 00003000 103:02 9190682                   /usr/lib/libnss_resolve.so.2
7f45811dc000-7f45811f4000 r--p 00036000 103:02 9190682                   /usr/lib/libnss_resolve.so.2
7f45811f4000-7f45811fb000 r--p 0004e000 103:02 9190682                   /usr/lib/libnss_resolve.so.2
7f45811fb000-7f45811fc000 rw-p 00055000 103:02 9190682                   /usr/lib/libnss_resolve.so.2
7f45815fc000-7f45815fd000 rw-s 00000000 00:01 68303                      /memfd:xshmfence (deleted)
7f45815fe000-7f45815ff000 rw-s 00000000 00:01 3185                       /memfd:pipewire-memfd:flags=0x0000000f,type=2,size=2312 (deleted)
7f45815ff000-7f4581600000 rw-s 00000000 00:01 72946                      /memfd:pipewire-memfd:flags=0x0000000f,type=2,size=4096 (deleted)
7f4581600000-7f4581701000 r-xp 00000000 00:31 8024                       /tmp/sqlite-3.51.3.0-6fca843a-7907-4fd6-a17f-2ea6268dcd2c-libsqlitejdbc.so
7f4581701000-7f4581900000 ---p 00101000 00:31 8024                       /tmp/sqlite-3.51.3.0-6fca843a-7907-4fd6-a17f-2ea6268dcd2c-libsqlitejdbc.so
7f4581900000-7f4581908000 rw-p 00100000 00:31 8024                       /tmp/sqlite-3.51.3.0-6fca843a-7907-4fd6-a17f-2ea6268dcd2c-libsqlitejdbc.so
7f4581908000-7f458190b000 r--s 00000000 103:02 17436325                  /var/cache/fontconfig/f349e9996a5320f6dd491cedd2b1f964-le64.cache-12
7f458190b000-7f458190c000 r--p 00000000 103:02 9182597                   /usr/lib/libbrotlicommon.so.1.2.0
7f458190c000-7f458190d000 r-xp 00001000 103:02 9182597                   /usr/lib/libbrotlicommon.so.1.2.0
7f458190d000-7f458192c000 r--p 00002000 103:02 9182597                   /usr/lib/libbrotlicommon.so.1.2.0
7f458192c000-7f458192d000 r--p 00021000 103:02 9182597                   /usr/lib/libbrotlicommon.so.1.2.0
7f458192d000-7f458192e000 rw-p 00022000 103:02 9182597                   /usr/lib/libbrotlicommon.so.1.2.0
7f458192e000-7f4581932000 r--p 00000000 103:02 9201625                   /usr/lib/libgcc_s.so.1
7f4581932000-7f458195e000 r-xp 00004000 103:02 9201625                   /usr/lib/libgcc_s.so.1
7f458195e000-7f4581962000 r--p 00030000 103:02 9201625                   /usr/lib/libgcc_s.so.1
7f4581962000-7f4581963000 r--p 00034000 103:02 9201625                   /usr/lib/libgcc_s.so.1
7f4581963000-7f4581964000 rw-p 00035000 103:02 9201625                   /usr/lib/libgcc_s.so.1
7f4581964000-7f4581968000 r--p 00000000 103:02 9190680                   /usr/lib/libnss_mymachines.so.2
7f4581968000-7f45819b9000 r-xp 00004000 103:02 9190680                   /usr/lib/libnss_mymachines.so.2
7f45819b9000-7f45819d3000 r--p 00055000 103:02 9190680                   /usr/lib/libnss_mymachines.so.2
7f45819d3000-7f45819d6000 r--p 0006f000 103:02 9190680                   /usr/lib/libnss_mymachines.so.2
7f45819d6000-7f45819d7000 rw-p 00072000 103:02 9190680                   /usr/lib/libnss_mymachines.so.2
7f45819d7000-7f45819f7000 rw-p 00000000 00:00 0 
7f45819f7000-7f45819f8000 rw-p 00000000 00:00 0 
7f45819f8000-7f45819fc000 ---p 00000000 00:00 0 
7f45819fc000-7f4581af8000 rw-p 00000000 00:00 0 
7f4581bfa000-7f4581bfb000 rw-s 00000000 00:01 63396                      /memfd:xshmfence (deleted)
7f4581bfb000-7f4581bfc000 rw-s 00000000 00:01 70939                      /memfd:pipewire-memfd:flags=0x0000000f,type=2,size=2312 (deleted)
7f4581bfc000-7f4581bfd000 rw-p 00000000 00:00 0 
7f4581bfd000-7f4581c01000 ---p 00000000 00:00 0 
7f4581c01000-7f4581cfe000 rw-p 00000000 00:00 0 
7f4581cfe000-7f4581d02000 ---p 00000000 00:00 0 
7f4581d02000-7f4581dff000 rw-p 00000000 00:00 0 
7f4581dff000-7f4581e03000 ---p 00000000 00:00 0 
7f4581e03000-7f4581f00000 rw-p 00000000 00:00 0 
7f4581f00000-7f4581f04000 ---p 00000000 00:00 0 
7f4581f04000-7f4582000000 rw-p 00000000 00:00 0 
7f4582000000-7f4582400000 rw-p 00000000 00:00 0 
7f4582400000-7f4583700000 rw-p 00000000 00:00 0 
7f4583700000-7f4583800000 rw-p 00000000 00:00 0 
7f4583800000-7f4583d80000 rw-p 00000000 00:00 0 
7f4583d80000-7f4583f00000 rw-p 00000000 00:00 0 
7f4583f00000-7f4584480000 rw-p 00000000 00:00 0 
7f4584480000-7f4584500000 rw-p 00000000 00:00 0 
7f4584500000-7f4585100000 rw-p 00000000 00:00 0 
7f4585100000-7f4585200000 rw-p 00000000 00:00 0 
7f4585200000-7f4585580000 rw-p 00000000 00:00 0 
7f4585580000-7f4585600000 rw-p 00000000 00:00 0 
7f4585600000-7f4585900000 rw-p 00000000 00:00 0 
7f4585900000-7f4585a00000 rw-p 00000000 00:00 0 
7f4585a00000-7f4585f00000 rw-p 00000000 00:00 0 
7f4585f00000-7f4586000000 rw-p 00000000 00:00 0 
7f4586000000-7f4587c96000 rw-p 00001000 103:02 28594925                  /home/arcady/.gradle/jdks/jetbrains_s_r_o_-21-amd64-linux.2/lib/server/classes.jsa
7f4587c96000-7f4588000000 ---p 00000000 00:00 0 
7f4588000000-7f4588040000 rw-p 00000000 00:00 0 
7f4588040000-7f4588080000 rw-p 00000000 00:00 0 
7f4588080000-7f4588300000 rw-p 00000000 00:00 0 
7f4588300000-7f45883e0000 rw-p 00000000 00:00 0 
7f45883e0000-7f45884c0000 rw-p 00000000 00:00 0 
7f45884c0000-7f4588500000 rw-p 00000000 00:00 0 
7f4588500000-7f45888f0000 rw-p 00000000 00:00 0 
7f45888f0000-7f45c8000000 ---p 00000000 00:00 0 
7f45c8000000-7f45cc000000 rw-p 00000000 00:00 0 
7f45cc000000-7f45cffff000 rw-p 00000000 00:00 0 
7f45cffff000-7f45d0000000 ---p 00000000 00:00 0 
7f45d0000000-7f45d3ffe000 rw-p 00000000 00:00 0 
7f45d3ffe000-7f45d4000000 ---p 00000000 00:00 0 
7f45d4000000-7f45d4002000 r--s 00000000 103:02 17436330                  /var/cache/fontconfig/4c31730dec557ab86b580f3ca5555446-le64.cache-12
7f45d4002000-7f45d4006000 r--p 00000000 103:02 9217243                   /usr/lib/libXext.so.6.4.0
7f45d4006000-7f45d4015000 r-xp 00004000 103:02 9217243                   /usr/lib/libXext.so.6.4.0
7f45d4015000-7f45d4018000 r--p 00013000 103:02 9217243                   /usr/lib/libXext.so.6.4.0
7f45d4018000-7f45d4019000 r--p 00016000 103:02 9217243                   /usr/lib/libXext.so.6.4.0
7f45d4019000-7f45d401a000 rw-p 00017000 103:02 9217243                   /usr/lib/libXext.so.6.4.0
7f45d401a000-7f45d4924000 rw-p 00000000 00:00 0 
7f45d4924000-7f45d4928000 ---p 00000000 00:00 0 
7f45d4928000-7f45d4a25000 rw-p 00000000 00:00 0 
7f45d4a25000-7f45d4a29000 ---p 00000000 00:00 0 
7f45d4a29000-7f45d4b26000 rw-p 00000000 00:00 0 
7f45d4b26000-7f45d4b2a000 ---p 00000000 00:00 0 
7f45d4b2a000-7f45d4c27000 rw-p 00000000 00:00 0 
7f45d4c27000-7f45d4c2b000 ---p 00000000 00:00 0 
7f45d4c2b000-7f45d4d27000 rw-p 00000000 00:00 0 
7f45d4d27000-7f45d4d2c000 r--p 00000000 103:02 28594833                  /home/arcady/.gradle/jdks/jetbrains_s_r_o_-21-amd64-linux.2/lib/libjsvml.so
7f45d4d2c000-7f45d4d6d000 r-xp 00005000 103:02 28594833                  /home/arcady/.gradle/jdks/jetbrains_s_r_o_-21-amd64-linux.2/lib/libjsvml.so
7f45d4d6d000-7f45d4df6000 r--p 00046000 103:02 28594833                  /home/arcady/.gradle/jdks/jetbrains_s_r_o_-21-amd64-linux.2/lib/libjsvml.so
7f45d4df6000-7f45d4df7000 r--p 000ce000 103:02 28594833                  /home/arcady/.gradle/jdks/jetbrains_s_r_o_-21-amd64-linux.2/lib/libjsvml.so
7f45d4df7000-7f45d4df8000 rw-p 000cf000 103:02 28594833                  /home/arcady/.gradle/jdks/jetbrains_s_r_o_-21-amd64-linux.2/lib/libjsvml.so
7f45d4df8000-7f45d4df9000 rw-p 00000000 00:00 0 
7f45d4df9000-7f45d4dfd000 ---p 00000000 00:00 0 
7f45d4dfd000-7f45d4efa000 rw-p 00000000 00:00 0 
7f45d4efa000-7f45d4efe000 ---p 00000000 00:00 0 
7f45d4efe000-7f45d4ffb000 rw-p 00000000 00:00 0 
7f45d4ffb000-7f45d4fff000 ---p 00000000 00:00 0 
7f45d4fff000-7f45d50fc000 rw-p 00000000 00:00 0 
7f45d50fc000-7f45d5100000 ---p 00000000 00:00 0 
7f45d5100000-7f45d51fd000 rw-p 00000000 00:00 0 
7f45d51fd000-7f45d5201000 ---p 00000000 00:00 0 
7f45d5201000-7f45d52fe000 rw-p 00000000 00:00 0 
7f45d52fe000-7f45d5302000 ---p 00000000 00:00 0 
7f45d5302000-7f45d53ff000 rw-p 00000000 00:00 0 
7f45d53ff000-7f45d5403000 ---p 00000000 00:00 0 
7f45d5403000-7f45d5500000 rw-p 00000000 00:00 0 
7f45d5500000-7f45d5504000 ---p 00000000 00:00 0 
7f45d5504000-7f45d5600000 rw-p 00000000 00:00 0 
7f45d5600000-7f45d5b9e000 r--p 00000000 103:02 9266632                   /usr/lib/locale/locale-archive
7f45d5b9e000-7f45d5b9f000 r--p 00000000 103:02 28594815                  /home/arcady/.gradle/jdks/jetbrains_s_r_o_-21-amd64-linux.2/lib/libfontmanager_xawt.so
7f45d5b9f000-7f45d5ba0000 r-xp 00001000 103:02 28594815                  /home/arcady/.gradle/jdks/jetbrains_s_r_o_-21-amd64-linux.2/lib/libfontmanager_xawt.so
7f45d5ba0000-7f45d5ba1000 r--p 00002000 103:02 28594815                  /home/arcady/.gradle/jdks/jetbrains_s_r_o_-21-amd64-linux.2/lib/libfontmanager_xawt.so
7f45d5ba1000-7f45d5ba2000 r--p 00002000 103:02 28594815                  /home/arcady/.gradle/jdks/jetbrains_s_r_o_-21-amd64-linux.2/lib/libfontmanager_xawt.so
7f45d5ba2000-7f45d5ba3000 rw-p 00000000 00:00 0 
7f45d5ba3000-7f45d5ba4000 r--p 00000000 103:02 9220687                   /usr/lib/libXinerama.so.1.0.0
7f45d5ba4000-7f45d5ba5000 r-xp 00001000 103:02 9220687                   /usr/lib/libXinerama.so.1.0.0
7f45d5ba5000-7f45d5ba6000 r--p 00002000 103:02 9220687                   /usr/lib/libXinerama.so.1.0.0
7f45d5ba6000-7f45d5ba7000 r--p 00002000 103:02 9220687                   /usr/lib/libXinerama.so.1.0.0
7f45d5ba7000-7f45d5ba8000 rw-p 00003000 103:02 9220687                   /usr/lib/libXinerama.so.1.0.0
7f45d5ba8000-7f45d5baa000 r--p 00000000 103:02 9213998                   /usr/lib/libXdmcp.so.6.0.0
7f45d5baa000-7f45d5bac000 r-xp 00002000 103:02 9213998                   /usr/lib/libXdmcp.so.6.0.0
7f45d5bac000-7f45d5bae000 r--p 00004000 103:02 9213998                   /usr/lib/libXdmcp.so.6.0.0
7f45d5bae000-7f45d5baf000 r--p 00005000 103:02 9213998                   /usr/lib/libXdmcp.so.6.0.0
7f45d5baf000-7f45d5bb0000 rw-p 00006000 103:02 9213998                   /usr/lib/libXdmcp.so.6.0.0
7f45d5bb0000-7f45d5bb1000 r--p 00000000 103:02 9182600                   /usr/lib/libbrotlidec.so.1.2.0
7f45d5bb1000-7f45d5bbb000 r-xp 00001000 103:02 9182600                   /usr/lib/libbrotlidec.so.1.2.0
7f45d5bbb000-7f45d5bbe000 r--p 0000b000 103:02 9182600                   /usr/lib/libbrotlidec.so.1.2.0
7f45d5bbe000-7f45d5bbf000 r--p 0000d000 103:02 9182600                   /usr/lib/libbrotlidec.so.1.2.0
7f45d5bbf000-7f45d5bc0000 rw-p 0000e000 103:02 9182600                   /usr/lib/libbrotlidec.so.1.2.0
7f45d5bc0000-7f45d5bc1000 rw-p 00000000 00:00 0 
7f45d5bc1000-7f45d5bc5000 ---p 00000000 00:00 0 
7f45d5bc5000-7f45d5de5000 rw-p 00000000 00:00 0 
7f45d5de5000-7f45d5eff000 rw-p 00000000 00:00 0 
7f45d5eff000-7f45d6000000 rw-p 00000000 00:00 0 
7f45d6000000-7f45dbff2000 rw-p 00000000 00:00 0 
7f45dbff2000-7f45dc000000 ---p 00000000 00:00 0 
7f45dc000000-7f45dfef9000 rw-p 00000000 00:00 0 
7f45dfef9000-7f45e0000000 ---p 00000000 00:00 0 
7f45e0000000-7f45e39f7000 rw-p 00000000 00:00 0 
7f45e39f7000-7f45e4000000 ---p 00000000 00:00 0 
7f45e4000000-7f45e4002000 r--p 00000000 103:02 9219889                   /usr/lib/libXtst.so.6.1.0
7f45e4002000-7f45e4005000 r-xp 00002000 103:02 9219889                   /usr/lib/libXtst.so.6.1.0
7f45e4005000-7f45e4006000 r--p 00005000 103:02 9219889                   /usr/lib/libXtst.so.6.1.0
7f45e4006000-7f45e4007000 r--p 00006000 103:02 9219889                   /usr/lib/libXtst.so.6.1.0
7f45e4007000-7f45e4008000 rw-p 00007000 103:02 9219889                   /usr/lib/libXtst.so.6.1.0
7f45e4008000-7f45e40e4000 rw-p 00000000 00:00 0 
7f45e40e4000-7f45e41e5000 rw-p 00000000 00:00 0 
7f45e41e5000-7f45e4bef000 rw-p 00000000 00:00 0 
7f45e4bef000-7f45e4cf0000 rw-p 00000000 00:00 0 
7f45e4cf0000-7f45e5be0000 rw-p 00000000 00:00 0 
7f45e5be0000-7f45ec9f0000 ---p 00000000 00:00 0 
7f45ec9f0000-7f45eca00000 rw-p 00000000 00:00 0 
7f45eca00000-7f45ef620000 rwxp 00000000 00:00 0 
7f45ef620000-7f45f3f37000 ---p 00000000 00:00 0 
7f45f3f37000-7f45f4347000 rwxp 00000000 00:00 0 
7f45f4347000-7f45f44c9000 ---p 00000000 00:00 0 
7f45f44c9000-7f45f6209000 rwxp 00000000 00:00 0 
7f45f6209000-7f45fba00000 ---p 00000000 00:00 0 
7f45fba00000-7f45ffeaf000 r--s 00000000 103:02 28594915                  /home/arcady/.gradle/jdks/jetbrains_s_r_o_-21-amd64-linux.2/lib/modules
7f45ffeaf000-7f45ffeb0000 r--s 00000000 103:02 17436337                  /var/cache/fontconfig/787b69f04c7448ed6c581b040220c91f-le64.cache-12
7f45ffeb0000-7f45ffeb2000 r--p 00000000 103:02 9217308                   /usr/lib/libXrender.so.1.3.0
7f45ffeb2000-7f45ffeba000 r-xp 00002000 103:02 9217308                   /usr/lib/libXrender.so.1.3.0
7f45ffeba000-7f45ffebc000 r--p 0000a000 103:02 9217308                   /usr/lib/libXrender.so.1.3.0
7f45ffebc000-7f45ffebd000 r--p 0000b000 103:02 9217308                   /usr/lib/libXrender.so.1.3.0
7f45ffebd000-7f45ffebe000 rw-p 0000c000 103:02 9217308                   /usr/lib/libXrender.so.1.3.0
7f45ffebe000-7f45ffeff000 rw-p 00000000 00:00 0 
7f45ffeff000-7f4600000000 rw-p 00000000 00:00 0 
7f4600000000-7f46032bb000 rw-p 00000000 00:00 0 
7f46032bb000-7f4604000000 ---p 00000000 00:00 0 
7f4604000000-7f4604002000 r--s 00000000 103:02 17436328                  /var/cache/fontconfig/bfb830de4b3e0bf031b5adbbfd7ab8e8-le64.cache-12
7f4604002000-7f4604003000 r--p 00000000 103:02 9214002                   /usr/lib/libXau.so.6.0.0
7f4604003000-7f4604004000 r-xp 00001000 103:02 9214002                   /usr/lib/libXau.so.6.0.0
7f4604004000-7f4604005000 r--p 00002000 103:02 9214002                   /usr/lib/libXau.so.6.0.0
7f4604005000-7f4604006000 r--p 00002000 103:02 9214002                   /usr/lib/libXau.so.6.0.0
7f4604006000-7f4604007000 rw-p 00003000 103:02 9214002                   /usr/lib/libXau.so.6.0.0
7f4604007000-7f4604009000 r--p 00000000 103:02 9192467                   /usr/lib/libbz2.so.1.0.8
7f4604009000-7f4604016000 r-xp 00002000 103:02 9192467                   /usr/lib/libbz2.so.1.0.8
7f4604016000-7f4604018000 r--p 0000f000 103:02 9192467                   /usr/lib/libbz2.so.1.0.8
7f4604018000-7f4604019000 r--p 00010000 103:02 9192467                   /usr/lib/libbz2.so.1.0.8
7f4604019000-7f460401a000 rw-p 00011000 103:02 9192467                   /usr/lib/libbz2.so.1.0.8
7f460401a000-7f460411b000 rw-p 00000000 00:00 0 
7f460411b000-7f46043ba000 rw-p 00000000 00:00 0 
7f46043ba000-7f460517c000 ---p 00000000 00:00 0 
7f460517c000-7f460535c000 rw-p 00000000 00:00 0 
7f460535c000-7f460611e000 ---p 00000000 00:00 0 
7f460611e000-7f4606b65000 rw-p 00000000 00:00 0 
7f4606b65000-7f4606c15000 ---p 00000000 00:00 0 
7f4606c15000-7f4606c6e000 rw-p 00000000 00:00 0 
7f4606c6e000-7f4606d00000 ---p 00000000 00:00 0 
7f4606d00000-7f4606d04000 ---p 00000000 00:00 0 
7f4606d04000-7f4606e00000 rw-p 00000000 00:00 0 
7f4606e00000-7f46070a4000 r--p 00000000 103:02 28594928                  /home/arcady/.gradle/jdks/jetbrains_s_r_o_-21-amd64-linux.2/lib/server/libjvm.so
7f46070a4000-7f4607f20000 r-xp 002a4000 103:02 28594928                  /home/arcady/.gradle/jdks/jetbrains_s_r_o_-21-amd64-linux.2/lib/server/libjvm.so
7f4607f20000-7f4608208000 r--p 01120000 103:02 28594928                  /home/arcady/.gradle/jdks/jetbrains_s_r_o_-21-amd64-linux.2/lib/server/libjvm.so
7f4608208000-7f46082dd000 r--p 01407000 103:02 28594928                  /home/arcady/.gradle/jdks/jetbrains_s_r_o_-21-amd64-linux.2/lib/server/libjvm.so
7f46082dd000-7f460830d000 rw-p 014dc000 103:02 28594928                  /home/arcady/.gradle/jdks/jetbrains_s_r_o_-21-amd64-linux.2/lib/server/libjvm.so
7f460830d000-7f4608385000 rw-p 00000000 00:00 0 
7f4608385000-7f4608389000 r--p 00000000 103:02 28594854                  /home/arcady/.gradle/jdks/jetbrains_s_r_o_-21-amd64-linux.2/lib/libverify.so
7f4608389000-7f4608390000 r-xp 00004000 103:02 28594854                  /home/arcady/.gradle/jdks/jetbrains_s_r_o_-21-amd64-linux.2/lib/libverify.so
7f4608390000-7f4608392000 r--p 0000b000 103:02 28594854                  /home/arcady/.gradle/jdks/jetbrains_s_r_o_-21-amd64-linux.2/lib/libverify.so
7f4608392000-7f4608394000 r--p 0000c000 103:02 28594854                  /home/arcady/.gradle/jdks/jetbrains_s_r_o_-21-amd64-linux.2/lib/libverify.so
7f4608394000-7f4608395000 rw-p 00000000 00:00 0 
7f4608395000-7f4608396000 r--p 00000000 103:02 28594813                  /home/arcady/.gradle/jdks/jetbrains_s_r_o_-21-amd64-linux.2/lib/libextnet.so
7f4608396000-7f4608397000 r-xp 00001000 103:02 28594813                  /home/arcady/.gradle/jdks/jetbrains_s_r_o_-21-amd64-linux.2/lib/libextnet.so
7f4608397000-7f4608398000 r--p 00002000 103:02 28594813                  /home/arcady/.gradle/jdks/jetbrains_s_r_o_-21-amd64-linux.2/lib/libextnet.so
7f4608398000-7f4608399000 r--p 00002000 103:02 28594813                  /home/arcady/.gradle/jdks/jetbrains_s_r_o_-21-amd64-linux.2/lib/libextnet.so
7f4608399000-7f460839a000 rw-p 00000000 00:00 0 
7f460839a000-7f460839d000 r--p 00000000 103:02 28594843                  /home/arcady/.gradle/jdks/jetbrains_s_r_o_-21-amd64-linux.2/lib/libnet.so
7f460839d000-7f46083a5000 r-xp 00003000 103:02 28594843                  /home/arcady/.gradle/jdks/jetbrains_s_r_o_-21-amd64-linux.2/lib/libnet.so
7f46083a5000-7f46083a7000 r--p 0000b000 103:02 28594843                  /home/arcady/.gradle/jdks/jetbrains_s_r_o_-21-amd64-linux.2/lib/libnet.so
7f46083a7000-7f46083a8000 ---p 0000d000 103:02 28594843                  /home/arcady/.gradle/jdks/jetbrains_s_r_o_-21-amd64-linux.2/lib/libnet.so
7f46083a8000-7f46083a9000 r--p 0000d000 103:02 28594843                  /home/arcady/.gradle/jdks/jetbrains_s_r_o_-21-amd64-linux.2/lib/libnet.so
7f46083a9000-7f46083aa000 rw-p 00000000 00:00 0 
7f46083aa000-7f46083b1000 r--p 00000000 103:02 28594846                  /home/arcady/.gradle/jdks/jetbrains_s_r_o_-21-amd64-linux.2/lib/libnio.so
7f46083b1000-7f46083ba000 r-xp 00007000 103:02 28594846                  /home/arcady/.gradle/jdks/jetbrains_s_r_o_-21-amd64-linux.2/lib/libnio.so
7f46083ba000-7f46083be000 r--p 00010000 103:02 28594846                  /home/arcady/.gradle/jdks/jetbrains_s_r_o_-21-amd64-linux.2/lib/libnio.so
7f46083be000-7f46083bf000 ---p 00014000 103:02 28594846                  /home/arcady/.gradle/jdks/jetbrains_s_r_o_-21-amd64-linux.2/lib/libnio.so
7f46083bf000-7f46083c0000 r--p 00014000 103:02 28594846                  /home/arcady/.gradle/jdks/jetbrains_s_r_o_-21-amd64-linux.2/lib/libnio.so
7f46083c0000-7f46083c1000 rw-p 00015000 103:02 28594846                  /home/arcady/.gradle/jdks/jetbrains_s_r_o_-21-amd64-linux.2/lib/libnio.so
7f46083c1000-7f4608400000 rw-p 00000000 00:00 0 
7f4608400000-7f4608424000 r--p 00000000 103:02 9178120                   /usr/lib/libc.so.6
7f4608424000-7f46085d1000 r-xp 00024000 103:02 9178120                   /usr/lib/libc.so.6
7f46085d1000-7f4608649000 r--p 001d1000 103:02 9178120                   /usr/lib/libc.so.6
7f4608649000-7f460864d000 r--p 00248000 103:02 9178120                   /usr/lib/libc.so.6
7f460864d000-7f460864f000 rw-p 0024c000 103:02 9178120                   /usr/lib/libc.so.6
7f460864f000-7f4608657000 rw-p 00000000 00:00 0 
7f4608657000-7f4608658000 rw-p 00000000 00:00 0 
7f4608658000-7f460865a000 r--p 00000000 103:02 26398486                  /home/arcady/.config/dconf/user
7f460865a000-7f460865b000 r--s 00000000 00:4c 187                        /run/user/1000/dconf/user
7f460865b000-7f460865d000 r--p 00000000 103:02 28594858                  /home/arcady/.gradle/jdks/jetbrains_s_r_o_-21-amd64-linux.2/lib/libzip.so
7f460865d000-7f4608661000 r-xp 00002000 103:02 28594858                  /home/arcady/.gradle/jdks/jetbrains_s_r_o_-21-amd64-linux.2/lib/libzip.so
7f4608661000-7f4608663000 r--p 00006000 103:02 28594858                  /home/arcady/.gradle/jdks/jetbrains_s_r_o_-21-amd64-linux.2/lib/libzip.so
7f4608663000-7f4608664000 r--p 00007000 103:02 28594858                  /home/arcady/.gradle/jdks/jetbrains_s_r_o_-21-amd64-linux.2/lib/libzip.so
7f4608664000-7f460866e000 rw-p 00000000 00:00 0 
7f460866e000-7f4608671000 ---p 00000000 00:00 0 
7f4608671000-7f4608679000 rw-s 00000000 00:31 8020                       /tmp/hsperfdata_arcady/141472
7f4608679000-7f4608686000 r--p 00000000 103:02 28594822                  /home/arcady/.gradle/jdks/jetbrains_s_r_o_-21-amd64-linux.2/lib/libjava.so
7f4608686000-7f4608695000 r-xp 0000d000 103:02 28594822                  /home/arcady/.gradle/jdks/jetbrains_s_r_o_-21-amd64-linux.2/lib/libjava.so
7f4608695000-7f460869b000 r--p 0001c000 103:02 28594822                  /home/arcady/.gradle/jdks/jetbrains_s_r_o_-21-amd64-linux.2/lib/libjava.so
7f460869b000-7f460869c000 r--p 00021000 103:02 28594822                  /home/arcady/.gradle/jdks/jetbrains_s_r_o_-21-amd64-linux.2/lib/libjava.so
7f460869c000-7f460869d000 rw-p 00022000 103:02 28594822                  /home/arcady/.gradle/jdks/jetbrains_s_r_o_-21-amd64-linux.2/lib/libjava.so
7f460869d000-7f460869e000 rw-p 00000000 00:00 0 
7f460869e000-7f46086a0000 r--p 00000000 103:02 28594817                  /home/arcady/.gradle/jdks/jetbrains_s_r_o_-21-amd64-linux.2/lib/libinstrument.so
7f46086a0000-7f46086a6000 r-xp 00002000 103:02 28594817                  /home/arcady/.gradle/jdks/jetbrains_s_r_o_-21-amd64-linux.2/lib/libinstrument.so
7f46086a6000-7f46086a9000 r--p 00008000 103:02 28594817                  /home/arcady/.gradle/jdks/jetbrains_s_r_o_-21-amd64-linux.2/lib/libinstrument.so
7f46086a9000-7f46086aa000 r--p 0000a000 103:02 28594817                  /home/arcady/.gradle/jdks/jetbrains_s_r_o_-21-amd64-linux.2/lib/libinstrument.so
7f46086aa000-7f46086ab000 rw-p 0000b000 103:02 28594817                  /home/arcady/.gradle/jdks/jetbrains_s_r_o_-21-amd64-linux.2/lib/libinstrument.so
7f46086ab000-7f46086ac000 ---p 00000000 00:00 0 
7f46086ac000-7f46086ad000 r--p 00000000 00:00 0 
7f46086ad000-7f46086ae000 ---p 00000000 00:00 0 
7f46086ae000-7f46086b1000 r--p 00000000 103:02 28594827                  /home/arcady/.gradle/jdks/jetbrains_s_r_o_-21-amd64-linux.2/lib/libjimage.so
7f46086b1000-7f46086c5000 r-xp 00003000 103:02 28594827                  /home/arcady/.gradle/jdks/jetbrains_s_r_o_-21-amd64-linux.2/lib/libjimage.so
7f46086c5000-7f46086cb000 r--p 00017000 103:02 28594827                  /home/arcady/.gradle/jdks/jetbrains_s_r_o_-21-amd64-linux.2/lib/libjimage.so
7f46086cb000-7f46086cc000 ---p 0001d000 103:02 28594827                  /home/arcady/.gradle/jdks/jetbrains_s_r_o_-21-amd64-linux.2/lib/libjimage.so
7f46086cc000-7f46086ce000 r--p 0001d000 103:02 28594827                  /home/arcady/.gradle/jdks/jetbrains_s_r_o_-21-amd64-linux.2/lib/libjimage.so
7f46086ce000-7f46086cf000 rw-p 0001f000 103:02 28594827                  /home/arcady/.gradle/jdks/jetbrains_s_r_o_-21-amd64-linux.2/lib/libjimage.so
7f46086cf000-7f46086df000 r--p 00000000 103:02 9178136                   /usr/lib/libm.so.6
7f46086df000-7f4608775000 r-xp 00010000 103:02 9178136                   /usr/lib/libm.so.6
7f4608775000-7f46087d5000 r--p 000a6000 103:02 9178136                   /usr/lib/libm.so.6
7f46087d5000-7f46087d6000 r--p 00105000 103:02 9178136                   /usr/lib/libm.so.6
7f46087d6000-7f46087d7000 rw-p 00106000 103:02 9178136                   /usr/lib/libm.so.6
7f46087d7000-7f46087d8000 r--p 00000000 103:02 9178168                   /usr/lib/librt.so.1
7f46087d8000-7f46087d9000 r-xp 00001000 103:02 9178168                   /usr/lib/librt.so.1
7f46087d9000-7f46087da000 r--p 00002000 103:02 9178168                   /usr/lib/librt.so.1
7f46087da000-7f46087db000 r--p 00002000 103:02 9178168                   /usr/lib/librt.so.1
7f46087db000-7f46087dc000 rw-p 00003000 103:02 9178168                   /usr/lib/librt.so.1
7f46087dc000-7f46087e0000 rw-p 00000000 00:00 0 
7f46087e0000-7f46087e1000 r--p 00000000 103:02 9178129                   /usr/lib/libdl.so.2
7f46087e1000-7f46087e2000 r-xp 00001000 103:02 9178129                   /usr/lib/libdl.so.2
7f46087e2000-7f46087e3000 r--p 00002000 103:02 9178129                   /usr/lib/libdl.so.2
7f46087e3000-7f46087e4000 r--p 00002000 103:02 9178129                   /usr/lib/libdl.so.2
7f46087e4000-7f46087e5000 rw-p 00003000 103:02 9178129                   /usr/lib/libdl.so.2
7f46087e5000-7f46087e6000 r--p 00000000 103:02 9178162                   /usr/lib/libpthread.so.0
7f46087e6000-7f46087e7000 r-xp 00001000 103:02 9178162                   /usr/lib/libpthread.so.0
7f46087e7000-7f46087e8000 r--p 00002000 103:02 9178162                   /usr/lib/libpthread.so.0
7f46087e8000-7f46087e9000 r--p 00002000 103:02 9178162                   /usr/lib/libpthread.so.0
7f46087e9000-7f46087ea000 rw-p 00003000 103:02 9178162                   /usr/lib/libpthread.so.0
7f46087ea000-7f46087ec000 r--p 00000000 103:02 28594828                  /home/arcady/.gradle/jdks/jetbrains_s_r_o_-21-amd64-linux.2/lib/libjli.so
7f46087ec000-7f46087f6000 r-xp 00002000 103:02 28594828                  /home/arcady/.gradle/jdks/jetbrains_s_r_o_-21-amd64-linux.2/lib/libjli.so
7f46087f6000-7f46087f9000 r--p 0000c000 103:02 28594828                  /home/arcady/.gradle/jdks/jetbrains_s_r_o_-21-amd64-linux.2/lib/libjli.so
7f46087f9000-7f46087fa000 ---p 0000f000 103:02 28594828                  /home/arcady/.gradle/jdks/jetbrains_s_r_o_-21-amd64-linux.2/lib/libjli.so
7f46087fa000-7f46087fb000 r--p 0000f000 103:02 28594828                  /home/arcady/.gradle/jdks/jetbrains_s_r_o_-21-amd64-linux.2/lib/libjli.so
7f46087fb000-7f46087fc000 rw-p 00010000 103:02 28594828                  /home/arcady/.gradle/jdks/jetbrains_s_r_o_-21-amd64-linux.2/lib/libjli.so
7f46087fc000-7f46087ff000 r--p 00000000 103:02 9219791                   /usr/lib/libz.so.1.3.1.zlib-ng
7f46087ff000-7f4608829000 r-xp 00003000 103:02 9219791                   /usr/lib/libz.so.1.3.1.zlib-ng
7f4608829000-7f4608832000 r--p 0002d000 103:02 9219791                   /usr/lib/libz.so.1.3.1.zlib-ng
7f4608832000-7f4608833000 r--p 00035000 103:02 9219791                   /usr/lib/libz.so.1.3.1.zlib-ng
7f4608833000-7f4608834000 rw-p 00036000 103:02 9219791                   /usr/lib/libz.so.1.3.1.zlib-ng
7f4608834000-7f4608836000 rw-p 00000000 00:00 0 
7f4608836000-7f460886c000 r--p 00000000 103:02 8914054                   /etc/ld.so.cache
7f460886c000-7f4608870000 r--p 00000000 00:00 0                          [vvar]
7f4608870000-7f4608872000 r--p 00000000 00:00 0                          [vvar_vclock]
7f4608872000-7f4608874000 r-xp 00000000 00:00 0                          [vdso]
7f4608874000-7f4608875000 r--p 00000000 103:02 9178108                   /usr/lib/ld-linux-x86-64.so.2
7f4608875000-7f46088a6000 r-xp 00001000 103:02 9178108                   /usr/lib/ld-linux-x86-64.so.2
7f46088a6000-7f46088b6000 r--p 00032000 103:02 9178108                   /usr/lib/ld-linux-x86-64.so.2
7f46088b6000-7f46088b8000 r--p 00041000 103:02 9178108                   /usr/lib/ld-linux-x86-64.so.2
7f46088b8000-7f46088b9000 rw-p 00043000 103:02 9178108                   /usr/lib/ld-linux-x86-64.so.2
7f46088b9000-7f46088ba000 rw-p 00000000 00:00 0 
7ffe2c2b6000-7ffe2c2df000 rw-p 00000000 00:00 0                          [stack]
ffffffffff600000-ffffffffff601000 --xp 00000000 00:00 0                  [vsyscall]
Total number of mappings: 1798

JVMTI agents:
/home/arcady/.gradle/caches/modules-2/files-2.1/org.jetbrains.compose.hot-reload/hot-reload-agent/1.1.1/15bff959a6459c2786e055fba794266fade25ade/hot-reload-agent-1.1.1.jar path:none, loaded, initialized, instrumentlib options:none


VM Arguments:
jvm_args: -Dcompose.reload.argfile=/home/arcady/Documents/cove/app/desktop/build/run/main/main.argfile -Dcompose.reload.build.continuous=false -Dcompose.reload.build.warmup=true -Dcompose.reload.buildSystem=Gradle -Dcompose.reload.devToolsClasspath=/home/arcady/.gradle/caches/modules-2/files-2.1/org.jetbrains.compose.hot-reload/hot-reload-devtools/1.1.1/bc27016efe338fc35c213cac2349d477adc08095/hot-reload-devtools-1.1.1.jar:/home/arcady/.gradle/caches/modules-2/files-2.1/org.jetbrains.compose.hot-reload/hot-reload-devtools-api/1.1.1/78295e7e36c6e1258d87e238865978a1a980da99/hot-reload-devtools-api-1.1.1.jar:/home/arcady/.gradle/caches/modules-2/files-2.1/org.jetbrains.compose.hot-reload/hot-reload-orchestration/1.1.1/7b5f9ed6f49115dd0ab30a91bd22214f101d23f/hot-reload-orchestration-1.1.1.jar:/home/arcady/.gradle/caches/modules-2/files-2.1/org.jetbrains.compose.hot-reload/hot-reload-core/1.1.1/f31266b5813648696560864a541a2fe784a0a671/hot-reload-core-1.1.1.jar:/home/arcady/.gradle/caches/modules-2/files-2.1/org.jetbrains.compose.hot-reload/hot-reload-runtime-api-jvm/1.1.1/61c13a79480c55140cbd9fe1ca651d86efcbee7/hot-reload-runtime-api-jvm-1.1.1.jar:/home/arcady/.gradle/caches/modules-2/files-2.1/org.jetbrains.compose.desktop/desktop-jvm/1.10.0/42facd9840309ac4eb841a986c5d1b97d2780471/desktop-jvm-1.10.0.jar:/home/arcady/.gradle/caches/modules-2/files-2.1/org.jetbrains.compose.components/components-resources-desktop/1.10.0/c6115b607f77e9d033de360f989850d3824bf112/library-desktop-1.10.0.jar:/home/arcady/.gradle/caches/modules-2/files-2.1/io.sellmair/evas-compose-jvm/1.4.0/a89b78f345d4a21a29c295820e4aa931aec1b93b/evas-compose-jvm-1.4.0.jar:/home/arcady/.gradle/caches/modules-2/files-2.1/io.sellmair/evas-jvm/1.4.0/3c6955af5c56c65290575b2b998ec166c5079de4/evas-jvm-1.4.0.jar:/home/arcady/.gradle/caches/modules-2/files-2.1/org.jetbrains.skiko/skiko-awt-runtime-linux-x64/0.9.37.3/aa9d80683c4b8fd560e22eb53a70b335e8281b66/skiko-awt-runtime-linux-x64-0.9.37.3.jar:/home/arcady/.gradle/caches/modules-2/files-2.1/org.jetbrains.compose.material3/material3-desktop/1.9.0/19004c4eb3dc6618eb66a076bbe3d7e1a2e7b85/material3-desktop-1.9.0.jar:/home/arcady/.gradle/caches/modules-2/files-2.1/org.jetbrains-Dcompose.reload.devToolsDetached=false -Dcompose.reload.devToolsEnabled=true -Dcompose.reload.devToolsHeadless=false -Dcompose.reload.devToolsTransparencyEnabled=false -Dcompose.reload.dirtyResolveDepthLimit=5 -Dcompose.reload.effectsEnabled=true -Dcompose.reload.isActive=true -Dcompose.reload.launchMode=GradleBlocking -Dcompose.reload.logLevel=Info -Dcompose.reload.logStdout=false -Dcompose.reload.mainClass=com.coveninja.cove.desktop.MainKt -Dcompose.reload.pidFile=/home/arcady/Documents/cove/app/desktop/build/run/main/main.pid -Dcompose.reload.staticsReinitializeMode=AllDirty -Dcompose.reload.virtualMethodResolveEnabled=true -Dgradle.build.project=:desktop -Dgradle.build.root=/home/arcady/Documents/cove/app -Dgradle.build.task=hotReloadMain -Dgradle.offline.mode=false -Dorg.gradle.java.home=/home/arcady/.local/share/JetBrains/Toolbox/apps/intellij-idea/jbr -XX:+IgnoreUnrecognizedVMOptions -XX:+AllowEnhancedClassRedefinition -javaagent:/home/arcady/.gradle/caches/modules-2/files-2.1/org.jetbrains.compose.hot-reload/hot-reload-agent/1.1.1/15bff959a6459c2786e055fba794266fade25ade/hot-reload-agent-1.1.1.jar -Dfile.encoding=UTF-8 -Duser.country=US -Duser.language=en -Duser.variant -Dawt.toolkit.name=XToolkit 
java_command: com.coveninja.cove.desktop.MainKt
java_class_path (initial): /home/arcady/.gradle/caches/modules-2/files-2.1/org.jetbrains.compose.hot-reload/hot-reload-agent/1.1.1/15bff959a6459c2786e055fba794266fade25ade/hot-reload-agent-1.1.1.jar:/home/arcady/.gradle/caches/modules-2/files-2.1/org.jetbrains.compose.hot-reload/hot-reload-orchestration/1.1.1/7b5f9ed6f49115dd0ab30a91bd22214f101d23f/hot-reload-orchestration-1.1.1.jar:/home/arcady/.gradle/caches/modules-2/files-2.1/org.jetbrains.compose.hot-reload/hot-reload-analysis/1.1.1/b85d3c35d1e89e3328b734d164758535901fe4b5/hot-reload-analysis-1.1.1.jar:/home/arcady/.gradle/caches/modules-2/files-2.1/org.jetbrains.compose.hot-reload/hot-reload-core/1.1.1/f31266b5813648696560864a541a2fe784a0a671/hot-reload-core-1.1.1.jar:/home/arcady/.gradle/caches/modules-2/files-2.1/org.javassist/javassist/3.30.2-GA/284580b5e42dfa1b8267058566435d9e93fae7f7/javassist-3.30.2-GA.jar:/home/arcady/.gradle/caches/modules-2/files-2.1/org.ow2.asm/asm-tree/9.9.1/b6b1b3366296163b4b1f540731aad0a2baa484d8/asm-tree-9.9.1.jar:/home/arcady/.gradle/caches/modules-2/files-2.1/org.ow2.asm/asm/9.9.1/2ceea6ab43bcae1979b2a6d85fc0ca429877e5ab/asm-9.9.1.jar:/home/arcady/.gradle/caches/modules-2/files-2.1/org.jetbrains.compose.hot-reload/hot-reload-annotations-jvm/1.1.1/4c2dbc6fe7ff43481c1ef134b21219e0f76b66f9/hot-reload-annotations-jvm-1.1.1.jar:/home/arcady/Documents/cove/app/desktop/build/run/main/classpath/hot:/home/arcady/Documents/cove/app/desktop/build/run/main/classpath/classes:/home/arcady/Documents/cove/app/desktop/build/run/main/classpath/libs/backend/-3ga6dke/backend-desktop.jar:/home/arcady/Documents/cove/app/desktop/build/run/main/classpath/libs/ui/aic1m96/ui-desktop.jar:/home/arcady/Documents/cove/app/desktop/build/run/main/classpath/libs/shared/-4m2l5mk/shared-desktop.jar:/home/arcady/.gradle/caches/modules-2/files-2.1/org.jetbrains.compose.hot-reload/hot-reload-runtime-jvm/1.1.1/501822c4866027236f6b7e925f6b46e99136b560/hot-reload-runtime-jvm-1.1.1.jar:/home/arcady/.gradle/caches/modules-2/files-2.1/app.cash.sqldelight/coroutines-extensions-jvm/2.3.2/d173c66e5dac733184a7c23a7809f93330ffd3b7/sqldelight-coroutines-extensions-jvm-2.3.2.jar:/home/arcady/.gradle/caches/modules-2/files-2.1/io.ktor/ktor-client-content-negotiation-jvm/3.5.1/d8e8b3cbcd66160ecb0274eb5ef23cb12dbc431c/ktor-client-content-negotiation-jvm-3.5.1.jar:/home/arcady/.gradle/caches/modules-2/files-2.1/io.ktor/ktor-client-cio-jvm/3.5.1/573f85f4f30f07998fbc75c812f0ed2f8f2c27aa/ktor-client-cio-jvm-3.5.1.jar:/home/arcady/.gradle/caches/modules-2/files-2.1/io.ktor/ktor-client-okhttp-jvm/3.5.1/f3616f56c9354da06f4bc7d4f9b0a0850ac20ca1/ktor-client-okhttp-jvm-3.5.1.jar:/home/arcady/.gradle/caches/modules-2/files-2.1/io.coil-kt.coil3/coil-network-ktor3-jvm/3.5.0/d85dbeb646cf44c53a733fcb63cc82f6a6d54f16/coil-network-ktor3-jvm-3.5.0.jar:/home/arcady/.gradle/caches/modules-2/files-2.1/io.ktor/ktor-client-core-jvm/3.5.1/87b25b4cd59e949d0514ebc7f027510b35ff6d2f/ktor-client-core-jvm-3.5.1.jar:/home/arcady/.gradle/caches/modules-2/files-2.1/io.ktor/ktor-serialization-kotlinx-json-jvm/3.5.1/99dbf20f4082d37d8e7cfa9d956d0cf38881d8e8/ktor-serialization-kotlinx-json-jvm-3.5.1.jar:/home/arcady/.gradle/caches/modules-2/files-2.1/io.ktor/ktor-server-cio-jvm/3.5.1/32e77bcedfd525dd0037cfd7cfa1f4b927266681/ktor-server-cio-jvm-3.5.1.jar:/home/arcady/.gradle/caches/modules-2/files-2.1/io.ktor/ktor-server-content-negotiation-jvm/3.5.1/7eba258119a98b66a6407c8dda2dee9e3ead8359/ktor-server-content-negotiation-jvm-3.5.1.jar:/home/arcady/.gradle/caches/modules-2/files-2.1/io.ktor/ktor-server-cors-jvm/3.5.1/708ab69951e06ea64164ba3d91556b95d0c26ac/ktor-server-cors-jvm-3.5.1.jar:/home/arcady/.gradle/caches/modules-2/files-2.1/io.ktor/ktor-server-partial-content-jvm/3.5.1/6c8578424cfe06dff01e5e38226879bc039099d1/ktor-server-partial-content-jvm-3.5.1.jar:/home/arcady/.gradle/caches/modules-2/files-2.1/io.ktor/ktor-server-sse-jvm/3.5.1/3716b55aa493d0d6571111fba3c954d5de705866/ktor-server-sse-jvm-3.5.1.jar:/home/arcady/.gradle/caches/modules-2/files-2.1/io.ktor/ktor-server-status-pages-jvm/3.5.1/14941f6546db5e0a4bc4b0b7ae1fb750fcff2fa0/ktor-server-status-pages-jvm-3.5.1.jar:/home/arcady/.gradle/caches/modules-2/files-2.1/io.ktor/ktor-server-conditional-headers-jvm/3.5.1/23be1d505ff894503616920c91cb021c656dbb66/ktor-server-conditional-headers-jvm-3.5.1.jar:/home/arcady/.gradle/caches/modules-2/files-2.1/io.ktor/ktor-server-core-jvm/3.5.1/7acc00c03828a37686de8cb90e47e4a0ed7e8408/ktor-server-core-jvm-3.5.1.jar:/home/arcady/.gradle/caches/modules-2/files-2.1/org.jetbrains.compose.desktop/desktop-jvm/1.11.1/1fee826ff9d1fafd500b57a22facfc0236bc14c7/desktop-jvm-1.11.1.jar:/home/arcady/.gradle/caches/modules-2/files-2.1/org.jetbrains.skiko/skiko-awt-runtime-linux-x64/0.144.6/291f8626a2fecd06e9f585424360560189ab7303/skiko-awt-runtime-linux-x64-0.144.6.jar:/home/arcady/.gradle/caches/modules-2/files-2.1/org.jetbrains.compose.material3/material3-desktop/1.9.0/19004c4eb3dc6618eb66a076bbe3d7e1a2e7b85/material3-desktop-1.9.0.jar:/home/arcady/.gradle/caches/modules-2/files-2.1/org.jetbrains.compose.material/material-desktop/1.11.1/2891a6f3a62dc4c367636a521d1b680a7d6ff6d/material-desktop-1.11.1.jar:/home/arcady/.gradle/caches/modules-2/files-2.1/org.jetbrains.compose.animation/animation-core-desktop/1.11.1/1bf633ecd1a38a1cf7a41630bc56cba0da9cc25b/animation-core-desktop-1.11.1.jar:/home/arcady/.gradle/caches/modules-2/files-2.1/org.jetbrains.compose.material/material-ripple-desktop/1.11.1/ae97a5eeb23bc3f461bc3e16e2a9882175405d17/material-ripple-desktop-1.11.1.jar:/home/arcady/.gradle/caches/modules-2/files-2.1/org.jetbrains.compose.animation/animation-desktop/1.11.1/f873fb28f1a08d45a4dd20a0130b3da8cadf383c/animation-desktop-1.11.1.jar:/home/arcady/.gradle/caches/modules-2/files-2.1/org.jetbrains.compose.foundation/foundation-layout-desktop/1.11.1/853fc5d01388da6515ce40b719798914012f6469/foundation-layout-desktop-1.11.1.jar:/home/arcady/.gradle/caches/modules-2/files-2.1/io.coil-kt.coil3/coil-compose-jvm/3.5.0/820523ee39decd98eecdb61a7fc03412eedbbabc/coil-compose-jvm-3.5.0.jar:/home/arcady/.gradle/caches/modules-2/files-2.1/io.coil-kt.coil3/coil-compose-core-jvm/3.5.0/8ebdd416d1157820ca47dc6a7644c56716a9c8fa/coil-compose-core-jvm-3.5.0.jar:/home/arcady/.gradle/caches/modules-2/files-2.1/org.jetbrains.compose.foundation/foundation-desktop/1.11.1/6df316e7af2c0c97f200de289925f62ca8fce53d/foundation-desktop-1.11.1.jar:/home/arcady/.gradle/caches/modules-2/files-2.1/org.jetbrains.compose.ui/ui-backhandler-desktop/1.11.1/bd3540bb1d6abd60c5e58f32663b2f3e89406cd1/ui-backhandler-desktop-1.11.1.jar:/home/arcady/.gradle/caches/modules-2/files-2.1/org.jetbrains.compose.ui/ui-geometry-desktop/1.11.1/5e430152487375359973ac9874653d335dcc220/ui-geometry-desktop-1.11.1.jar:/home/arcady/.gradle/caches/modules-2/files-2.1/org.jetbrains.compose.ui/ui-graphics-desktop/1.11.1/6ea106d02adf29694eedf12fdfb621947d3621bf/ui-graphics-desktop-1.11.1.jar:/home/arcady/.gradle/caches/modules-2/files-2.1/org.jetbrains.compose.ui/ui-unit-desktop/1.11.1/f6c06f98da206d01dc40c1587c6bc4c40cbef623/ui-unit-desktop-1.11.1.jar:/home/arcady/.gradle/caches/modules-2/files-2.1/org.jetbrains.compose.ui/ui-tooling-preview-desktop/1.11.1/97ec578d33adc34adcaa63e9af7bb2328c6c29b7/ui-tooling-preview-desktop-1.11.1.jar:/home/arcady/.gradle/caches/modules-2/files-2.1/org.jetbrains.compose.ui/ui-desktop/1.11.1/24c40c0d60c77a6fb34f930f13bfa4a3ff62c0f/ui-desktop-1.11.1.jar:/home/arcady/.gradle/caches/modules-2/files-2.1/org.jetbrains.compose.ui/ui-util-desktop/1.11.1/4302c582878b82ab24e1f34e6e90f967f7b416ed/ui-util-desktop-1.11.1.jar:/home/arcady/.gradle/caches/modules-2/files-2.1/org.jetbrains.compose.ui/ui-text-desktop/1.11.1/6ded685e2601260d6231c859a849b96ee6c60368/ui-text-desktop-1.11.1.jar:/home/arcady/.gradle/caches/modules-2/files-2.1/io.coil-kt.coil3/coil-jvm/3.5.0/602087c06fa4b1795a1572a26b174516c4d932e5/coil-jvm-3.5.0.jar:/home/arcady/.gradle/caches/modules-2/files-2.1/io.coil-kt.coil3/coil-network-core-jvm/3.5.0/5a995a2262efe8e8569b40fee8ce223aaa5599d8/coil-network-core-jvm-3.5.0.jar:/home/arcady/.gradle/caches/modules-2/files-2.1/io.coil-kt.coil3/coil-core-jvm/3.5.0/5e82ee4827a88516057cb4ebd22871f6672643a8/coil-core-jvm-3.5.0.jar:/home/arcady/.gradle/caches/modules-2/files-2.1/org.jetbrains.skiko/skiko-awt/0.144.6/c9bec39e3c517ed5591c71c7db0cbbe64b6be849/skiko-awt-0.144.6.jar:/home/arcady/.gradle/caches/modules-2/files-2.1/org.jetbrains.kotlinx/kotlinx-coroutines-slf4j/1.11.0/556153d93573d016dd4e5df37e3d03d07d8d303/kotlinx-coroutines-slf4j-1.11.0.jar:/home/arcady/.gradle/caches/modules-2/files-2.1/app.cash.sqldelight/async-extensions-jvm/2.3.2/e5f111fd2538f59c6b7bf770edc9f05912ed95ae/sqldelight-async-extensions-jvm-2.3.2.jar:/home/arcady/.gradle/caches/modules-2/files-2.1/io.ktor/ktor-http-cio-jvm/3.5.1/1a16204a224f61963937735faec75b7f1853de5f/ktor-http-cio-jvm-3.5.1.jar:/home/arcady/.gradle/caches/modules-2/files-2.1/io.ktor/ktor-websocket-serialization-jvm/3.5.1/f26344135c92f3434f39262f9d6c3ac35aff7fd8/ktor-websocket-serialization-jvm-3.5.1.jar:/home/arcady/.gradle/caches/modules-2/files-2.1/io.ktor/ktor-serialization-kotlinx-jvm/3.5.1/a9d2d5091a5bd1e1218c59df1387c2533a5c8c8/ktor-serialization-kotlinx-jvm-3.5.1.jar:/home/arcady/.gradle/caches/modules-2/files-2.1/io.ktor/ktor-serialization-jvm/3.5.1/695550e97ab815bfae0aa4d837ffddcf05e2cfa0/ktor-serialization-jvm-3.5.1.jar:/home/arcady/.gradle/caches/modules-2/files-2.1/io.ktor/ktor-websockets-jvm/3.5.1/97dc5d4f5dc4b01b7116619e2ae99ab79a5a90ac/ktor-websockets-jvm-3.5.1.jar:/home/arcady/.gradle/caches/modules-2/files-2.1/io.ktor/ktor-network-tls-jvm/3.5.1/14035ff7dbd67931b2aaca4fb2c82a410a232683/ktor-network-tls-jvm-3.5.1.jar:/home/arcady/.gradle/caches/modules-2/files-2.1/io.ktor/ktor-http-jvm/3.5.1/514c40c2803e18de2cb04198aaf3874e66346c9e/ktor-http-jvm-3.5.1.jar:/home/arcady/.gradle/caches/modules-2/files-2.1/io.ktor/ktor-events-jvm/3.5.1/9e4bf00bd3d980098d60c62f5e33f2588279c593/ktor-events-jvm-3.5.1.jar:/home/arcady/.gradle/caches/modules-2/files-2.1/io.ktor/ktor-sse-jvm/3.5.1/537081aa4574a1228078acec7ffca808c74c8dd4/ktor-sse-jvm-3.5.1.jar:/home/arcady/.gradle/caches/modules-2/files-2.1/io.ktor/ktor-network-jvm/3.5.1/aeaad6929901bf7000ce744ef81ed0e94a4ee0be/ktor-network-jvm-3.5.1.jar:/home/arcady/.gradle/caches/modules-2/files-2.1/io.ktor/ktor-utils-jvm/3.5.1/662afab83c79a0b0fa6fea92f32841858145553b/ktor-utils-jvm-3.5.1.jar:/home/arcady/.gradle/caches/modules-2/files-2.1/androidx.navigationevent/navigationevent-desktop/1.0.1/ddb1e7fe97ed51c3d35bba493f97fcf12398719/navigationevent-desktop-1.0.1.jar:/home/arcady/.gradle/caches/modules-2/files-2.1/androidx.compose.runtime/runtime-retain-desktop/1.11.2/3aa3ec26ef2a3d26bc556b51b33d09efc1a198e8/runtime-retain-desktop-1.11.2.jar:/home/arcady/.gradle/caches/modules-2/files-2.1/androidx.compose.runtime/runtime-annotation-jvm/1.11.2/db4aa964627ac96331b72e231b9ad54318d112f4/runtime-annotation-jvm-1.11.2.jar:/home/arcady/.gradle/caches/modules-2/files-2.1/androidx.compose.runtime/runtime-saveable-desktop/1.11.2/1618fae89791692a224fe7aa79edbd7a8f5b7522/runtime-saveable-desktop-1.11.2.jar:/home/arcady/.gradle/caches/modules-2/files-2.1/org.jetbrains.compose.runtime/runtime-saveable-desktop/1.11.1/b7c8a8ed985a0f15b4d8d206de1fc6125b499388/runtime-saveable-desktop-1.11.1.jar:/home/arcady/.gradle/caches/modules-2/files-2.1/org.jetbrains.androidx.lifecycle/lifecycle-runtime-compose-desktop/2.9.6/7b6b6793f3c4c5996b20d1d99cf728e5fac00364/lifecycle-runtime-compose-desktop-2.9.6.jar:/home/arcady/.gradle/caches/modules-2/files-2.1/org.jetbrains.androidx.savedstate/savedstate-compose-desktop/1.3.6/63692375ffe667f12cb3ea8aa1e605d659ed2add/savedstate-compose-desktop-1.3.6.jar:/home/arcady/.gradle/caches/modules-2/files-2.1/org.jetbrains.compose.runtime/runtime-desktop/1.11.1/1941336b045aac4b87cc3be81d9fdb9977c88c61/runtime-desktop-1.11.1.jar:/home/arcady/.gradle/caches/modules-2/files-2.1/androidx.lifecycle/lifecycle-runtime-desktop/2.9.4/1cc820319ec0139e76b8a2fe4be0b356b4e624c4/lifecycle-runtime-desktop-2.9.4.jar:/home/arcady/.gradle/caches/modules-2/files-2.1/androidx.lifecycle/lifecycle-common-jvm/2.9.4/ab739bccdb3541983385af169565c7c035d897e7/lifecycle-common-jvm-2.9.4.jar:/home/arcady/.gradle/caches/modules-2/files-2.1/androidx.lifecycle/lifecycle-runtime-compose-desktop/2.9.4/86a4ffec845d4e488078118a0b5095bd1fabcafe/lifecycle-runtime-compose-desktop-2.9.4.jar:/home/arcady/.gradle/caches/modules-2/files-2.1/androidx.lifecycle/lifecycle-viewmodel-desktop/2.9.4/93fee6d78f0df0e38f36e0fa2eff74f8da6d5481/lifecycle-viewmodel-desktop-2.9.4.jar:/home/arcady/.gradle/caches/modules-2/files-2.1/androidx.lifecycle/lifecycle-viewmodel-savedstate-desktop/2.9.4/72a1919b08c5a4da224d8a65ce1589aa69934e8a/lifecycle-viewmodel-savedstate-desktop-2.9.4.jar:/home/arcady/.gradle/caches/modules-2/files-2.1/androidx.savedstate/savedstate-desktop/1.4.0/3b049a0f81643d6b4b900de95bc23efc085c32d5/savedstate-desktop-1.4.0.jar:/home/arcady/.gradle/caches/modules-2/files-2.1/androidx.savedstate/savedstate-compose-desktop/1.4.0/d3d6e0e2108528eb6080dc250da925a572be4202/savedstate-compose-desktop-1.4.0.jar:/home/arcady/.gradle/caches/modules-2/files-2.1/androidx.compose.runtime/runtime-desktop/1.11.2/e93d95553cdd86c1cb8c02f50260cc1c8e341da8/runtime-desktop-1.11.2.jar:/home/arcady/.gradle/caches/modules-2/files-2.1/io.ktor/ktor-io-jvm/3.5.1/e9382eba8364609db5ce3d4e266557862e5b73fd/ktor-io-jvm-3.5.1.jar:/home/arcady/.gradle/caches/modules-2/files-2.1/org.jetbrains.kotlinx/kotlinx-coroutines-core-jvm/1.11.0/3d57dc678bd8d72a60e7adf0eca5c54e3f4f4b79/kotlinx-coroutines-core-jvm-1.11.0.jar:/home/arcady/.gradle/caches/modules-2/files-2.1/org.jetbrains.kotlinx/kotlinx-coroutines-swing/1.11.0/3cf134b8aefd813622edc37e60d66b939b55cb36/kotlinx-coroutines-swing-1.11.0.jar:/home/arcady/.gradle/caches/modules-2/files-2.1/org.jetbrains.compose.hot-reload/hot-reload-devtools-api/1.1.1/78295e7e36c6e1258d87e238865978a1a980da99/hot-reload-devtools-api-1.1.1.jar:/home/arcady/.gradle/caches/modules-2/files-2.1/app.cash.sqldelight/sqlite-driver/2.3.2/bba6319d69c46427650fd815d337e5de64b291d0/sqlite-driver-2.3.2.jar:/home/arcady/.gradle/caches/modules-2/files-2.1/org.jetbrains.kotlinx/kotlinx-serialization-json-io-jvm/1.11.0/645ed54ca9128fc217b30b3686a083141ebe635c/kotlinx-serialization-json-io-jvm-1.11.0.jar:/home/arcady/.gradle/caches/modules-2/files-2.1/org.jetbrains.kotlinx/kotlinx-serialization-core-jvm/1.11.0/c1905c9bf7452b045d5af9248835abe64ddad6bf/kotlinx-serialization-core-jvm-1.11.0.jar:/home/arcady/.gradle/caches/modules-2/files-2.1/org.jetbrains.kotlinx/kotlinx-serialization-json-jvm/1.11.0/e7e045e99e56f07599bb9ccb708c2190e2af0606/kotlinx-serialization-json-jvm-1.11.0.jar:/home/arcady/.gradle/caches/modules-2/files-2.1/app.cash.sqldelight/jdbc-driver/2.3.2/675c4cf8037ee6ea27336e752ba6ee6dca18ac55/jdbc-driver-2.3.2.jar:/home/arcady/.gradle/caches/modules-2/files-2.1/app.cash.sqldelight/runtime-jvm/2.3.2/ca2286f676b8a70bac0d71e7b7a95a89dfa4a859/runtime-jvm-2.3.2.jar:/home/arcady/.gradle/caches/modules-2/files-2.1/org.jetbrains.kotlinx/kotlinx-datetime-jvm/0.7.1/81c2e0246bd28cc2dcbdf0ab53628322e66a9de9/kotlinx-datetime-jvm-0.7.1.jar:/home/arcady/.gradle/caches/modules-2/files-2.1/org.jetbrains.kotlin/kotlin-reflect/2.3.21/6acc55c52691ce3fd41b20a0472f3513106521a5/kotlin-reflect-2.3.21.jar:/home/arcady/.gradle/caches/modules-2/files-2.1/com.squareup.okhttp3/okhttp-jvm/5.3.2/f31e8de27feebe1e56d6c9d354a0986b65be0e1d/okhttp-jvm-5.3.2.jar:/home/arcady/.gradle/caches/modules-2/files-2.1/com.squareup.okio/okio-jvm/3.17.0/a12d684ec0df9541b3869ae60a4a5257fd3613df/okio-jvm-3.17.0.jar:/home/arcady/.gradle/caches/modules-2/files-2.1/org.jetbrains.kotlinx/atomicfu-jvm/0.28.0/6a9ac536f4b2144e57c176fd4e26821eb12084f4/atomicfu-jvm-0.28.0.jar:/home/arcady/.gradle/caches/modules-2/files-2.1/androidx.collection/collection-jvm/1.5.0/7ba2c69414d46ebc2dd76598bdd0a75c54281a57/collection-jvm-1.5.0.jar:/home/arcady/.gradle/caches/modules-2/files-2.1/androidx.arch.core/core-common/2.2.0/5e1b8b81dfd5f52c56a8d53b18ca759c19a301f3/core-common-2.2.0.jar:/home/arcady/.gradle/caches/modules-2/files-2.1/androidx.annotation/annotation-jvm/1.9.1/b17951747e38bf3986a24431b9ba0d039958aa5f/annotation-jvm-1.9.1.jar:/home/arcady/.gradle/caches/modules-2/files-2.1/org.jetbrains.kotlinx/kotlinx-io-core-jvm/0.9.0/7f7536f8f057ffc7f79375714e9730c4b8bdd7c9/kotlinx-io-core-jvm-0.9.0.jar:/home/arcady/.gradle/caches/modules-2/files-2.1/org.jetbrains.kotlinx/kotlinx-io-bytestring-jvm/0.9.0/e73a7915234a8ea7954f32b715ef8e42b02f66a3/kotlinx-io-bytestring-jvm-0.9.0.jar:/home/arcady/.gradle/caches/modules-2/files-2.1/org.jetbrains.kotlin/kotlin-stdlib/2.4.10/8943c84ddc6d5cc00a10dbc3736c397066eeaab5/kotlin-stdlib-2.4.10.jar:/home/arcady/.gradle/caches/modules-2/files-2.1/net.java.dev.jna/jna/5.19.0/395436f40fa0822145c052342de69d85dfe9f9d3/jna-5.19.0.jar:/home/arcady/.gradle/caches/modules-2/files-2.1/org.jogamp.jogl/jogl-all/2.6.0/dc0dd5ce77cf31ea1dd8fc2c2c27592be76feb7c/jogl-all-2.6.0.jar:/home/arcady/.gradle/caches/modules-2/files-2.1/org.jogamp.jogl/jogl-all/2.6.0/9c5dcf644b3f8a32fc41e341381cf1a4a8684d48/jogl-all-2.6.0-natives-linux-amd64.jar:/home/arcady/.gradle/caches/modules-2/files-2.1/org.jogamp.gluegen/gluegen-rt/2.6.0/524e9cc0f1939e201ae548229c66bafca0e1ed24/gluegen-rt-2.6.0.jar:/home/arcady/.gradle/caches/modules-2/files-2.1/org.jogamp.gluegen/gluegen-rt/2.6.0/7a99a746281a6ac3e97134b589c2d8d13dc0378e/gluegen-rt-2.6.0-natives-linux-amd64.jar:/home/arcady/.gradle/caches/modules-2/files-2.1/org.jetbrains/annotations/23.0.0/8cc20c07506ec18e0834947b84a864bfc094484e/annotations-23.0.0.jar:/home/arcady/.gradle/caches/modules-2/files-2.1/com.frostwire/jlibtorrent/2.0.12.9/541c28a638936c4de35b9e66c42ccca22adc287d/jlibtorrent-2.0.12.9.jar:/home/arcady/.gradle/caches/modules-2/files-2.1/org.graalvm.js/js-community/25.0.2/a415eb59c88a2dda2a4e739214bb7111cffc5984/js-community-25.0.2.pom:/home/arcady/.gradle/caches/modules-2/files-2.1/org.graalvm.js/js/25.0.2/ec12bb5a8df20e7159b3239129d666460a89662c/js-25.0.2.pom:/home/arcady/.gradle/caches/modules-2/files-2.1/org.graalvm.js/js-language/25.0.2/1bab7bfeb0e853b22e01c170c5910ec3fed64bd7/js-language-25.0.2.jar:/home/arcady/.gradle/caches/modules-2/files-2.1/org.graalvm.truffle/truffle-runtime/25.0.2/e30b34b7bd3103b7b1b175021ec1ac2aa606d692/truffle-runtime-25.0.2.jar:/home/arcady/.gradle/caches/modules-2/files-2.1/org.graalvm.regex/regex/25.0.2/d9139554e05fbe619028745419850198249d0b24/regex-25.0.2.jar:/home/arcady/.gradle/caches/modules-2/files-2.1/org.graalvm.truffle/truffle-api/25.0.2/50b987c8860bd113be3c24e0e3e473c41467618f/truffle-api-25.0.2.jar:/home/arcady/.gradle/caches/modules-2/files-2.1/org.graalvm.polyglot/polyglot/25.0.2/ae7722e14f72efac7172bf66d92c3fd9266ed151/polyglot-25.0.2.jar:/home/arcady/.gradle/caches/modules-2/files-2.1/com.frostwire/jlibtorrent-linux-x86_64/2.0.12.9/5a9791cee2574387863a430f2a92b58ba7293a61/jlibtorrent-linux-x86_64-2.0.12.9.jar:/home/arcady/.gradle/caches/modules-2/files-2.1/antlr/antlr/2.7.7/83cd2cd674a217ade95a4bb83a8a14f351f48bd0/antlr-2.7.7.jar:/home/arcady/.gradle/caches/modules-2/files-2.1/org.xerial/sqlite-jdbc/3.51.3.0/a6a5177ff8d35028a8943129aa4a18e850fe1387/sqlite-jdbc-3.51.3.0.jar:/home/arcady/.gradle/caches/modules-2/files-2.1/org.graalvm.sdk/jniutils/25.0.2/bb775e33e75152b04e4000ecca87ce6341794cf2/jniutils-25.0.2.jar:/home/arcady/.gradle/caches/modules-2/files-2.1/org.graalvm.sdk/collections/25.0.2/6e921cc0f9986aff40cb6b96f17c669c18d858c7/collections-25.0.2.jar:/home/arcady/.gradle/caches/modules-2/files-2.1/org.graalvm.shadowed/icu4j/25.0.2/cadb4d511905a20f2dc0b61320e43736a49e1dfd/icu4j-25.0.2.jar:/home/arcady/.gradle/caches/modules-2/files-2.1/org.graalvm.sdk/nativeimage/25.0.2/51871243791b4ba45af46df4ad5e8a35393d1044/nativeimage-25.0.2.jar:/home/arcady/.gradle/caches/modules-2/files-2.1/org.slf4j/slf4j-api/2.0.18/78a9e7a37cd6360e0b818e86341b24123d28d4df/slf4j-api-2.0.18.jar:/home/arcady/.gradle/caches/modules-2/files-2.1/com.typesafe/config/1.4.9/fc87584fea1adcf5df899e58501a470329e59b52/config-1.4.9.jar:/home/arcady/.gradle/caches/modules-2/files-2.1/org.graalvm.sdk/word/25.0.2/2f4e3c92bba118d3adab969956e5ea3d66e96d18/word-25.0.2.jar:/home/arcady/.gradle/caches/modules-2/files-2.1/org.jetbrains.runtime/jbr-api/1.9.0/2bc161f5472b5fd5610740e4d6ebe896c811cb0e/jbr-api-1.9.0.jar:/home/arcady/.gradle/caches/modules-2/files-2.1/org.graalvm.truffle/truffle-compiler/25.0.2/4c61dfa49ba0d207f5df1fc410030fa256fee2ff/truffle-compiler-25.0.2.jar:/home/arcady/.gradle/caches/modules-2/files-2.1/org.graalvm.shadowed/xz/25.0.2/3a62dce96f476ff431800ec61d1807fd83c7c77b/xz-25.0.2.jar:/home/arcady/.gradle/caches/modules-2/files-2.1/org.jspecify/jspecify/1.0.0/7425a601c1c7ec76645a78d22b8c6a627edee507/jspecify-1.0.0.jar
Launcher Type: SUN_STANDARD

[Global flags]
     bool AllowEnhancedClassRedefinition           = true                                      {product} {command line}
     intx CICompilerCount                          = 4                                         {product} {ergonomic}
     uint ConcGCThreads                            = 3                                         {product} {ergonomic}
     uint G1ConcRefinementThreads                  = 10                                        {product} {ergonomic}
   size_t G1HeapRegionSize                         = 4194304                                   {product} {ergonomic}
    uintx GCDrainStackTargetSize                   = 64                                        {product} {ergonomic}
     bool IgnoreUnrecognizedVMOptions              = true                                      {product} {command line}
   size_t InitialHeapSize                          = 528482304                                 {product} {ergonomic}
   size_t MarkStackSize                            = 4194304                                   {product} {ergonomic}
   size_t MaxHeapSize                              = 8392802304                                {product} {ergonomic}
   size_t MaxNewSize                               = 5033164800                                {product} {ergonomic}
   size_t MinHeapDeltaBytes                        = 4194304                                   {product} {ergonomic}
   size_t MinHeapSize                              = 8388608                                   {product} {ergonomic}
    uintx NonNMethodCodeHeapSize                   = 5839372                                {pd product} {ergonomic}
    uintx NonProfiledCodeHeapSize                  = 122909434                              {pd product} {ergonomic}
    uintx ProfiledCodeHeapSize                     = 122909434                              {pd product} {ergonomic}
    uintx ReservedCodeCacheSize                    = 251658240                              {pd product} {ergonomic}
     bool SegmentedCodeCache                       = true                                      {product} {ergonomic}
   size_t SoftMaxHeapSize                          = 8392802304                             {manageable} {ergonomic}
     bool UseCompressedOops                        = true                           {product lp64_product} {ergonomic}
     bool UseG1GC                                  = true                                      {product} {ergonomic}

Logging:
Log output configuration:
 #0: stdout all=warning uptime,level,tags foldmultilines=false
 #1: stderr all=off uptime,level,tags foldmultilines=false

Release file:
JAVA_VERSION="21.0.11"
MODULES="java.base java.datatransfer java.xml java.prefs java.desktop gluegen.rt java.compiler java.instrument java.logging java.management java.security.sasl java.naming java.rmi java.management.rmi java.net.http java.scripting java.security.jgss java.transaction.xa java.sql java.sql.rowset java.xml.crypto java.se java.smartcardio jogl.all jcef jdk.accessibility jdk.internal.jvmstat jdk.attach jdk.charsets jdk.internal.opt jdk.zipfs jdk.compiler jdk.crypto.ec jdk.crypto.cryptoki jdk.dynalink jdk.internal.ed jdk.editpad jdk.hotspot.agent jdk.httpserver jdk.incubator.vector jdk.internal.le jdk.internal.vm.ci jdk.internal.vm.compiler jdk.internal.vm.compiler.management jdk.jartool jdk.javadoc jdk.jcmd jdk.management jdk.management.agent jdk.jconsole jdk.jdeps jdk.jdwp.agent jdk.jdi jdk.jfr jdk.jlink jdk.jpackage jdk.jshell jdk.jsobject jdk.jstatd jdk.localedata jdk.management.jfr jdk.naming.dns jdk.naming.rmi jdk.net jdk.nio.mapmode jdk.random jdk.sctp jdk.security.auth jdk.security.jgss jdk.unsupported jdk.unsupported.desktop jdk.xml.dom"
IMPLEMENTOR="JetBrains s.r.o."
IMPLEMENTOR_VERSION="JBRSDK-21.0.11+10-1163.116-jcef"
JAVA_RUNTIME_VERSION="21.0.11+10-b1163.116"
LIBC="gnu"
OS_ARCH="x86_64"
OS_NAME="Linux"
SOURCE=".:git:cf1f197170a0+ jcef_git:git:4a605f44671a"
JCEF_VERSION="137.0.17.1107+ge397b56"
JCEF_COMMIT_HASH="e397b569415d3c67b114495985454e5201955573"

Environment Variables:
PATH=/home/arcady/.local/bin:/home/arcady/loom-prefix/bin:/home/arcady/Documents/CoveQml/dist/bin:/home/arcady/go/bin:/home/arcady/.cargo/bin:/usr/local/bin:/usr/bin:/bin:/usr/local/sbin:/home/arcady/.local/share/flatpak/exports/bin:/var/lib/flatpak/exports/bin:/usr/lib/jvm/default/bin:/usr/bin/site_perl:/usr/bin/vendor_perl:/usr/bin/core_perl:/home/arcady/.local/share/JetBrains/Toolbox/scripts
SHELL=/bin/fish
DISPLAY=:0
WAYLAND_DISPLAY=wayland-1
LANG=en_US.UTF-8
LC_NUMERIC=tr_TR.UTF-8
LC_TIME=tr_TR.UTF-8

Active Locale:
LC_ALL=LC_CTYPE=en_US.UTF-8;LC_NUMERIC=C;LC_TIME=tr_TR.UTF-8;LC_COLLATE=en_US.UTF-8;LC_MONETARY=tr_TR.UTF-8;LC_MESSAGES=en_US.UTF-8;LC_PAPER=tr_TR.UTF-8;LC_NAME=tr_TR.UTF-8;LC_ADDRESS=tr_TR.UTF-8;LC_TELEPHONE=tr_TR.UTF-8;LC_MEASUREMENT=tr_TR.UTF-8;LC_IDENTIFICATION=tr_TR.UTF-8
LC_COLLATE=en_US.UTF-8
LC_CTYPE=en_US.UTF-8
LC_MESSAGES=en_US.UTF-8
LC_MONETARY=tr_TR.UTF-8
LC_NUMERIC=C
LC_TIME=tr_TR.UTF-8

Signal Handlers:
   SIGSEGV: crash_handler in libjvm.so, mask=11100100010111111101111111111110, flags=SA_RESTART|SA_SIGINFO, unblocked
    SIGBUS: crash_handler in libjvm.so, mask=11100100010111111101111111111110, flags=SA_RESTART|SA_SIGINFO, unblocked
    SIGFPE: crash_handler in libjvm.so, mask=11100100010111111101111111111110, flags=SA_RESTART|SA_SIGINFO, unblocked
   SIGPIPE: SIG_IGN, mask=00000000000010000000000000000000, flags=SA_RESTART, blocked
  *** Handler was modified!
  *** Expected: javaSignalHandler in libjvm.so, mask=11100100110111111111111111111110, flags=SA_RESTART|SA_SIGINFO
   SIGXFSZ: javaSignalHandler in libjvm.so, mask=11100100010111111101111111111110, flags=SA_RESTART|SA_SIGINFO, blocked
    SIGILL: crash_handler in libjvm.so, mask=11100100010111111101111111111110, flags=SA_RESTART|SA_SIGINFO, unblocked
   SIGUSR2: SR_handler in libjvm.so, mask=00000000000000000000000000000000, flags=SA_RESTART|SA_SIGINFO, blocked
    SIGHUP: UserHandler in libjvm.so, mask=11100100010111111101111111111110, flags=SA_RESTART|SA_SIGINFO, blocked
    SIGINT: UserHandler in libjvm.so, mask=11100100010111111101111111111110, flags=SA_RESTART|SA_SIGINFO, blocked
   SIGTERM: UserHandler in libjvm.so, mask=11100100010111111101111111111110, flags=SA_RESTART|SA_SIGINFO, blocked
   SIGQUIT: UserHandler in libjvm.so, mask=11100100010111111101111111111110, flags=SA_RESTART|SA_SIGINFO, blocked
   SIGTRAP: crash_handler in libjvm.so, mask=11100100010111111101111111111110, flags=SA_RESTART|SA_SIGINFO, unblocked


Periodic native trim disabled

JNI global refs:
JNI global refs: 124, weak refs: 63

JNI global refs memory usage: 1491, weak refs: 6105

Process memory usage:
Resident Set Size: 2577720K (7% of 32777736K total physical memory with 12353728K free physical memory)

OOME stack traces (most recent first):
Classloader memory used:
Loader jdk.internal.loader.ClassLoaders$AppClassLoader                                 : 71144K
Loader bootstrap                                                                       : 15505K
Loader jdk.internal.loader.ClassLoaders$PlatformClassLoader                            : 468K
Loader jdk.internal.reflect.DelegatingClassLoader                                      : 21856B

Classes loaded by more than one classloader:
Class com.coveninja.cove.ui.pages.explore.ExploreSpotlightKt$ExploreSpotlight$3$1     : loaded 3 times (x 95B)
Class com.coveninja.cove.ui.pages.explore.ExploreSpotlightKt$ExploreSpotlight$5$1     : loaded 3 times (x 95B)
Class com.coveninja.cove.ui.pages.explore.ExploreSpotlightKt                          : loaded 3 times (x 71B)
Class com.coveninja.cove.ui.pages.explore.ExploreSpotlightKt$ExploreSpotlight$4$1     : loaded 3 times (x 95B)
Class com.coveninja.cove.ui.components.navigation.NavDestination                      : loaded 2 times (x 79B)
Class com.coveninja.cove.ui.CoveAppKt                                                 : loaded 2 times (x 71B)
Class com.coveninja.cove.ui.pages.explore.ExplorePageKt$ShelvesLayout$lambda$3$0$0$$inlined$items$default$4: loaded 2 times (x 75B)
Class com.coveninja.cove.ui.pages.explore.ComposableSingletons$ExplorePageKt          : loaded 2 times (x 71B)
Class com.coveninja.cove.ui.CoveAppKt$CoveAppContent$1$1$pageMediaCard$1$7$1$1        : loaded 2 times (x 129B)
Class com.coveninja.cove.ui.pages.explore.ExplorePageKt$GridLayout$1$1$2$1            : loaded 2 times (x 129B)
Class com.coveninja.cove.ui.ComposableSingletons$CoveAppKt                            : loaded 2 times (x 71B)
Class com.coveninja.cove.ui.pages.explore.ExplorePageKt                               : loaded 2 times (x 71B)
Class com.coveninja.cove.ui.pages.explore.ExplorePageKt$ExplorePage$2$1               : loaded 2 times (x 95B)
Class com.coveninja.cove.ui.CoveAppKt$CoveAppContent$1$1$10$1                         : loaded 2 times (x 129B)
Class com.coveninja.cove.ui.pages.explore.ExplorePageKt$ExplorePage$toolbar$1$2$1     : loaded 2 times (x 130B)
Class com.coveninja.cove.ui.components.navigation.NavBarKt                            : loaded 2 times (x 71B)
Class com.coveninja.cove.ui.CoveAppKt$CoveAppContent$1$1$15$1                         : loaded 2 times (x 95B)
Class com.coveninja.cove.ui.CoveAppKt$CoveAppContent$1$1$9$1                          : loaded 2 times (x 129B)
Class com.coveninja.cove.ui.pages.explore.ExplorePageKt$GridLayout$1$1$1$1            : loaded 2 times (x 129B)
Class com.coveninja.cove.ui.components.navigation.NavBarMode                          : loaded 2 times (x 79B)
Class com.coveninja.cove.ui.components.navigation.ComposableSingletons$NavBarKt       : loaded 2 times (x 71B)
Class com.coveninja.cove.ui.pages.explore.ExplorePageKt$ShelvesLayout$1$2$1$1         : loaded 2 times (x 95B)
Class com.coveninja.cove.ui.pages.explore.ExplorePageKt$ExplorePage$1$1               : loaded 2 times (x 95B)

---------------  S Y S T E M  ---------------

OS:
DISTRIB_ID=cachyos
DISTRIB_RELEASE="rolling"
DISTRIB_DESCRIPTION="CachyOS"
uname: Linux 7.1.6-1-cachyos #1 SMP PREEMPT_DYNAMIC Wed, 05 Aug 2026 09:51:19 +0000 x86_64
OS uptime: 0 days 6:46 hours
libc: glibc 2.44 NPTL 2.44 
rlimit (soft/hard): STACK 8192k/infinity , CORE infinity/infinity , NPROC 127806/127806 , NOFILE 2097152/2097152 , AS infinity/infinity , CPU infinity/infinity , DATA infinity/infinity , FSIZE infinity/infinity , MEMLOCK 8192k/8192k
load average: 2.75 3.64 5.91

/proc/meminfo:
MemTotal:       32777736 kB
MemFree:         5815008 kB
MemAvailable:   12343308 kB
Buffers:          221232 kB
Cached:          6654612 kB
SwapCached:         2604 kB
Active:         15812632 kB
Inactive:        7877832 kB
Active(anon):   12808992 kB
Inactive(anon):  4235272 kB
Active(file):    3003640 kB
Inactive(file):  3642560 kB
Unevictable:       93140 kB
Mlocked:             864 kB
SwapTotal:      32777212 kB
SwapFree:       29978320 kB
Zswap:                 0 kB
Zswapped:              0 kB
Dirty:              1680 kB
Writeback:             0 kB
AnonPages:      16193424 kB
Mapped:          2686660 kB
Shmem:            136936 kB
KReclaimable:     347516 kB
Slab:             602928 kB
SReclaimable:     347516 kB
SUnreclaim:       255412 kB
KernelStack:       41600 kB
PageTables:       124628 kB
SecPageTables:      3508 kB
NFS_Unstable:          0 kB
Bounce:                0 kB
WritebackTmp:          0 kB
CommitLimit:    49166080 kB
Committed_AS:   39189976 kB
VmallocTotal:   34359738367 kB
VmallocUsed:      247700 kB
VmallocChunk:          0 kB
Percpu:            14400 kB
HardwareCorrupted:     0 kB
AnonHugePages:   4204544 kB
ShmemHugePages:        0 kB
ShmemPmdMapped:        0 kB
FileHugePages:    313344 kB
FilePmdMapped:    212992 kB
CmaTotal:              0 kB
CmaFree:               0 kB
Unaccepted:            0 kB
Balloon:               0 kB
GPUActive:        317684 kB
GPUReclaim:       109192 kB
HugePages_Total:       0
HugePages_Free:        0
HugePages_Rsvd:        0
HugePages_Surp:        0
Hugepagesize:       2048 kB
Hugetlb:               0 kB
DirectMap4k:    12422000 kB
DirectMap2M:    21053440 kB
DirectMap1G:           0 kB

/sys/kernel/mm/transparent_hugepage/enabled: [always] madvise never
/sys/kernel/mm/transparent_hugepage/hpage_pmd_size: 2097152
/sys/kernel/mm/transparent_hugepage/defrag (defrag/compaction efforts parameter): always defer [defer+madvise] madvise never

Process Memory:
Virtual Size: 12690008K (peak: 12857900K)
Resident Set Size: 2577716K (peak: 2608540K) (anon: 2376072K, file: 200472K, shmem: 1172K)
Swapped out: 0K
C-Heap outstanding allocations: 585451K, retained: 869148K
glibc malloc tunables: (default)

/proc/sys/kernel/threads-max (system-wide limit on the number of threads): 255613
/proc/sys/vm/max_map_count (maximum number of memory map areas a process may have): 1048576
/proc/sys/vm/swappiness (control to define how aggressively the kernel swaps out anonymous memory): 150
/proc/sys/kernel/pid_max (system-wide limit on number of process identifiers): 4194304

container information not found.
Steal ticks since vm start: 0
Steal ticks percentage since vm start:  0.000

CPU: total 12 (initial active 12) (12 cores per cpu, 2 threads per core) family 23 model 113 stepping 0 microcode 0x8701034, cx8, cmov, fxsr, ht, mmx, 3dnowpref, sse, sse2, sse3, ssse3, sse4a, sse4.1, sse4.2, popcnt, lzcnt, tsc, tscinvbit, avx, avx2, aes, clmul, bmi1, bmi2, adx, sha, fma, vzeroupper, clflush, clflushopt, rdtscp, rdpid, f16c
CPU Model and flags from /proc/cpuinfo:
model name	: AMD Ryzen 5 3600 6-Core Processor
flags		: fpu vme de pse tsc msr pae mce cx8 apic sep mtrr pge mca cmov pat pse36 clflush mmx fxsr sse sse2 ht syscall nx mmxext fxsr_opt pdpe1gb rdtscp lm constant_tsc rep_good nopl xtopology nonstop_tsc cpuid extd_apicid aperfmperf rapl pni pclmulqdq monitor ssse3 fma cx16 sse4_1 sse4_2 x2apic movbe popcnt aes xsave avx f16c rdrand lahf_lm cmp_legacy svm extapic cr8_legacy abm sse4a misalignsse 3dnowprefetch osvw ibs skinit wdt tce topoext perfctr_core perfctr_nb bpext perfctr_llc mwaitx cpb cat_l3 cdp_l3 hw_pstate ssbd mba ibpb stibp vmmcall fsgsbase bmi1 avx2 smep bmi2 cqm rdt_a rdseed adx smap clflushopt clwb sha_ni xsaveopt xsavec xgetbv1 cqm_llc cqm_occup_llc cqm_mbm_total cqm_mbm_local clzero irperf xsaveerptr rdpru wbnoinvd arat npt lbrv svm_lock nrip_save tsc_scale vmcb_clean flushbyasid decodeassists pausefilter pfthreshold avic v_vmsave_vmload vgif v_spec_ctrl umip rdpid overflow_recov succor smca sev sev_es

Online cpus: 0-11
Offline cpus: 
BIOS frequency limitation: <Not Available>
Frequency switch latency (ns): 0
Available cpu frequencies: <Not Available>
Current governor: performance
Core performance/turbo boost: 1

Memory: 4k page, physical 32777736k(12337760k free), swap 32777212k(29978320k free)
Page Sizes: 4k

vm_info: OpenJDK 64-Bit Server VM (21.0.11+10-b1163.116) for linux-amd64 JRE (21.0.11+10-b1163.116), built on 2026-04-30 by "builduser" with gcc 10.3.1 20210422 (Red Hat 10.3.1-1.2.0.1)

END.
