#
# A fatal error has been detected by the Java Runtime Environment:
#
#  SIGSEGV (0xb) at pc=0x00007f6ca67b0089, pid=3231226, tid=3231565
#
# JRE version: OpenJDK Runtime Environment JBR-21.0.11+10-1163.116-jcef (21.0.11+10) (build 21.0.11+10-b1163.116)
# Java VM: OpenJDK 64-Bit Server VM JBR-21.0.11+10-1163.116-jcef (21.0.11+10-b1163.116, mixed mode, sharing, tiered, compressed oops, compressed class ptrs, g1 gc, linux-amd64)
# Problematic frame:
# C  [libc.so.6+0x1b0089]
#
# Core dump will be written. Default location: Core dumps may be processed with "/usr/lib/systemd/systemd-coredump %P %u %g %s %t %c %h %d %F %I" (or dumping to /home/arcady/Documents/cove/app/desktop/core.3231226)
#
# If you would like to submit a bug report, please visit:
#   https://youtrack.jetbrains.com/issues/JBR
# The crash happened outside the Java Virtual Machine in native code.
# See problematic frame for where to report the bug.
#

---------------  S U M M A R Y ------------

Command Line: -Dcompose.reload.argfile=/home/arcady/Documents/cove/app/desktop/build/run/main/main.argfile -Dcompose.reload.build.continuous=false -Dcompose.reload.build.warmup=true -Dcompose.reload.buildSystem=Gradle -Dcompose.reload.devToolsClasspath=/home/arcady/.gradle/caches/modules-2/files-2.1/org.jetbrains.compose.hot-reload/hot-reload-devtools/1.1.1/bc27016efe338fc35c213cac2349d477adc08095/hot-reload-devtools-1.1.1.jar:/home/arcady/.gradle/caches/modules-2/files-2.1/org.jetbrains.compose.hot-reload/hot-reload-devtools-api/1.1.1/78295e7e36c6e1258d87e238865978a1a980da99/hot-reload-devtools-api-1.1.1.jar:/home/arcady/.gradle/caches/modules-2/files-2.1/org.jetbrains.compose.hot-reload/hot-reload-orchestration/1.1.1/7b5f9ed6f49115dd0ab30a91bd22214f101d23f/hot-reload-orchestration-1.1.1.jar:/home/arcady/.gradle/caches/modules-2/files-2.1/org.jetbrains.compose.hot-reload/hot-reload-core/1.1.1/f31266b5813648696560864a541a2fe784a0a671/hot-reload-core-1.1.1.jar:/home/arcady/.gradle/caches/modules-2/files-2.1/org.jetbrains.compose.hot-reload/hot-reload-runtime-api-jvm/1.1.1/61c13a79480c55140cbd9fe1ca651d86efcbee7/hot-reload-runtime-api-jvm-1.1.1.jar:/home/arcady/.gradle/caches/modules-2/files-2.1/org.jetbrains.compose.desktop/desktop-jvm/1.10.0/42facd9840309ac4eb841a986c5d1b97d2780471/desktop-jvm-1.10.0.jar:/home/arcady/.gradle/caches/modules-2/files-2.1/org.jetbrains.compose.components/components-resources-desktop/1.10.0/c6115b607f77e9d033de360f989850d3824bf112/library-desktop-1.10.0.jar:/home/arcady/.gradle/caches/modules-2/files-2.1/io.sellmair/evas-compose-jvm/1.4.0/a89b78f345d4a21a29c295820e4aa931aec1b93b/evas-compose-jvm-1.4.0.jar:/home/arcady/.gradle/caches/modules-2/files-2.1/io.sellmair/evas-jvm/1.4.0/3c6955af5c56c65290575b2b998ec166c5079de4/evas-jvm-1.4.0.jar:/home/arcady/.gradle/caches/modules-2/files-2.1/org.jetbrains.skiko/skiko-awt-runtime-linux-x64/0.9.37.3/aa9d80683c4b8fd560e22eb53a70b335e8281b66/skiko-awt-runtime-linux-x64-0.9.37.3.jar:/home/arcady/.gradle/caches/modules-2/files-2.1/org.jetbrains.compose.material3/material3-desktop/1.9.0/19004c4eb3dc6618eb66a076bbe3d7e1a2e7b85/material3-desktop-1.9.0.jar:/home/arcady/.gradle/caches/modules-2/files-2.1/org.jetbrains-Dcompose.reload.devToolsDetached=false -Dcompose.reload.devToolsEnabled=true -Dcompose.reload.devToolsHeadless=false -Dcompose.reload.devToolsTransparencyEnabled=false -Dcompose.reload.dirtyResolveDepthLimit=5 -Dcompose.reload.effectsEnabled=true -Dcompose.reload.isActive=true -Dcompose.reload.launchMode=GradleBlocking -Dcompose.reload.logLevel=Info -Dcompose.reload.logStdout=false -Dcompose.reload.mainClass=com.coveninja.cove.desktop.MainKt -Dcompose.reload.pidFile=/home/arcady/Documents/cove/app/desktop/build/run/main/main.pid -Dcompose.reload.staticsReinitializeMode=AllDirty -Dcompose.reload.virtualMethodResolveEnabled=true -Dgradle.build.project=:desktop -Dgradle.build.root=/home/arcady/Documents/cove/app -Dgradle.build.task=hotReloadMain -Dgradle.offline.mode=false -Dorg.gradle.java.home=/home/arcady/.local/share/JetBrains/Toolbox/apps/intellij-idea/jbr -XX:+IgnoreUnrecognizedVMOptions -XX:+AllowEnhancedClassRedefinition -javaagent:/home/arcady/.gradle/caches/modules-2/files-2.1/org.jetbrains.compose.hot-reload/hot-reload-agent/1.1.1/15bff959a6459c2786e055fba794266fade25ade/hot-reload-agent-1.1.1.jar -Dfile.encoding=UTF-8 -Duser.country=US -Duser.language=en -Duser.variant -Dawt.toolkit.name=XToolkit com.coveninja.cove.desktop.MainKt

Host: AMD Ryzen 5 3600 6-Core Processor, 12 cores, 31G, CachyOS
Time: Mon Aug 10 06:04:45 2026 +03 elapsed time: 162.205674 seconds (0d 0h 2m 42s)

---------------  T H R E A D  ---------------

Current thread (0x00007f6c6b0f31e0):  JavaThread "cove-mpv-render" daemon [_thread_in_native, id=3231565, stack(0x00007f6bdd435000,0x00007f6bdd535000) (1024K)]

Stack: [0x00007f6bdd435000,0x00007f6bdd535000],  sp=0x00007f6bdd531f78,  free space=1011k
Native frames: (J=compiled Java code, j=interpreted, Vv=VM code, C=native code)
C  [libc.so.6+0x1b0089]
C  [libmpv.so+0x146bf5]
Java frames: (J=compiled Java code, j=interpreted, Vv=VM code)
J 13084  com.sun.jna.Native.invokeInt(Lcom/sun/jna/Function;JI[Ljava/lang/Object;)I (0 bytes) @ 0x00007f6c94cb31a1 [0x00007f6c94cb3120+0x0000000000000081]
J 16449 c2 com.sun.jna.Function.invoke([Ljava/lang/Object;Ljava/lang/Class;ZI)Ljava/lang/Object; (789 bytes) @ 0x00007f6c94f81090 [0x00007f6c94f80f60+0x0000000000000130]
J 18092 c2 com.sun.jna.Function.invoke(Ljava/lang/reflect/Method;[Ljava/lang/Class;Ljava/lang/Class;[Ljava/lang/Object;Ljava/util/Map;)Ljava/lang/Object; (542 bytes) @ 0x00007f6c949b2da4 [0x00007f6c949b2820+0x0000000000000584]
J 16327 c2 com.sun.jna.Library$Handler.invoke(Ljava/lang/Object;Ljava/lang/reflect/Method;[Ljava/lang/Object;)Ljava/lang/Object; (394 bytes) @ 0x00007f6c94f66160 [0x00007f6c94f66060+0x0000000000000100]
J 15904 c1 jdk.proxy2.$Proxy5.mpv_render_context_render(Lcom/sun/jna/Pointer;Lcom/sun/jna/Pointer;)I jdk.proxy2 (43 bytes) @ 0x00007f6c8d37b644 [0x00007f6c8d37b200+0x0000000000000444]
J 14937 c1 com.coveninja.cove.desktop.player.MpvSoftwarePlayer.renderFrame()V (476 bytes) @ 0x00007f6c8cd4c1f4 [0x00007f6c8cd4a820+0x00000000000019d4]
J 15103 c1 com.coveninja.cove.desktop.player.MpvSoftwarePlayer.requestRender$lambda$0(Lcom/coveninja/cove/desktop/player/MpvSoftwarePlayer;)V (236 bytes) @ 0x00007f6c8cc9be54 [0x00007f6c8cc9bde0+0x0000000000000074]
J 15102 c1 com.coveninja.cove.desktop.player.MpvSoftwarePlayer$$Lambda+0x00007f6c28722b20.run()V (8 bytes) @ 0x00007f6c8d06fd44 [0x00007f6c8d06fcc0+0x0000000000000084]
J 16329% c1 java.util.concurrent.ThreadPoolExecutor.runWorker(Ljava/util/concurrent/ThreadPoolExecutor$Worker;)V java.base@21.0.11 (187 bytes) @ 0x00007f6c8d3f80e4 [0x00007f6c8d3f76c0+0x0000000000000a24]
j  java.util.concurrent.ThreadPoolExecutor$Worker.run()V+5 java.base@21.0.11
j  java.lang.Thread.runWith(Ljava/lang/Object;Ljava/lang/Runnable;)V+5 java.base@21.0.11
j  java.lang.Thread.run()V+19 java.base@21.0.11
v  ~StubRoutines::call_stub 0x00007f6c93f37cc6

siginfo: si_signo: 11 (SIGSEGV), si_code: 1 (SEGV_MAPERR), si_addr: 0x00007f6badb1e0b0

Registers:
RAX=0x00007f6badb1e0b0, RBX=0x0000000000000002, RCX=0x0000000000000516, RDX=0x0000000000001458
RSP=0x00007f6bdd531f78, RBP=0x00007f6bdd5322a0, RSI=0x0000000000000000, RDI=0x00007f6badb1e0b0
R8 =0x00007f6bdd532040, R9 =0x0000000000000000, R10=0x0000000000000001, R11=0x0000031a00000516
R12=0x00007f6bdd532040, R13=0x000000000000003e, R14=0x0000000000000516, R15=0x00007f6bdd532040
RIP=0x00007f6ca67b0089, EFLAGS=0x0000000000010283, CSGSFS=0x002b000000000033, ERR=0x0000000000000006
  TRAPNO=0x000000000000000e

XMM[0]=0x0000000000000000 0x0000000000000000
XMM[1]=0x0000000000000000 0x0000000000000000
XMM[2]=0x000003f700000000 0x0000000008000000
XMM[3]=0x0000000000000000 0x0000000000000000
XMM[4]=0x0000000000000000 0x0000000000000000
XMM[5]=0x0000000000000000 0x0000000000000000
XMM[6]=0x0000000000000000 0x0000000000000000
XMM[7]=0x0000000000000000 0x0000000000000000
XMM[8]=0x0000000000000000 0x0000000000000000
XMM[9]=0x3fe0000000000000 0x3fe6e2eb1c432ca5
XMM[10]=0x0000000000000000 0xbfc8aad9c1dccadb
XMM[11]=0x3fe6e2eb1c432ca5 0xbfdd10d75c23a21b
XMM[12]=0xbfbd5498f88cd492 0x3fb27bb2fec56d5d
XMM[13]=0xbfa779451ee2ef29 0xbfdd10d75c23a21b
XMM[14]=0xbfbd5498f88cd492 0xbfbd5498f88cd492
XMM[15]=0x0000000000000000 0xbfbd5498f88cd492
  MXCSR=0x00001fb7


Register to memory mapping:

RAX=0x00007f6badb1e0b0 is an unknown value
RBX=0x0000000000000002 is an unknown value
RCX=0x0000000000000516 is an unknown value
RDX=0x0000000000001458 is an unknown value
RSP=0x00007f6bdd531f78 is pointing into the stack for thread: 0x00007f6c6b0f31e0
RBP=0x00007f6bdd5322a0 is pointing into the stack for thread: 0x00007f6c6b0f31e0
RSI=0x0 is null
RDI=0x00007f6badb1e0b0 is an unknown value
R8 =0x00007f6bdd532040 is pointing into the stack for thread: 0x00007f6c6b0f31e0
R9 =0x0 is null
R10=0x0000000000000001 is an unknown value
R11=0x0000031a00000516 is an unknown value
R12=0x00007f6bdd532040 is pointing into the stack for thread: 0x00007f6c6b0f31e0
R13=0x000000000000003e is an unknown value
R14=0x0000000000000516 is an unknown value
R15=0x00007f6bdd532040 is pointing into the stack for thread: 0x00007f6c6b0f31e0

Top of Stack: (sp=0x00007f6bdd531f78)
0x00007f6bdd531f78:   00007f6befd46583 0000049f000003f7   .e..k...........
0x00007f6bdd531f88:   0000200101000001 0000000000000000   ..... ..........
0x00007f6bdd531f98:   0000000108100000 0000003000000018   ............0...
0x00007f6bdd531fa8:   00007f6bdd532080 00007f6b00000001   . S.k.......k...
0x00007f6bdd531fb8:   00007f6bdd532040 0000000000000000   @ S.k...........
0x00007f6bdd531fc8:   00007f6bdd532000 0000000000000000   . S.k...........
0x00007f6bdd531fd8:   00007f6bdd532040 0000000000000000   @ S.k...........
0x00007f6bdd531fe8:   0000000000000540 0000000000000000   @...............
0x00007f6bdd531ff8:   0000000000000000 0000000000000000   ................
0x00007f6bdd532008:   0000000000000000 0000000000000000   ................
0x00007f6bdd532018:   0000000000000000 00007f6c28711198   ..........q(l...
0x00007f6bdd532028:   00007f6bebc0bb44 00007f6c0c37ae50   D...k...P.7.l...
0x00007f6bdd532038:   8c5f495e496dbe00 0000003e00000516   ..mI^I_.....>...
0x00007f6bdd532048:   00000000000003f7 0000000000000000   ................
0x00007f6bdd532058:   0000051600000000 000000000000003e   ........>.......
0x00007f6bdd532068:   0000000000000000 0000000200000003   ................
0x00007f6bdd532078:   0000000000000000 0000000000000000   ................
0x00007f6bdd532088:   0000000000000000 0000000000000000   ................
0x00007f6bdd532098:   0000000000000000 0000000000000000   ................
0x00007f6bdd5320a8:   0000000000000000 0000000000000000   ................
0x00007f6bdd5320b8:   0000000000000000 0000000000000000   ................
0x00007f6bdd5320c8:   0000000000000000 0000000000000000   ................
0x00007f6bdd5320d8:   0000000000000000 0000000000000000   ................
0x00007f6bdd5320e8:   0000000000000000 0000000000000000   ................
0x00007f6bdd5320f8:   0000000000000000 0000000000000000   ................
0x00007f6bdd532108:   0000000000000000 000000020000000c   ................
0x00007f6bdd532118:   0000000000000000 0000000000000000   ................
0x00007f6bdd532128:   0000000000000000 0000000000000000   ................
0x00007f6bdd532138:   0000000100000000 0000000000000002   ................
0x00007f6bdd532148:   0000000000000000 0000000000000000   ................
0x00007f6bdd532158:   0000000000000000 0000049f000003f7   ................
0x00007f6bdd532168:   0000200101000001 0000000000000000   ..... ..........

Instructions: (pc=0x00007f6ca67b0089)
0x00007f6ca67aff89:   c3 a4 fa ff 0f 1f 00 f3 0f 1e fa 48 c1 e2 02 c5
0x00007f6ca67aff99:   f9 6e c6 48 89 f8 c4 e2 79 58 c0 48 83 fa 20 0f
0x00007f6ca67affa9:   82 77 01 00 00 c4 e2 7d 58 c0 eb 35 66 66 2e 0f
0x00007f6ca67affb9:   1f 84 00 00 00 00 00 f3 0f 1e fa 48 39 d1 0f 82
0x00007f6ca67affc9:   83 a4 fa ff 0f 1f 00 f3 0f 1e fa c5 f9 6e c6 48
0x00007f6ca67affd9:   89 f8 48 83 fa 20 0f 82 3b 01 00 00 c4 e2 7d 78
0x00007f6ca67affe9:   c0 48 83 fa 40 0f 87 95 00 00 00 c5 fe 7f 44 17
0x00007f6ca67afff9:   e0 c5 fe 7f 07 c5 f8 77 c3 0f 1f 00 66 66 2e 0f
0x00007f6ca67b0009:   1f 84 00 00 00 00 00 f3 0f 1e fa 48 39 d1 0f 82
0x00007f6ca67b0019:   33 a4 fa ff 66 90 66 66 2e 0f 1f 84 00 00 00 00
0x00007f6ca67b0029:   00 66 66 2e 0f 1f 84 00 00 00 00 00 66 66 2e 0f
0x00007f6ca67b0039:   1f 84 00 00 00 00 00 f3 0f 1e fa c5 f9 6e c6 48
0x00007f6ca67b0049:   89 f8 48 83 fa 20 0f 82 cb 00 00 00 c4 e2 7d 78
0x00007f6ca67b0059:   c0 48 83 fa 40 77 20 c5 fe 7f 07 c5 fe 7f 44 17
0x00007f6ca67b0069:   e0 c5 f8 77 c3 66 90 c5 fe 7f 47 c0 c5 fe 7f 47
0x00007f6ca67b0079:   e0 c5 f8 77 c3 66 90 48 3b 15 89 d1 09 00 77 77
0x00007f6ca67b0089:   c5 fe 7f 07 c5 fe 7f 47 20 48 01 d7 48 81 fa 80
0x00007f6ca67b0099:   00 00 00 76 d2 c5 fe 7f 40 40 c5 fe 7f 40 60 48
0x00007f6ca67b00a9:   83 c7 80 48 81 fa 00 01 00 00 76 2b 48 8d 90 80
0x00007f6ca67b00b9:   00 00 00 48 83 e2 e0 c5 fd 7f 02 c5 fd 7f 42 20
0x00007f6ca67b00c9:   c5 fd 7f 42 40 c5 fd 7f 42 60 48 83 ea 80 48 39
0x00007f6ca67b00d9:   fa 72 e4 0f 1f 40 00 c5 fe 7f 07 c5 fe 7f 47 20
0x00007f6ca67b00e9:   c5 fe 7f 47 40 c5 fe 7f 47 60 c5 f8 77 c3 66 0f
0x00007f6ca67b00f9:   1f 84 00 00 00 00 00 48 3b 15 89 41 0a 00 73 77
0x00007f6ca67b0109:   40 0f b6 c6 48 89 d1 48 89 fa f3 aa 48 89 d0 c5
0x00007f6ca67b0119:   f8 77 c3 0f 1f 40 00 c4 e2 79 78 c0 83 fa 10 7d
0x00007f6ca67b0129:   16 83 fa 08 7d 21 83 fa 04 7d 2c 83 fa 01 7f 37
0x00007f6ca67b0139:   7c 03 40 88 37 c3 90 c5 fa 7f 07 c5 fa 7f 44 17
0x00007f6ca67b0149:   f0 c3 0f 1f 44 00 00 c5 f9 d6 07 c5 f9 d6 44 17
0x00007f6ca67b0159:   f8 c3 0f 1f 44 00 00 c5 f9 7e 07 c5 f9 7e 44 17
0x00007f6ca67b0169:   fc c3 0f 1f 44 00 00 40 88 37 40 88 77 01 40 88
0x00007f6ca67b0179:   74 17 ff c3 0f 1f 00 c5 fe 7f 07 48 8d 54 17 80


Stack slot to memory mapping:

stack at sp + 0 slots: 0x00007f6befd46583: <offset 0x0000000000146583> in /usr/lib/libmpv.so at 0x00007f6befc00000
stack at sp + 1 slots: 0x0000049f000003f7 is an unknown value
stack at sp + 2 slots: 0x0000200101000001 is an unknown value
stack at sp + 3 slots: 0x0 is null
stack at sp + 4 slots: 0x0000000108100000 is an unknown value
stack at sp + 5 slots: 0x0000003000000018 is an unknown value
stack at sp + 6 slots: 0x00007f6bdd532080 is pointing into the stack for thread: 0x00007f6c6b0f31e0
stack at sp + 7 slots: 0x00007f6b00000001 is an unknown value


Compiled method (n/a) 162210 13084     n 0       com.sun.jna.Native::invokeInt (native)
 total in heap  [0x00007f6c94cb2f90,0x00007f6c94cb3340] = 944
 relocation     [0x00007f6c94cb30e8,0x00007f6c94cb3120] = 56
 main code      [0x00007f6c94cb3120,0x00007f6c94cb3334] = 532
 stub code      [0x00007f6c94cb3334,0x00007f6c94cb3338] = 4
 oops           [0x00007f6c94cb3338,0x00007f6c94cb3340] = 8

[Constant Pool (empty)]

[MachCode]
[Entry Point]
  # {method} {0x00007f6c1fa3c028} 'invokeInt' '(Lcom/sun/jna/Function;JI[Ljava/lang/Object;)I' in 'com/sun/jna/Native'
  # parm0:    rsi:rsi   = 'com/sun/jna/Function'
  # parm1:    rdx:rdx   = long
  # parm2:    rcx       = int
  # parm3:    r8:r8     = '[Ljava/lang/Object;'
  #           [sp+0x50]  (sp of caller)
  0x00007f6c94cb3120: 448b 5608 | 49bb 0000 | 0026 6c7f | 0000 4d03 | d349 3bc2 | 0f84 0600 

  0x00007f6c94cb3138: ;   {runtime_call ic_miss_stub}
  0x00007f6c94cb3138: 0000 e941 | 1f2d ff90 
[Verified Entry Point]
  0x00007f6c94cb3140: 8984 2400 | c0fe ff55 | 488b ec48 | 83ec 4090 | 4181 7f20 | 4b01 0000 

  0x00007f6c94cb3158: ;   {runtime_call StubRoutines (final stubs)}
  0x00007f6c94cb3158: 7405 e841 | 832b ff4c | 8944 2418 | 4983 f800 | 4c8d 4c24 | 184c 0f44 | 4c24 184c | 8bc1 488b 
  0x00007f6c94cb3178: ca48 8934 | 2448 83fe | 0048 8d14 | 2448 0f44 

  0x00007f6c94cb3188: ;   {oop(a 'java/lang/Class'{0x000000060eb635f8} = 'com/sun/jna/Native')}
  0x00007f6c94cb3188: 1424 49be | f835 b60e | 0600 0000 | 4c89 7424 | 304c 8d74 | 2430 498b | f6c5 f877 

  0x00007f6c94cb31a4: ;   {internal_word}
  0x00007f6c94cb31a4: 49ba a131 | cb94 6c7f | 0000 4d89 | 97a8 0300 | 0049 89a7 | a003 0000 

  0x00007f6c94cb31bc: ;   {external_word}
  0x00007f6c94cb31bc: 803d 1a01 | 8711 000f | 843c 0000 | 0056 5251 | 4150 4151 

  0x00007f6c94cb31d0: ;   {metadata({method} {0x00007f6c1fa3c028} 'invokeInt' '(Lcom/sun/jna/Function;JI[Ljava/lang/Object;)I' in 'com/sun/jna/Native')}
  0x00007f6c94cb31d0: 48be 28c0 | a31f 6c7f | 0000 498b | ff40 f6c4 | 0f0f 8412 | 0000 0048 

  0x00007f6c94cb31e8: ;   {runtime_call SharedRuntime::dtrace_method_entry(JavaThread*, Method*)}
  0x00007f6c94cb31e8: 83ec 08e8 | 70a4 1111 | 4883 c408 | e905 0000 

  0x00007f6c94cb31f8: ;   {runtime_call SharedRuntime::dtrace_method_entry(JavaThread*, Method*)}
  0x00007f6c94cb31f8: 00e8 62a4 | 1111 4159 | 4158 595a | 5e49 8dbf | c003 0000 | 41c7 874c | 0400 0004 

  0x00007f6c94cb3214: ;   {runtime_call Java_com_sun_jna_Native_invokeInt}
  0x00007f6c94cb3214: 0000 0048 | b860 af80 | f36b 7f00 | 00ff d0c5 | f877 41c7 | 874c 0400 | 0005 0000 | 00f0 8344 
  0x00007f6c94cb3234: 24c0 0049 | 3baf 5004 | 0000 0f87 | 0e00 0000 | 4183 bf48 | 0400 0000 | 0f84 2400 | 0000 c5f8 
  0x00007f6c94cb3254: 7748 8945 | f849 8bff | 4c8b e448 | 83ec 0048 

  0x00007f6c94cb3264: ;   {runtime_call JavaThread::check_special_condition_for_native_trans(JavaThread*)}
  0x00007f6c94cb3264: 83e4 f0e8 | 541a c810 | 498b e44d | 33e4 488b | 45f8 41c7 | 874c 0400 | 0008 0000 | 0041 83bf 
  0x00007f6c94cb3284: c804 0000 | 020f 847f 

  0x00007f6c94cb328c: ;   {external_word}
  0x00007f6c94cb328c: 0000 0080 | 3d47 0087 | 1100 0f84 | 3600 0000 | 4889 45f8 

  0x00007f6c94cb32a0: ;   {metadata({method} {0x00007f6c1fa3c028} 'invokeInt' '(Lcom/sun/jna/Function;JI[Ljava/lang/Object;)I' in 'com/sun/jna/Native')}
  0x00007f6c94cb32a0: 48be 28c0 | a31f 6c7f | 0000 498b | ff40 f6c4 | 0f0f 8412 | 0000 0048 

  0x00007f6c94cb32b8: ;   {runtime_call SharedRuntime::dtrace_method_exit(JavaThread*, Method*)}
  0x00007f6c94cb32b8: 83ec 08e8 | b0a3 1111 | 4883 c408 | e905 0000 

  0x00007f6c94cb32c8: ;   {runtime_call SharedRuntime::dtrace_method_exit(JavaThread*, Method*)}
  0x00007f6c94cb32c8: 00e8 a2a3 | 1111 488b | 45f8 49c7 | 87a0 0300 | 0000 0000 | 0049 c787 | a803 0000 | 0000 0000 
  0x00007f6c94cb32e8: c5f8 7749 | 8b8f 3004 | 0000 c781 | 0001 0000 | 0000 0000 | c949 837f | 0800 0f85 | 0100 0000 
  0x00007f6c94cb3308: ;   {runtime_call StubRoutines (initial stubs)}
  0x00007f6c94cb3308: c3e9 f248 | 28ff c5f8 | 7748 8945 | f84c 8be4 | 4883 ec00 | 4883 e4f0 

  0x00007f6c94cb3320: ;   {runtime_call SharedRuntime::reguard_yellow_pages()}
  0x00007f6c94cb3320: e81b b211 | 1149 8be4 | 4d33 e448 | 8b45 f8e9 | 5bff ffff 
[Stub Code]
  0x00007f6c94cb3334: f4f4 f4f4 
[/MachCode]


Compiled method (c2) 162220 16449       4       com.sun.jna.Function::invoke (789 bytes)
 total in heap  [0x00007f6c94f80d10,0x00007f6c94f81c88] = 3960
 relocation     [0x00007f6c94f80e68,0x00007f6c94f80f58] = 240
 main code      [0x00007f6c94f80f60,0x00007f6c94f81680] = 1824
 stub code      [0x00007f6c94f81680,0x00007f6c94f816d0] = 80
 oops           [0x00007f6c94f816d0,0x00007f6c94f81770] = 160
 metadata       [0x00007f6c94f81770,0x00007f6c94f817d0] = 96
 scopes data    [0x00007f6c94f817d0,0x00007f6c94f819d0] = 512
 scopes pcs     [0x00007f6c94f819d0,0x00007f6c94f81bb0] = 480
 dependencies   [0x00007f6c94f81bb0,0x00007f6c94f81bc8] = 24
 handler table  [0x00007f6c94f81bc8,0x00007f6c94f81c70] = 168
 nul chk table  [0x00007f6c94f81c70,0x00007f6c94f81c88] = 24

[Constant Pool (empty)]

[MachCode]
[Entry Point]
  # {method} {0x00007f6c1fa8b020} 'invoke' '([Ljava/lang/Object;Ljava/lang/Class;ZI)Ljava/lang/Object;' in 'com/sun/jna/Function'
  # this:     rsi:rsi   = 'com/sun/jna/Function'
  # parm0:    rdx:rdx   = '[Ljava/lang/Object;'
  # parm1:    rcx:rcx   = 'java/lang/Class'
  # parm2:    r8        = boolean
  # parm3:    r9        = int
  #           [sp+0x40]  (sp of caller)
  0x00007f6c94f80f60: 448b 5608 | 49bb 0000 | 0026 6c7f | 0000 4d03 | d349 3bc2 

  0x00007f6c94f80f74: ;   {runtime_call ic_miss_stub}
  0x00007f6c94f80f74: 0f85 0641 | 00ff 6690 | 0f1f 4000 
[Verified Entry Point]
  0x00007f6c94f80f80: 8984 2400 | c0fe ff55 | 4883 ec30 | 4181 7f20 | 4b01 0000 | 0f85 d706 | 0000 488b | de4c 8bda 
  0x00007f6c94f80fa0: 4c8b d141 | 0fb6 c9c1 | e107 0b4e | 0c49 8b7a | 1048 8b56 

  0x00007f6c94f80fb4: ;   {oop(a 'java/lang/Class'{0x000000060c415d50} = void)}
  0x00007f6c94f80fb4: 1049 b950 | 5d41 0c06 | 0000 004d | 3bd1 0f84 | 0803 0000 

  0x00007f6c94f80fc8: ;   {oop(a 'java/lang/Class'{0x000000060c625b10} = 'java/lang/Void')}
  0x00007f6c94f80fc8: 49b9 105b | 620c 0600 | 0000 4d3b | d10f 846a 

  0x00007f6c94f80fd8: ;   {oop(a 'java/lang/Class'{0x000000060c4014d0} = boolean)}
  0x00007f6c94f80fd8: 0300 0049 | b9d0 1440 | 0c06 0000 | 004d 3bd1 | 0f84 7a03 

  0x00007f6c94f80fec: ;   {oop(a 'java/lang/Class'{0x000000060c483cd8} = 'java/lang/Boolean')}
  0x00007f6c94f80fec: 0000 49b9 | d83c 480c | 0600 0000 | 4d3b d10f | 848b 0300 

  0x00007f6c94f81000: ;   {oop(a 'java/lang/Class'{0x000000060c401690} = byte)}
  0x00007f6c94f81000: 0049 b990 | 1640 0c06 | 0000 004d | 3bd1 0f84 | 9c03 0000 

  0x00007f6c94f81014: ;   {oop(a 'java/lang/Class'{0x000000060c959bd8} = 'java/lang/Byte')}
  0x00007f6c94f81014: 49b9 d89b | 950c 0600 | 0000 4d3b | d10f 84ad 

  0x00007f6c94f81024: ;   {oop(a 'java/lang/Class'{0x000000060c415ce0} = short)}
  0x00007f6c94f81024: 0300 0049 | b9e0 5c41 | 0c06 0000 | 004d 3bd1 | 0f84 be03 

  0x00007f6c94f81038: ;   {oop(a 'java/lang/Class'{0x000000060c959ca0} = 'java/lang/Short')}
  0x00007f6c94f81038: 0000 49b9 | a09c 950c | 0600 0000 | 4d3b d10f | 84cf 0300 

  0x00007f6c94f8104c: ;   {oop(a 'java/lang/Class'{0x000000060c401540} = char)}
  0x00007f6c94f8104c: 0049 b940 | 1540 0c06 | 0000 004d | 3bd1 0f84 | e003 0000 

  0x00007f6c94f81060: ;   {oop(a 'java/lang/Class'{0x000000060c49c848} = 'java/lang/Character')}
  0x00007f6c94f81060: 49b9 48c8 | 490c 0600 | 0000 4d3b | d10f 84f1 

  0x00007f6c94f81070: ;   {oop(a 'java/lang/Class'{0x000000060c4073f8} = int)}
  0x00007f6c94f81070: 0300 0049 | b9f8 7340 | 0c06 0000 | 004d 3bd1 | 0f85 8d00 | 0000 4d8b 

  0x00007f6c94f81088: ;   {static_call}
  0x00007f6c94f81088: c366 90e8 

  0x00007f6c94f8108c: ; ImmutableOopMap {}
                      ;*invokestatic invokeInt {reexecute=0 rethrow=0 return_oop=0}
                      ; - com.sun.jna.Function::invoke@218 (line 429)
  0x00007f6c94f8108c: b020 d3ff 

  0x00007f6c94f81090: ;   {other}
  0x00007f6c94f81090: 0f1f 8400 | 8003 0000 | 8be8 448d | 9080 0000 | 0041 81fa | 0001 0000 | 723d 498b | 87b8 0100 
  0x00007f6c94f810b0: 004c 8bd0 | 4983 c210 | 4d3b 97c8 | 0100 000f | 8361 0200 | 004d 8997 | b801 0000 | 410f 1882 
  0x00007f6c94f810d0: 0001 0000 | 48c7 0001 

  0x00007f6c94f810d8: ;   {metadata('java/lang/Integer')}
  0x00007f6c94f810d8: 0000 00c7 | 4008 e8bb | 0200 8968 | 0ceb 194c 

  0x00007f6c94f810e8: ;   {oop(a 'java/lang/Integer'[256] {0x000000060c4034b0})}
  0x00007f6c94f810e8: 63d0 49bb | b034 400c | 0600 0000 | 478b 9c93 | 1002 0000 | 4b8d 04dc | 4883 c430 

  0x00007f6c94f81104: ;   {poll_return}
  0x00007f6c94f81104: 5d49 3ba7 | 5004 0000 | 0f87 4905 

  0x00007f6c94f81110: ;   {oop(a 'java/lang/Class'{0x000000060c4833d0} = 'java/lang/Integer')}
  0x00007f6c94f81110: 0000 c349 | b9d0 3348 | 0c06 0000 | 004d 3bd1 | 0f84 6203 

  0x00007f6c94f81124: ;   {oop(a 'java/lang/Class'{0x000000060c407158} = long)}
  0x00007f6c94f81124: 0000 49b9 | 5871 400c | 0600 0000 | 4d3b d10f | 8400 0100 

  0x00007f6c94f81138: ;   {oop(a 'java/lang/Class'{0x000000060c625d90} = 'java/lang/Long')}
  0x00007f6c94f81138: 0049 b990 | 5d62 0c06 | 0000 004d | 3bd1 0f84 | 8803 0000 

  0x00007f6c94f8114c: ;   {oop(a 'java/lang/Class'{0x000000060c4015b0} = float)}
  0x00007f6c94f8114c: 49b9 b015 | 400c 0600 | 0000 4d3b | d10f 8499 

  0x00007f6c94f8115c: ;   {oop(a 'java/lang/Class'{0x000000060ca74920} = 'java/lang/Float')}
  0x00007f6c94f8115c: 0300 0049 | b920 49a7 | 0c06 0000 | 004d 3bd1 | 0f84 aa03 

  0x00007f6c94f81170: ;   {oop(a 'java/lang/Class'{0x000000060c401620} = double)}
  0x00007f6c94f81170: 0000 49b9 | 2016 400c | 0600 0000 | 4d3b d10f | 84bb 0300 

  0x00007f6c94f81184: ;   {oop(a 'java/lang/Class'{0x000000060ca74a08} = 'java/lang/Double')}
  0x00007f6c94f81184: 0049 b908 | 4aa7 0c06 | 0000 004d | 3bd1 0f84 | cc03 0000 

  0x00007f6c94f81198: ;   {oop(a 'java/lang/Class'{0x000000060c4030b0} = 'java/lang/String')}
  0x00007f6c94f81198: 49b9 b030 | 400c 0600 | 0000 4d3b | d10f 84dd 

  0x00007f6c94f811a8: ;   {oop(a 'java/lang/Class'{0x000000060eb8c628} = 'com/sun/jna/WString')}
  0x00007f6c94f811a8: 0300 0049 | b928 c6b8 | 0e06 0000 | 004d 3bd1 | 0f84 ee03 | 0000 4c8b 

  0x00007f6c94f811c0: ;   {metadata('com/sun/jna/Pointer')}
  0x00007f6c94f811c0: 4f38 48bf | 0000 7128 | 6c7f 0000 | 4c3b cf0f | 85d7 0200 | 004d 8bc3 

  0x00007f6c94f811d8: ;   {static_call}
  0x00007f6c94f811d8: 6666 90e8 

  0x00007f6c94f811dc: ; ImmutableOopMap {}
                      ;*invokestatic invokePointer {reexecute=0 rethrow=0 return_oop=0}
                      ; - com.sun.jna.Function::invokePointer@7 (line 500)
                      ; - com.sun.jna.Function::invoke@397 (line 444)
  0x00007f6c94f811dc: e046 d4ff 

  0x00007f6c94f811e0: ;   {other}
  0x00007f6c94f811e0: 0f1f 8400 | d004 0001 | 488b e848 | 85c0 0f84 | f300 0000 | 498b 87b8 | 0100 004c | 8bd0 4983 
  0x00007f6c94f81200: c218 4d3b | 97c8 0100 | 000f 83df | 0000 004d | 8997 b801 | 0000 410f | 1882 0001 | 0000 48c7 
  0x00007f6c94f81220: 0001 0000 

  0x00007f6c94f81224: ;   {metadata('com/sun/jna/Pointer')}
  0x00007f6c94f81224: 00c7 4008 | 0000 7102 | 4489 600c | 4889 6810 | e9c7 feff | ff4d 8bc3 

  0x00007f6c94f8123c: ;   {static_call}
  0x00007f6c94f8123c: 6666 90e8 

  0x00007f6c94f81240: ; ImmutableOopMap {}
                      ;*invokestatic invokeLong {reexecute=0 rethrow=0 return_oop=0}
                      ; - com.sun.jna.Function::invoke@251 (line 431)
  0x00007f6c94f81240: 7c21 95ff 

  0x00007f6c94f81244: ;   {other}
  0x00007f6c94f81244: 0f1f 8400 | 3405 0002 | 488b e848 | 83f8 807c | 3a48 83f8 | 7f7f 3444 | 8bd0 418d | aa80 0000 
  0x00007f6c94f81264: 0081 fd00 | 0100 000f | 835f 0300 | 004d 63d2 

  0x00007f6c94f81274: ;   {oop(a 'java/lang/Long'[256] {0x000000060cdd71f8})}
  0x00007f6c94f81274: 49bb f871 | dd0c 0600 | 0000 478b | 9493 1002 | 0000 4b8d | 04d4 e971 | feff ff49 | 8b87 b801 
  0x00007f6c94f81294: 0000 4c8b | d049 83c2 | 184d 3b97 | c801 0000 | 7367 4d89 | 97b8 0100 | 0041 0f18 | 8200 0100 
  0x00007f6c94f812b4: 0048 c700 | 0100 0000 

  0x00007f6c94f812bc: ;   {metadata('java/lang/Long')}
  0x00007f6c94f812bc: c740 0850 | 0404 0044 | 8960 0c48 | 8968 10e9 | 30fe ffff 

  0x00007f6c94f812d0: ;   {static_call}
  0x00007f6c94f812d0: 4d8b c3e8 

  0x00007f6c94f812d4: ; ImmutableOopMap {}
                      ;*invokestatic invokeVoid {reexecute=0 rethrow=0 return_oop=0}
                      ; - com.sun.jna.Function::invoke@45 (line 418)
  0x00007f6c94f812d4: 68ec deff 

  0x00007f6c94f812d8: ;   {other}
  0x00007f6c94f812d8: 0f1f 8400 | c805 0003 | 33c0 e919 | feff ff33 | c0e9 12fe 

  0x00007f6c94f812ec: ;   {metadata('com/sun/jna/Pointer')}
  0x00007f6c94f812ec: ffff 48be | 0000 7128 | 6c7f 0000 

  0x00007f6c94f812f8: ;   {runtime_call _new_instance_Java}
  0x00007f6c94f812f8: 6666 90e8 

  0x00007f6c94f812fc: ; ImmutableOopMap {}
                      ;*new {reexecute=0 rethrow=0 return_oop=1}
                      ; - com.sun.jna.Function::invokePointer@21 (line 501)
                      ; - com.sun.jna.Function::invoke@397 (line 444)
  0x00007f6c94f812fc: 805e 03ff 

  0x00007f6c94f81300: ;   {other}
  0x00007f6c94f81300: 0f1f 8400 | f005 0004 | e923 ffff 

  0x00007f6c94f8130c: ;   {metadata('java/lang/Long')}
  0x00007f6c94f8130c: ff48 be50 | 0404 266c 

  0x00007f6c94f81314: ;   {runtime_call _new_instance_Java}
  0x00007f6c94f81314: 7f00 00e8 

  0x00007f6c94f81318: ; ImmutableOopMap {}
                      ;*new {reexecute=0 rethrow=0 return_oop=1}
                      ; - java.lang.Long::valueOf@31 (line 1207)
                      ; - com.sun.jna.Function::invoke@254 (line 431)
  0x00007f6c94f81318: 645e 03ff 

  0x00007f6c94f8131c: ;   {other}
  0x00007f6c94f8131c: 0f1f 8400 | 0c06 0005 

  0x00007f6c94f81324: ;   {metadata('java/lang/Integer')}
  0x00007f6c94f81324: eba1 48be | e8bb 0226 | 6c7f 0000 

  0x00007f6c94f81330: ;   {runtime_call _new_instance_Java}
  0x00007f6c94f81330: 6666 90e8 

  0x00007f6c94f81334: ; ImmutableOopMap {}
                      ;*new {reexecute=0 rethrow=0 return_oop=1}
                      ; - java.lang.Integer::valueOf@23 (line 1083)
                      ; - com.sun.jna.Function::invoke@221 (line 429)
  0x00007f6c94f81334: 485e 03ff 

  0x00007f6c94f81338: ;   {other}
  0x00007f6c94f81338: 0f1f 8400 | 2806 0006 | e99d fdff | ffbe 45ff | ffff 488b | eb4c 891c | 2489 4c24 | 104c 8954 
  0x00007f6c94f81358: ;   {runtime_call UncommonTrapBlob}
  0x00007f6c94f81358: 2418 90e8 

  0x00007f6c94f8135c: ; ImmutableOopMap {rbp=Oop [0]=Oop [24]=Oop }
                      ;*if_acmpne {reexecute=1 rethrow=0 return_oop=0}
                      ; - (reexecute) com.sun.jna.Function::invoke@34 (line 417)
  0x00007f6c94f8135c: a09b 00ff 

  0x00007f6c94f81360: ;   {other}
  0x00007f6c94f81360: 0f1f 8400 | 5006 0007 | be45 ffff | ff48 8beb | 4c89 1c24 | 894c 2410 | 4c89 5424 

  0x00007f6c94f8137c: ;   {runtime_call UncommonTrapBlob}
  0x00007f6c94f8137c: 1866 90e8 

  0x00007f6c94f81380: ; ImmutableOopMap {rbp=Oop [0]=Oop [24]=Oop }
                      ;*if_acmpeq {reexecute=1 rethrow=0 return_oop=0}
                      ; - (reexecute) com.sun.jna.Function::invoke@58 (line 420)
  0x00007f6c94f81380: 7c9b 00ff 

  0x00007f6c94f81384: ;   {other}
  0x00007f6c94f81384: 0f1f 8400 | 7406 0008 | be45 ffff | ff48 8beb | 4c89 1c24 | 894c 2410 | 4c89 5424 

  0x00007f6c94f813a0: ;   {runtime_call UncommonTrapBlob}
  0x00007f6c94f813a0: 1866 90e8 

  0x00007f6c94f813a4: ; ImmutableOopMap {rbp=Oop [0]=Oop [24]=Oop }
                      ;*if_acmpne {reexecute=1 rethrow=0 return_oop=0}
                      ; - (reexecute) com.sun.jna.Function::invoke@64 (line 420)
  0x00007f6c94f813a4: 589b 00ff 

  0x00007f6c94f813a8: ;   {other}
  0x00007f6c94f813a8: 0f1f 8400 | 9806 0009 | be45 ffff | ff48 8beb | 4c89 1c24 | 894c 2410 | 4c89 5424 

  0x00007f6c94f813c4: ;   {runtime_call UncommonTrapBlob}
  0x00007f6c94f813c4: 1866 90e8 

  0x00007f6c94f813c8: ; ImmutableOopMap {rbp=Oop [0]=Oop [24]=Oop }
                      ;*if_acmpeq {reexecute=1 rethrow=0 return_oop=0}
                      ; - (reexecute) com.sun.jna.Function::invoke@98 (line 422)
  0x00007f6c94f813c8: 349b 00ff 

  0x00007f6c94f813cc: ;   {other}
  0x00007f6c94f813cc: 0f1f 8400 | bc06 000a | be45 ffff | ff48 8beb | 4c89 1c24 | 894c 2410 | 4c89 5424 

  0x00007f6c94f813e8: ;   {runtime_call UncommonTrapBlob}
  0x00007f6c94f813e8: 1866 90e8 

  0x00007f6c94f813ec: ; ImmutableOopMap {rbp=Oop [0]=Oop [24]=Oop }
                      ;*if_acmpne {reexecute=1 rethrow=0 return_oop=0}
                      ; - (reexecute) com.sun.jna.Function::invoke@105 (line 422)
  0x00007f6c94f813ec: 109b 00ff 

  0x00007f6c94f813f0: ;   {other}
  0x00007f6c94f813f0: 0f1f 8400 | e006 000b | be45 ffff | ff48 8beb | 4c89 1c24 | 894c 2410 | 4c89 5424 

  0x00007f6c94f8140c: ;   {runtime_call UncommonTrapBlob}
  0x00007f6c94f8140c: 1866 90e8 

  0x00007f6c94f81410: ; ImmutableOopMap {rbp=Oop [0]=Oop [24]=Oop }
                      ;*if_acmpeq {reexecute=1 rethrow=0 return_oop=0}
                      ; - (reexecute) com.sun.jna.Function::invoke@132 (line 424)
  0x00007f6c94f81410: ec9a 00ff 

  0x00007f6c94f81414: ;   {other}
  0x00007f6c94f81414: 0f1f 8400 | 0407 000c | be45 ffff | ff48 8beb | 4c89 1c24 | 894c 2410 | 4c89 5424 

  0x00007f6c94f81430: ;   {runtime_call UncommonTrapBlob}
  0x00007f6c94f81430: 1866 90e8 

  0x00007f6c94f81434: ; ImmutableOopMap {rbp=Oop [0]=Oop [24]=Oop }
                      ;*if_acmpne {reexecute=1 rethrow=0 return_oop=0}
                      ; - (reexecute) com.sun.jna.Function::invoke@139 (line 424)
  0x00007f6c94f81434: c89a 00ff 

  0x00007f6c94f81438: ;   {other}
  0x00007f6c94f81438: 0f1f 8400 | 2807 000d | be45 ffff | ff48 8beb | 4c89 1c24 | 894c 2410 | 4c89 5424 

  0x00007f6c94f81454: ;   {runtime_call UncommonTrapBlob}
  0x00007f6c94f81454: 1866 90e8 

  0x00007f6c94f81458: ; ImmutableOopMap {rbp=Oop [0]=Oop [24]=Oop }
                      ;*if_acmpeq {reexecute=1 rethrow=0 return_oop=0}
                      ; - (reexecute) com.sun.jna.Function::invoke@166 (line 426)
  0x00007f6c94f81458: a49a 00ff 

  0x00007f6c94f8145c: ;   {other}
  0x00007f6c94f8145c: 0f1f 8400 | 4c07 000e | be45 ffff | ff48 8beb | 4c89 1c24 | 894c 2410 | 4c89 5424 

  0x00007f6c94f81478: ;   {runtime_call UncommonTrapBlob}
  0x00007f6c94f81478: 1866 90e8 

  0x00007f6c94f8147c: ; ImmutableOopMap {rbp=Oop [0]=Oop [24]=Oop }
                      ;*if_acmpne {reexecute=1 rethrow=0 return_oop=0}
                      ; - (reexecute) com.sun.jna.Function::invoke@173 (line 426)
  0x00007f6c94f8147c: 809a 00ff 

  0x00007f6c94f81480: ;   {other}
  0x00007f6c94f81480: 0f1f 8400 | 7007 000f | be45 ffff | ff48 8beb | 4c89 1c24 | 894c 2410 | 4c89 5424 

  0x00007f6c94f8149c: ;   {runtime_call UncommonTrapBlob}
  0x00007f6c94f8149c: 1866 90e8 

  0x00007f6c94f814a0: ; ImmutableOopMap {rbp=Oop [0]=Oop [24]=Oop }
                      ;*if_acmpne {reexecute=1 rethrow=0 return_oop=0}
                      ; - (reexecute) com.sun.jna.Function::invoke@207 (line 428)
  0x00007f6c94f814a0: 5c9a 00ff 

  0x00007f6c94f814a4: ;   {other}
  0x00007f6c94f814a4: 0f1f 8400 | 9407 0010 | be45 ffff | ff48 8beb | 4c89 1c24 | 4c89 5424 | 0844 8944 | 2410 894c 
  0x00007f6c94f814c4: ;   {runtime_call UncommonTrapBlob}
  0x00007f6c94f814c4: 2414 90e8 

  0x00007f6c94f814c8: ; ImmutableOopMap {rbp=Oop [0]=Oop [8]=Oop }
                      ;*ifeq {reexecute=1 rethrow=0 return_oop=0}
                      ; - (reexecute) com.sun.jna.Function::invoke@390 (line 443)
  0x00007f6c94f814c8: 349a 00ff 

  0x00007f6c94f814cc: ;   {other}
  0x00007f6c94f814cc: 0f1f 8400 | bc07 0011 | be45 ffff | ff48 8beb | 4c89 1c24 | 894c 2410 | 4c89 5424 

  0x00007f6c94f814e8: ;   {runtime_call UncommonTrapBlob}
  0x00007f6c94f814e8: 1866 90e8 

  0x00007f6c94f814ec: ; ImmutableOopMap {rbp=Oop [0]=Oop [24]=Oop }
                      ;*if_acmpne {reexecute=1 rethrow=0 return_oop=0}
                      ; - (reexecute) com.sun.jna.Function::invoke@240 (line 430)
  0x00007f6c94f814ec: 109a 00ff 

  0x00007f6c94f814f0: ;   {other}
  0x00007f6c94f814f0: 0f1f 8400 | e007 0012 | be45 ffff | ff48 8beb | 4c89 1c24 | 894c 2410 | 4c89 5424 

  0x00007f6c94f8150c: ;   {runtime_call UncommonTrapBlob}
  0x00007f6c94f8150c: 1866 90e8 

  0x00007f6c94f81510: ; ImmutableOopMap {rbp=Oop [0]=Oop [24]=Oop }
                      ;*if_acmpeq {reexecute=1 rethrow=0 return_oop=0}
                      ; - (reexecute) com.sun.jna.Function::invoke@266 (line 432)
  0x00007f6c94f81510: ec99 00ff 

  0x00007f6c94f81514: ;   {other}
  0x00007f6c94f81514: 0f1f 8400 | 0408 0013 | be45 ffff | ff48 8beb | 4c89 1c24 | 894c 2410 | 4c89 5424 

  0x00007f6c94f81530: ;   {runtime_call UncommonTrapBlob}
  0x00007f6c94f81530: 1866 90e8 

  0x00007f6c94f81534: ; ImmutableOopMap {rbp=Oop [0]=Oop [24]=Oop }
                      ;*if_acmpne {reexecute=1 rethrow=0 return_oop=0}
                      ; - (reexecute) com.sun.jna.Function::invoke@273 (line 432)
  0x00007f6c94f81534: c899 00ff 

  0x00007f6c94f81538: ;   {other}
  0x00007f6c94f81538: 0f1f 8400 | 2808 0014 | be45 ffff | ff48 8beb | 4c89 1c24 | 894c 2410 | 4c89 5424 

  0x00007f6c94f81554: ;   {runtime_call UncommonTrapBlob}
  0x00007f6c94f81554: 1866 90e8 

  0x00007f6c94f81558: ; ImmutableOopMap {rbp=Oop [0]=Oop [24]=Oop }
                      ;*if_acmpeq {reexecute=1 rethrow=0 return_oop=0}
                      ; - (reexecute) com.sun.jna.Function::invoke@299 (line 434)
  0x00007f6c94f81558: a499 00ff 

  0x00007f6c94f8155c: ;   {other}
  0x00007f6c94f8155c: 0f1f 8400 | 4c08 0015 | be45 ffff | ff48 8beb | 4c89 1c24 | 894c 2410 | 4c89 5424 

  0x00007f6c94f81578: ;   {runtime_call UncommonTrapBlob}
  0x00007f6c94f81578: 1866 90e8 

  0x00007f6c94f8157c: ; ImmutableOopMap {rbp=Oop [0]=Oop [24]=Oop }
                      ;*if_acmpne {reexecute=1 rethrow=0 return_oop=0}
                      ; - (reexecute) com.sun.jna.Function::invoke@306 (line 434)
  0x00007f6c94f8157c: 8099 00ff 

  0x00007f6c94f81580: ;   {other}
  0x00007f6c94f81580: 0f1f 8400 | 7008 0016 | be45 ffff | ff48 8beb | 4c89 1c24 | 894c 2410 | 4c89 5424 

  0x00007f6c94f8159c: ;   {runtime_call UncommonTrapBlob}
  0x00007f6c94f8159c: 1866 90e8 

  0x00007f6c94f815a0: ; ImmutableOopMap {rbp=Oop [0]=Oop [24]=Oop }
                      ;*if_acmpne {reexecute=1 rethrow=0 return_oop=0}
                      ; - (reexecute) com.sun.jna.Function::invoke@332 (line 436)
  0x00007f6c94f815a0: 5c99 00ff 

  0x00007f6c94f815a4: ;   {other}
  0x00007f6c94f815a4: 0f1f 8400 | 9408 0017 | be45 ffff | ff48 8beb | 4c89 1c24 | 894c 2410 | 4c89 5424 

  0x00007f6c94f815c0: ;   {runtime_call UncommonTrapBlob}
  0x00007f6c94f815c0: 1866 90e8 

  0x00007f6c94f815c4: ; ImmutableOopMap {rbp=Oop [0]=Oop [24]=Oop }
                      ;*if_acmpne {reexecute=1 rethrow=0 return_oop=0}
                      ; - (reexecute) com.sun.jna.Function::invoke@352 (line 438)
  0x00007f6c94f815c4: 3899 00ff 

  0x00007f6c94f815c8: ;   {other}
  0x00007f6c94f815c8: 0f1f 8400 | b808 0018 | bee4 ffff 

  0x00007f6c94f815d4: ;   {runtime_call UncommonTrapBlob}
  0x00007f6c94f815d4: ff66 90e8 

  0x00007f6c94f815d8: ; ImmutableOopMap {}
                      ;*aaload {reexecute=0 rethrow=0 return_oop=0}
                      ; - java.lang.Long::valueOf@29 (line 1205)
                      ; - com.sun.jna.Function::invoke@254 (line 431)
  0x00007f6c94f815d8: 2499 00ff 

  0x00007f6c94f815dc: ;   {other}
  0x00007f6c94f815dc: 0f1f 8400 | cc08 0019 | be45 ffff | ff48 8beb | 4889 1424 | 894c 2410 | 4c89 5424 

  0x00007f6c94f815f8: ;   {runtime_call UncommonTrapBlob}
  0x00007f6c94f815f8: 1866 90e8 

  0x00007f6c94f815fc: ; ImmutableOopMap {rbp=Oop [0]=Oop [24]=Oop }
                      ;*ifnull {reexecute=1 rethrow=0 return_oop=0}
                      ; - (reexecute) com.sun.jna.Function::invoke@20 (line 417)
  0x00007f6c94f815fc: 0099 00ff 

  0x00007f6c94f81600: ;   {other}
  0x00007f6c94f81600: 0f1f 8400 | f008 001a | bef4 ffff | ff48 8beb | 4c89 1c24 | 4489 4424 | 1089 4c24 | 144c 8954 
  0x00007f6c94f81620: ;   {runtime_call UncommonTrapBlob}
  0x00007f6c94f81620: 2418 90e8 

  0x00007f6c94f81624: ; ImmutableOopMap {rbp=Oop [0]=Oop [24]=Oop }
                      ;*invokevirtual isAssignableFrom {reexecute=0 rethrow=0 return_oop=0}
                      ; - com.sun.jna.Function::invoke@387 (line 443)
  0x00007f6c94f81624: d898 00ff 

  0x00007f6c94f81628: ;   {other}
  0x00007f6c94f81628: 0f1f 8400 | 1809 001b | 488b f0eb | 1c48 8bf0 | eb17 488b | f0eb 1248 | 8bf0 eb0d | 488b f0eb 
  0x00007f6c94f81648: 0848 8bf0 | eb03 488b | f048 83c4 

  0x00007f6c94f81654: ;   {runtime_call _rethrow_Java}
  0x00007f6c94f81654: 305d e9a5 

  0x00007f6c94f81658: ;   {internal_word}
  0x00007f6c94f81658: 370d ff49 | ba05 11f8 | 946c 7f00 | 004d 8997 | 6804 0000 

  0x00007f6c94f8166c: ;   {runtime_call SafepointBlob}
  0x00007f6c94f8166c: e98f a900 

  0x00007f6c94f81670: ;   {runtime_call StubRoutines (final stubs)}
  0x00007f6c94f81670: ffe8 2a9e | fefe e91f | f9ff fff4 | f4f4 f4f4 
[Stub Code]
  0x00007f6c94f81680: ;   {no_reloc}
  0x00007f6c94f81680: 48bb 0000 | 0000 0000 

  0x00007f6c94f81688: ;   {runtime_call nmethod}
  0x00007f6c94f81688: 0000 e9fb 

  0x00007f6c94f8168c: ;   {static_stub}
  0x00007f6c94f8168c: ffff ff48 | bb00 0000 | 0000 0000 

  0x00007f6c94f81698: ;   {runtime_call nmethod}
  0x00007f6c94f81698: 00e9 fbff 

  0x00007f6c94f8169c: ;   {static_stub}
  0x00007f6c94f8169c: ffff 48bb | 0000 0000 | 0000 0000 

  0x00007f6c94f816a8: ;   {runtime_call nmethod}
  0x00007f6c94f816a8: e9fb ffff 

  0x00007f6c94f816ac: ;   {static_stub}
  0x00007f6c94f816ac: ff48 bb00 | 0000 0000 

  0x00007f6c94f816b4: ;   {runtime_call nmethod}
  0x00007f6c94f816b4: 0000 00e9 | fbff ffff 
[Exception Handler]
  0x00007f6c94f816bc: ;   {runtime_call ExceptionBlob}
  0x00007f6c94f816bc: e9bf 5d03 | ffe8 0000 | 0000 4883 

  0x00007f6c94f816c8: ;   {runtime_call DeoptimizationBlob}
  0x00007f6c94f816c8: 2c24 05e9 | d09b 00ff 
[/MachCode]


Compiled method (c2) 162233 18092       4       com.sun.jna.Function::invoke (542 bytes)
 total in heap  [0x00007f6c949b2510,0x00007f6c949b4ac8] = 9656
 relocation     [0x00007f6c949b2668,0x00007f6c949b2810] = 424
 main code      [0x00007f6c949b2820,0x00007f6c949b3b50] = 4912
 stub code      [0x00007f6c949b3b50,0x00007f6c949b3be0] = 144
 oops           [0x00007f6c949b3be0,0x00007f6c949b3c08] = 40
 metadata       [0x00007f6c949b3c08,0x00007f6c949b3d08] = 256
 scopes data    [0x00007f6c949b3d08,0x00007f6c949b4638] = 2352
 scopes pcs     [0x00007f6c949b4638,0x00007f6c949b48e8] = 688
 dependencies   [0x00007f6c949b48e8,0x00007f6c949b4920] = 56
 handler table  [0x00007f6c949b4920,0x00007f6c949b4a88] = 360
 nul chk table  [0x00007f6c949b4a88,0x00007f6c949b4ac8] = 64

[Constant Pool (empty)]

[MachCode]
[Entry Point]
  # {method} {0x00007f6c1fa8a998} 'invoke' '(Ljava/lang/reflect/Method;[Ljava/lang/Class;Ljava/lang/Class;[Ljava/lang/Object;Ljava/util/Map;)Ljava/lang/Object;' in 'com/sun/jna/Function'
  # this:     rsi:rsi   = 'com/sun/jna/Function'
  # parm0:    rdx:rdx   = 'java/lang/reflect/Method'
  # parm1:    rcx:rcx   = '[Ljava/lang/Class;'
  # parm2:    r8:r8     = 'java/lang/Class'
  # parm3:    r9:r9     = '[Ljava/lang/Object;'
  # parm4:    rdi:rdi   = 'java/util/Map'
  #           [sp+0x80]  (sp of caller)
  0x00007f6c949b2820: 448b 5608 | 49bb 0000 | 0026 6c7f | 0000 4d03 | d349 3bc2 

  0x00007f6c949b2834: ;   {runtime_call ic_miss_stub}
  0x00007f6c949b2834: 0f85 4628 | 5dff 6690 | 0f1f 4000 
[Verified Entry Point]
  0x00007f6c949b2840: 8984 2400 | c0fe ff55 | 4883 ec70 | 4181 7f20 | 4b01 0000 | 0f85 ec12 | 0000 4889 | 7c24 284c 
  0x00007f6c949b2860: 8944 2420 | 4889 4c24 | 1848 8954 | 2410 4889 | 7424 084c | 894c 2448 

  0x00007f6c949b2878: ; implicit exception: dispatches to 0x00007f6c949b3a98
  0x00007f6c949b2878: 458b 690c | 4181 fd00 | 0100 000f | 8feb 0f00 | 0049 63d5 | 4181 fd00 | 0004 000f | 87e3 0c00 
  0x00007f6c949b2898: 0049 8b87 | b801 0000 | 4c8d 1495 | 1700 0000 | 4983 e2f8 | 4c8b d84d | 03da 4d3b | 9fc8 0100 
  0x00007f6c949b28b8: 000f 83bd | 0c00 004d | 899f b801 | 0000 410f | 1883 0001 | 0000 48c7 | 0001 0000 | 0041 0f18 
  0x00007f6c949b28d8: 8340 0100 

  0x00007f6c949b28dc: ;   {metadata('java/lang/Object'[])}
  0x00007f6c949b28dc: 00c7 4008 | 7813 0000 | 4489 680c | 410f 1883 | 8001 0000 | 4c8b f045 | 85ed 7628 | 498b f648 
  0x00007f6c949b28fc: 83c6 1048 | 8b7c 2448 | 4883 c710 | c5f8 7749 | bae0 a2f6 | 936c 7f00 | 0041 ffd2 

  0x00007f6c949b2918: ;   {other}
  0x00007f6c949b2918: 0f1f 8400 | 0000 0000 | 4c8b 5c24 | 2845 8b53 

  0x00007f6c949b2928: ;   {metadata('java/util/HashMap')}
  0x00007f6c949b2928: 0841 81fa | b824 0c00 | 0f85 da0d | 0000 4d8b | c345 8b50 | 2445 85d2 | 0f84 b701 | 0000 438b 
  0x00007f6c949b2948: 4cd4 0c85 | c90f 8681 | 0f00 004f | 8d0c d4ff 

  0x00007f6c949b2958: ;   {oop("type-mapper"{0x000000060eb63858})}
  0x00007f6c949b2958: c949 ba58 | 38b6 0e06 | 0000 0045 | 8b52 0c45 | 85d2 0f84 | 6c08 0000 | 458b da41 | c1eb 1045 
  0x00007f6c949b2978: 33da 4123 | cb45 8b54 | 8910 4585 | d20f 8472 | 0100 0047 | 8b4c d40c | 4b8d 2cd4 | 453b cb0f 
  0x00007f6c949b2998: 85ed 0600 | 0043 8b4c 

  0x00007f6c949b29a0: ;   {oop("type-mapper"{0x000000060eb63858})}
  0x00007f6c949b29a0: d410 81f9 | 0bc7 d6c1 | 7451 4489 | 5424 4044 | 895c 242c | 4c89 4424 | 384c 8974 | 2430 4489 
  0x00007f6c949b29c0: 6c24 2848 | 8bd1 48c1 

  0x00007f6c949b29c8: ;   {oop("type-mapper"{0x000000060eb63858})}
  0x00007f6c949b29c8: e203 48be | 5838 b60e | 0600 0000 

  0x00007f6c949b29d4: ;   {optimized virtual_call}
  0x00007f6c949b29d4: c5f8 77e8 

  0x00007f6c949b29d8: ; ImmutableOopMap {rbp=Oop [8]=Oop [16]=Oop [24]=Oop [32]=Oop [48]=Oop [56]=Oop [64]=NarrowOop [72]=Oop }
                      ;*invokevirtual equals {reexecute=0 rethrow=0 return_oop=0}
                      ; - java.util.HashMap::getNode@63 (line 578)
                      ; - java.util.HashMap::get@2 (line 564)
                      ; - com.sun.jna.Function::invoke@54 (line 338)
  0x00007f6c949b29d8: a429 5dff 

  0x00007f6c949b29dc: ;   {other}
  0x00007f6c949b29dc: 0f1f 8400 | cc04 0000 | 85c0 0f84 | 8506 0000 | 448b 6c24 | 284c 8b74 | 2430 4c8b | 4424 3844 
  0x00007f6c949b29fc: 8b55 1445 | 85d2 0f84 | f500 0000 | 478b 4cd4 

  0x00007f6c949b2a0c: ;   {metadata('com/sun/jna/TypeMapper')}
  0x00007f6c949b2a0c: 0848 b868 | b971 286c | 7f00 0048 | be00 0000 | 266c 7f00 | 0049 03f1 | 4c8b 5e20 | 4c3b d80f 
  0x00007f6c949b2a2c: 854f 0700 | 004f 8d0c | d4e9 c600 | 0000 448b 

  0x00007f6c949b2a3c: ;   {metadata('com/sun/jna/Structure$ByReference'[])}
  0x00007f6c949b2a3c: 5c24 0c41 | 81fb e0ba | 7302 0f84 | 6b04 0000 

  0x00007f6c949b2a4c: ;   {metadata('com/sun/jna/Structure$ByReference'[])}
  0x00007f6c949b2a4c: 488b f548 | b8e0 ba73 | 286c 7f00 | 0048 33ff | 4c8b 9ea0 | 0000 0049 | 8bd3 48c1 | e227 0f89 
  0x00007f6c949b2a6c: 2100 0000 | f348 0fb8 | d248 8b5e | 2848 3b04 | d374 1549 | 0fba e319 | 730b 49c1 

  0x00007f6c949b2a88: ;   {runtime_call StubRoutines (compiler stubs)}
  0x00007f6c949b2a88: cb18 e868 | e15f ffeb | 0348 ffc7 | 4885 ff0f | 841a 0400 | 008b 4c24 | 20ff c13b | 4c24 087c 
  0x00007f6c949b2aa8: 1b48 8b44 | 2418 c5f8 | 7748 83c4 

  0x00007f6c949b2ab4: ;   {poll_return}
  0x00007f6c949b2ab4: 705d 493b | a750 0400 | 000f 876d | 1000 00c3 | 8b5c 2408 | e900 0300 | 0066 6690 | 8bcd e97c 
  0x00007f6c949b2ad4: 0100 0044 | 8b6c 2428 | 4c8b 7424 | 304c 8b4c | 2438 4533 | dbe9 f500 | 0000 448b | 6c24 284c 
  0x00007f6c949b2af4: 8b74 2430 | 4c8b 4424 | 3845 33c9 | 458b 4024 | 4585 c074 | dd47 8b54 | c40c 4585 | d20f 8605 
  0x00007f6c949b2b14: 0e00 0041 | ffca 4b8d 

  0x00007f6c949b2b1c: ;   {oop("allow-objects"{0x000000060eb63870})}
  0x00007f6c949b2b1c: 0cc4 49bb | 7038 b60e | 0600 0000 | 458b 5b0c | 4585 db0f | 843a 0700 | 0045 8bc3 | 41c1 e810 
  0x00007f6c949b2b3c: 4533 c345 | 23d0 428b | 4c91 1085 | c974 9b45 | 8b54 cc0c | 498d 2ccc | 453b d00f | 85b3 0500 
  0x00007f6c949b2b5c: 0045 8b5c 

  0x00007f6c949b2b60: ;   {oop("allow-objects"{0x000000060eb63870})}
  0x00007f6c949b2b60: cc10 4181 | fb0e c7d6 | c174 5089 | 4c24 4044 | 8944 242c | 4c89 4c24 | 384c 8974 | 2430 4489 
  0x00007f6c949b2b80: 6c24 2849 | 8bd3 48c1 

  0x00007f6c949b2b88: ;   {oop("allow-objects"{0x000000060eb63870})}
  0x00007f6c949b2b88: e203 48be | 7038 b60e | 0600 0000 

  0x00007f6c949b2b94: ;   {optimized virtual_call}
  0x00007f6c949b2b94: c5f8 77e8 

  0x00007f6c949b2b98: ; ImmutableOopMap {rbp=Oop [8]=Oop [16]=Oop [24]=Oop [32]=Oop [48]=Oop [56]=Oop [64]=NarrowOop [72]=Oop }
                      ;*invokevirtual equals {reexecute=0 rethrow=0 return_oop=0}
                      ; - java.util.HashMap::getNode@63 (line 578)
                      ; - java.util.HashMap::get@2 (line 564)
                      ; - com.sun.jna.Function::invoke@71 (line 339)
  0x00007f6c949b2b98: e427 5dff 

  0x00007f6c949b2b9c: ;   {other}
  0x00007f6c949b2b9c: 0f1f 8400 | 8c06 0001 | 85c0 0f84 | 4c05 0000 | 448b 6c24 | 284c 8b74 | 2430 4c8b | 4c24 3844 
  0x00007f6c949b2bbc: 8b55 1445 | 85d2 0f84 | 1eff ffff | 478b 5cd4 

  0x00007f6c949b2bcc: ;   {metadata('java/lang/Boolean')}
  0x00007f6c949b2bcc: 0841 81fb | 486b 0000 | 0f85 0cff | ffff 49c1 | e203 450f | b65a 0c45 | 85ed 0f86 | 3c0c 0000 
  0x00007f6c949b2bec: 4c8b 4424 | 1045 8b50 | 2041 81e2 | 8000 0000 | 4585 d20f | 8587 0c00 | 004c 8b54 | 2418 418b 
  0x00007f6c949b2c0c: 5a0c 85db | 0f86 8a0a | 0000 418d | 6dff 3beb | 0f83 7e0a | 0000 4585 | ed0f 8675 | 0a00 0041 
  0x00007f6c949b2c2c: 3bed 0f83 | 6c0a 0000 | 33c9 4c89 | 5424 2844 | 896c 2444 | 4c89 7424 | 304c 894c | 2438 4489 
  0x00007f6c949b2c4c: 5c24 4089 | 6c24 5889 | 4c24 1848 | 63e9 48c1 | e502 4c8b | 5424 2845 | 8b54 2a10 | 49c1 e203 
  0x00007f6c949b2c6c: 488b 7424 | 0848 8b54 | 2430 4c8b | 4424 104c | 8b4c 2438 | 8b7c 2440 | 4c89 1424 

  0x00007f6c949b2c88: ;   {optimized virtual_call}
  0x00007f6c949b2c88: c5f8 77e8 

  0x00007f6c949b2c8c: ; ImmutableOopMap {[8]=Oop [16]=Oop [32]=Oop [40]=Oop [48]=Oop [56]=Oop [72]=Oop }
                      ;*invokespecial convertArgument {reexecute=0 rethrow=0 return_oop=1}
                      ; - com.sun.jna.Function::invoke@188 (line 348)
  0x00007f6c949b2c8c: 1095 2500 

  0x00007f6c949b2c90: ;   {other}
  0x00007f6c949b2c90: 0f1f 8400 | 8007 0002 | 4c8b e84c | 8b54 2430 | 498d 5c2a | 1041 807f | 4000 0f85 | 1c08 0000 
  0x00007f6c949b2cb0: 4d8b d58b | 6c24 18ff | c54d 8bdd | 49c1 eb03 | 4489 1b4c | 8bdb 4d33 | d349 c1ea | 164d 85d2 
  0x00007f6c949b2cd0: 741f 4d85 | ed74 1a49 | c1eb 0948 | bf00 e0a5 | 876c 7f00 | 0049 03fb | 803f 020f | 8511 0800 
  0x00007f6c949b2cf0: 003b 6c24 | 440f 8cd5 | fdff ff4c | 8b54 2420 | 4d85 d20f | 844a 0800 | 0049 8b72 | 1048 85f6 
  0x00007f6c949b2d10: 7464 4c8b 

  0x00007f6c949b2d14: ;   {metadata('com/sun/jna/NativeMapped')}
  0x00007f6c949b2d14: 5e20 48b8 | 805a 7128 | 6c7f 0000 | 4c3b d80f | 84bb 0900 | 0048 3bf0 | 0f84 b209 | 0000 4833 
  0x00007f6c949b2d34: ff4c 8b9e | a000 0000 | 498b d348 | c1e2 200f | 8921 0000 | 00f3 480f | b8d2 488b | 5e28 483b 
  0x00007f6c949b2d54: 04d3 7415 | 490f bae3 | 2073 0b49 

  0x00007f6c949b2d60: ;   {runtime_call StubRoutines (compiler stubs)}
  0x00007f6c949b2d60: c1cb 1fe8 | 8fde 5fff | eb03 48ff | c748 85ff | 0f84 6e09 | 0000 4c8b | 4424 384d | 85c0 0f85 
  0x00007f6c949b2d80: 0d0a 0000 | 498b ea48 | 8b74 2408 | 488b 5424 | 3049 8bca | 448b 4424 | 4045 33c9 

  0x00007f6c949b2d9c: ;   {optimized virtual_call}
  0x00007f6c949b2d9c: c5f8 77e8 

  0x00007f6c949b2da0: ; ImmutableOopMap {rbp=Oop [8]=Oop [16]=Oop [48]=Oop [72]=Oop }
                      ;*invokevirtual invoke {reexecute=0 rethrow=0 return_oop=1}
                      ; - com.sun.jna.Function::invoke@271 (line 364)
  0x00007f6c949b2da0: dce1 5c00 

  0x00007f6c949b2da4: ;   {other}
  0x00007f6c949b2da4: 0f1f 8400 | 9408 0003 | 4889 4424 | 188b 5c24 | 4485 db0f | 86ec fcff | ff44 8b5c | 2458 443b 
  0x00007f6c949b2dc4: db0f 8339 | 0a00 0033 | c94c 8b5c | 2448 418b | 6c8b 1045 | 8b44 ec08 | 48bf 0000 | 0026 6c7f 
  0x00007f6c949b2de4: 0000 4903 | f84c 8b57 

  0x00007f6c949b2dec: ;   {metadata('com/sun/jna/Structure')}
  0x00007f6c949b2dec: 3849 b9c8 | 2a71 286c | 7f00 004d | 3bd1 0f84 | 4a08 0000 | 4c8b 5424 | 3045 8b4c | 8a10 478b 
  0x00007f6c949b2e0c: 54cc 0844 | 8944 240c | 896c 2424 | 894c 2420 | 895c 2408 | 4c8b 5f40 | 4c89 5c24 | 1048 8bef 
  0x00007f6c949b2e2c: 48be 0000 | 0026 6c7f | 0000 4903 | f24c 8b5e 

  0x00007f6c949b2e3c: ;   {metadata('com/sun/jna/Function$PostCallRead')}
  0x00007f6c949b2e3c: 2049 b800 | b171 286c | 7f00 004d | 3bd8 0f85 | b201 0000 

  0x00007f6c949b2e50: ;   {metadata('com/sun/jna/StringArray')}
  0x00007f6c949b2e50: 4181 fa48 | 7673 020f | 859b 0b00 | 0044 8b54 | 2424 49c1 | e203 4c89 | 5424 284b | 8d34 cc90 
  0x00007f6c949b2e70: ;   {optimized virtual_call}
  0x00007f6c949b2e70: c5f8 77e8 

  0x00007f6c949b2e74: ; ImmutableOopMap {[24]=Oop [36]=NarrowOop [40]=Oop [48]=Oop [72]=Oop }
                      ;*invokeinterface read {reexecute=0 rethrow=0 return_oop=0}
                      ; - com.sun.jna.Function::invoke@405 (line 387)
  0x00007f6c949b2e74: 0825 5dff 

  0x00007f6c949b2e78: ;   {other}
  0x00007f6c949b2e78: 0f1f 8400 | 6809 0004 | 8b4c 2420 | 4c8b 5424 | 3045 8b54 | 8a10 478b 

  0x00007f6c949b2e90: ;   {metadata('com/sun/jna/Function$PointerArray')}
  0x00007f6c949b2e90: 44d4 0841 | 81f8 00c0 | 7302 0f85 | 01fc ffff | 4c8b 5d20 

  0x00007f6c949b2ea4: ;   {metadata('com/sun/jna/Structure$ByReference'[])}
  0x00007f6c949b2ea4: 49b8 e0ba | 7328 6c7f | 0000 4d3b | d80f 8583 | fbff ff4c | 8b5d 7049 | 8b33 49c1 | e203 4c89 
  0x00007f6c949b2ec4: 5424 3890 

  0x00007f6c949b2ec8: ;   {optimized virtual_call}
  0x00007f6c949b2ec8: c5f8 77e8 

  0x00007f6c949b2ecc: ; ImmutableOopMap {[24]=Oop [36]=NarrowOop [40]=Oop [48]=Oop [56]=Oop [72]=Oop }
                      ;*invokevirtual getComponentType {reexecute=0 rethrow=0 return_oop=1}
                      ; - com.sun.jna.Function::invoke@449 (line 391)
  0x00007f6c949b2ecc: b024 5dff 

  0x00007f6c949b2ed0: ;   {other}
  0x00007f6c949b2ed0: 0f1f 8400 | c009 0005 | 4889 4424 | 404c 8b54 

  0x00007f6c949b2ee0: ;   {metadata('com/sun/jna/Structure'[])}
  0x00007f6c949b2ee0: 2410 49bb | 38fd 7128 | 6c7f 0000 | 4d3b d30f | 858f 0700 | 004c 8b5c | 2428 418b | 6b0c 85ed 
  0x00007f6c949b2f00: 0f86 97fb | ffff 448d | 55ff 443b | d50f 83c1 | 0800 0045 

  0x00007f6c949b2f14: ;   {metadata('com/sun/jna/Structure'[])}
  0x00007f6c949b2f14: 8b53 0841 | 81fa 38fd | 7102 0f85 | b008 0000 | 4533 c04c | 895c 2410 | 896c 2424 | 458b d044 
  0x00007f6c949b2f34: 8944 240c | 41c1 e203 | 4963 d248 | 8b74 2438 | 6690 c5f8 | 7748 b8ff | ffff ffff 

  0x00007f6c949b2f50: ;   {virtual_call}
  0x00007f6c949b2f50: ffff ffe8 

  0x00007f6c949b2f54: ; ImmutableOopMap {[16]=Oop [24]=Oop [48]=Oop [56]=Oop [64]=Oop [72]=Oop }
                      ;*invokevirtual getPointer {reexecute=0 rethrow=0 return_oop=1}
                      ; - com.sun.jna.Function::invoke@481 (line 394)
  0x00007f6c949b2f54: 2827 5dff 

  0x00007f6c949b2f58: ;   {other}
  0x00007f6c949b2f58: 0f1f 8400 | 480a 0006 | 4c8b 5c24 | 1044 8b54 | 240c 4f8d | 5c93 1045 | 8b13 4c89 | 5c24 2849 
  0x00007f6c949b2f78: 8bd2 48c1 | e203 488b | 7424 4048 | 8bc8 8b6c | 240c 6690 

  0x00007f6c949b2f8c: ;   {static_call}
  0x00007f6c949b2f8c: c5f8 77e8 

  0x00007f6c949b2f90: ; ImmutableOopMap {[16]=Oop [40]=Derived_oop_[16] [24]=Oop [48]=Oop [56]=Oop [64]=Oop [72]=Oop }
                      ;*invokestatic updateStructureByReference {reexecute=0 rethrow=0 return_oop=1}
                      ; - com.sun.jna.Function::invoke@499 (line 395)
  0x00007f6c949b2f90: ec29 5dff 

  0x00007f6c949b2f94: ;   {other}
  0x00007f6c949b2f94: 0f1f 8400 | 840a 0007 | 488b d841 | 807f 4000 | 0f85 8a04 | 0000 4c8b | 4c24 284c | 8bdb 448b 
  0x00007f6c949b2fb4: 4424 0c41 | ffc0 4c8b | d349 c1ea | 0345 8911 | 4d8b d14d | 33da 49c1 | eb16 4d85 | db74 1f48 
  0x00007f6c949b2fd4: 85db 741a | 49c1 ea09 | 48bf 00e0 | a587 6c7f | 0000 4903 | fa80 3f02 | 0f85 8304 | 0000 443b 
  0x00007f6c949b2ff4: 4424 240f | 8c33 ffff | ffe9 9bfa 

  0x00007f6c949b3000: ;   {metadata('com/sun/jna/Function$PostCallRead')}
  0x00007f6c949b3000: ffff 48b8 | 00b1 7128 | 6c7f 0000 | 4833 ff4c | 8b9e a000 | 0000 498b | d348 c1e2 | 330f 8921 
  0x00007f6c949b3020: 0000 00f3 | 480f b8d2 | 488b 5e28 | 483b 04d3 | 7415 490f | bae3 0d73 | 0b49 c1cb 

  0x00007f6c949b303c: ;   {runtime_call StubRoutines (compiler stubs)}
  0x00007f6c949b303c: 0ce8 b5db | 5fff eb03 | 48ff c748 | 85ff 0f84 | 00fe ffff | 4c8b 5424 

  0x00007f6c949b3054: ;   {metadata('com/sun/jna/Structure'[])}
  0x00007f6c949b3054: 1049 bb38 | fd71 286c | 7f00 004d | 3bd3 0f84 | fc08 0000 | 8b4c 2420 | e930 faff | ff44 8b6c 
  0x00007f6c949b3074: 2428 4c8b | 7424 304c | 8b44 2438 | 448b 5c24 | 2c44 8b54 | 2440 438b | 4cd4 1885 | c90f 8466 
  0x00007f6c949b3094: faff ff47 | 8b4c d408 

  0x00007f6c949b309c: ;   {metadata('java/util/HashMap$TreeNode')}
  0x00007f6c949b309c: 4181 f9d8 | dd2b 000f | 8558 0200 | 004c 8944 | 2438 4c89 | 7424 3044 | 896c 2428 | 488b f541 
  0x00007f6c949b30bc: ;   {oop("type-mapper"{0x000000060eb63858})}
  0x00007f6c949b30bc: 8bd3 48b9 | 5838 b60e | 0600 0000 

  0x00007f6c949b30c8: ;   {optimized virtual_call}
  0x00007f6c949b30c8: c5f8 77e8 

  0x00007f6c949b30cc: ; ImmutableOopMap {[8]=Oop [16]=Oop [24]=Oop [32]=Oop [48]=Oop [56]=Oop [72]=Oop }
                      ;*invokevirtual getTreeNode {reexecute=0 rethrow=0 return_oop=1}
                      ; - java.util.HashMap::getNode@95 (line 582)
                      ; - java.util.HashMap::get@2 (line 564)
                      ; - com.sun.jna.Function::invoke@54 (line 338)
  0x00007f6c949b30cc: b022 5dff 

  0x00007f6c949b30d0: ;   {other}
  0x00007f6c949b30d0: 0f1f 8400 | c00b 0008 | 4885 c00f | 840d faff | ff48 8be8 | 448b 6c24 | 284c 8b74 | 2430 4c8b 
  0x00007f6c949b30f0: 4424 38e9 | 03f9 ffff | 448b 6c24 | 284c 8b74 | 2430 4c8b | 4c24 3844 | 8b44 242c | 8b4c 2440 
  0x00007f6c949b3110: 458b 5ccc | 1845 85db | 0f84 c8f9 | ffff 418b 

  0x00007f6c949b3120: ;   {metadata('java/util/HashMap$TreeNode')}
  0x00007f6c949b3120: 4ccc 0881 | f9d8 dd2b | 000f 856d | 0200 004c | 894c 2438 | 4c89 7424 | 3044 896c | 2428 488b 
  0x00007f6c949b3140: f541 8bd0 

  0x00007f6c949b3144: ;   {oop("allow-objects"{0x000000060eb63870})}
  0x00007f6c949b3144: 48b9 7038 | b60e 0600 | 0000 6690 

  0x00007f6c949b3150: ;   {optimized virtual_call}
  0x00007f6c949b3150: c5f8 77e8 

  0x00007f6c949b3154: ; ImmutableOopMap {[8]=Oop [16]=Oop [24]=Oop [32]=Oop [48]=Oop [56]=Oop [72]=Oop }
                      ;*invokevirtual getTreeNode {reexecute=0 rethrow=0 return_oop=1}
                      ; - java.util.HashMap::getNode@95 (line 582)
                      ; - java.util.HashMap::get@2 (line 564)
                      ; - com.sun.jna.Function::invoke@71 (line 339)
  0x00007f6c949b3154: 2822 5dff 

  0x00007f6c949b3158: ;   {other}
  0x00007f6c949b3158: 0f1f 8400 | 480c 0009 | 4885 c00f | 846e f9ff | ff48 8be8 | 448b 6c24 | 284c 8b74 | 2430 4c8b 
  0x00007f6c949b3178: 4c24 38e9 | 3bfa ffff | 4833 ff4c | 8b9e a000 | 0000 498b | d348 c1e2 | 140f 8921 | 0000 00f3 
  0x00007f6c949b3198: 480f b8d2 | 488b 5e28 | 483b 04d3 | 7415 490f | bae3 2c73 | 0b49 c1cb 

  0x00007f6c949b31b0: ;   {runtime_call StubRoutines (compiler stubs)}
  0x00007f6c949b31b0: 2be8 41da | 5fff eb03 | 48ff c748 | 85ff 0f84 | 6df8 ffff | bede ffff | ff41 8bea 

  0x00007f6c949b31cc: ;   {runtime_call UncommonTrapBlob}
  0x00007f6c949b31cc: c5f8 77e8 

  0x00007f6c949b31d0: ; ImmutableOopMap {rbp=NarrowOop }
                      ;*checkcast {reexecute=0 rethrow=0 return_oop=0}
                      ; - com.sun.jna.Function::invoke@59 (line 338)
  0x00007f6c949b31d0: 2c7d 5dff 

  0x00007f6c949b31d4: ;   {other}
  0x00007f6c949b31d4: 0f1f 8400 | c40c 000a 

  0x00007f6c949b31dc: ;   {oop("type-mapper"{0x000000060eb63858})}
  0x00007f6c949b31dc: 49ba 5838 | b60e 0600 | 0000 450f | b65a 1145 | 85db 0f85 | c303 0000 | 4c89 4c24 | 4089 4c24 
  0x00007f6c949b31fc: 2c4c 8944 | 2438 4c89 | 7424 3044 | 896c 2428 | 488b 6c24 

  0x00007f6c949b3210: ;   {oop([B{0x000000060e58c770})}
  0x00007f6c949b3210: 4848 be70 | c758 0e06 | 0000 0090 

  0x00007f6c949b321c: ;   {static_call}
  0x00007f6c949b321c: c5f8 77e8 

  0x00007f6c949b3220: ; ImmutableOopMap {rbp=Oop [8]=Oop [16]=Oop [24]=Oop [32]=Oop [48]=Oop [56]=Oop [64]=Oop [72]=Oop }
                      ;*invokestatic hashCode {reexecute=0 rethrow=0 return_oop=0}
                      ; - java.lang.String::hashCode@27 (line 2358)
                      ; - java.util.HashMap::hash@9 (line 338)
                      ; - java.util.HashMap::getNode@23 (line 576)
                      ; - java.util.HashMap::get@2 (line 564)
                      ; - com.sun.jna.Function::invoke@54 (line 338)
  0x00007f6c949b3220: 5c27 5dff 

  0x00007f6c949b3224: ;   {other}
  0x00007f6c949b3224: 0f1f 8400 | 140d 000b | 85c0 0f84 | 9803 0000 

  0x00007f6c949b3234: ;   {oop("type-mapper"{0x000000060eb63858})}
  0x00007f6c949b3234: 49ba 5838 | b60e 0600 | 0000 4189 | 420c 448b | d041 c1ea | 1044 33d0 | 8b4c 242c | 4123 ca44 
  0x00007f6c949b3254: 8b6c 2428 | 4c8b 7424 | 304c 8b44 | 2438 4c8b | 4c24 4045 | 8bda e90e 

  0x00007f6c949b326c: ;   {oop("allow-objects"{0x000000060eb63870})}
  0x00007f6c949b326c: f7ff ff49 | bb70 38b6 | 0e06 0000 | 0045 0fb6 | 4311 4585 | c00f 853a | 0300 0048 | 894c 2440 
  0x00007f6c949b328c: 4489 5424 | 2c4c 894c | 2438 4c89 | 7424 3044 | 896c 2428 | 488b 6c24 

  0x00007f6c949b32a4: ;   {oop([B{0x000000060e58c750})}
  0x00007f6c949b32a4: 4848 be50 | c758 0e06 | 0000 0090 

  0x00007f6c949b32b0: ;   {static_call}
  0x00007f6c949b32b0: c5f8 77e8 

  0x00007f6c949b32b4: ; ImmutableOopMap {rbp=Oop [8]=Oop [16]=Oop [24]=Oop [32]=Oop [48]=Oop [56]=Oop [64]=Oop [72]=Oop }
                      ;*invokestatic hashCode {reexecute=0 rethrow=0 return_oop=0}
                      ; - java.lang.String::hashCode@27 (line 2358)
                      ; - java.util.HashMap::hash@9 (line 338)
                      ; - java.util.HashMap::getNode@23 (line 576)
                      ; - java.util.HashMap::get@2 (line 564)
                      ; - com.sun.jna.Function::invoke@71 (line 339)
  0x00007f6c949b32b4: c826 5dff 

  0x00007f6c949b32b8: ;   {other}
  0x00007f6c949b32b8: 0f1f 8400 | a80d 000c | 85c0 0f84 | 3103 0000 

  0x00007f6c949b32c8: ;   {oop("allow-objects"{0x000000060eb63870})}
  0x00007f6c949b32c8: 49ba 7038 | b60e 0600 | 0000 4189 | 420c 448b | c041 c1e8 | 1044 33c0 | 448b 5424 | 2c45 23d0 
  0x00007f6c949b32e8: 448b 6c24 | 284c 8b74 | 2430 4c8b | 4c24 3848 | 8b4c 2440 | e941 f8ff | ff49 8d2c | cc44 8b4d 
  0x00007f6c949b3308: 0c45 3bcb | 741f 8b5d | 1849 8b8f | 5804 0000 | 4c8b 5424 

  0x00007f6c949b331c: ; ImmutableOopMap {r10=Oop r8=Oop rbx=NarrowOop r14=Oop [8]=Oop [16]=Oop [24]=Oop [32]=Oop [72]=Oop }
                      ;*ifnonnull {reexecute=1 rethrow=0 return_oop=0}
                      ; - (reexecute) java.util.HashMap::getNode@145 (line 587)
                      ; - java.util.HashMap::get@2 (line 564)
                      ; - com.sun.jna.Function::invoke@54 (line 338)
                      ;   {poll}
  0x00007f6c949b331c: 4885 0185 | db0f 84d6 | f7ff ff49 | 8d2c dceb | d844 8b55 

  0x00007f6c949b3330: ;   {oop("type-mapper"{0x000000060eb63858})}
  0x00007f6c949b3330: 1041 81fa | 0bc7 d6c1 | 0f84 bdf6 | ffff 4489 | 5c24 504c | 8944 2440 | 4c89 7424 | 3844 896c 
  0x00007f6c949b3350: 2430 48ff | 7424 4848 | 8f44 2428 | 498b d248 

  0x00007f6c949b3360: ;   {oop("type-mapper"{0x000000060eb63858})}
  0x00007f6c949b3360: c1e2 0348 | be58 38b6 | 0e06 0000 | 0066 6690 

  0x00007f6c949b3370: ;   {optimized virtual_call}
  0x00007f6c949b3370: c5f8 77e8 

  0x00007f6c949b3374: ; ImmutableOopMap {rbp=Oop [8]=Oop [16]=Oop [24]=Oop [32]=Oop [40]=Oop [56]=Oop [64]=Oop [72]=Oop }
                      ;*invokevirtual equals {reexecute=0 rethrow=0 return_oop=0}
                      ; - java.util.HashMap::getNode@128 (line 585)
                      ; - java.util.HashMap::get@2 (line 564)
                      ; - com.sun.jna.Function::invoke@54 (line 338)
  0x00007f6c949b3374: 0820 5dff 

  0x00007f6c949b3378: ;   {other}
  0x00007f6c949b3378: 0f1f 8400 | 680e 000e | 85c0 0f84 | fc05 0000 | 448b 6c24 | 304c 8b74 | 2438 4c8b | 4424 40e9 
  0x00007f6c949b3398: 5ff6 ffff | 4b8d 2cdc | 8b4d 0c41 | 3bc8 741f | 8b4d 1849 | 8bbf 5804 | 0000 4c8b 

  0x00007f6c949b33b4: ; ImmutableOopMap {r10=Oop r9=Oop rcx=NarrowOop r14=Oop [8]=Oop [16]=Oop [24]=Oop [32]=Oop [72]=Oop }
                      ;*ifnonnull {reexecute=1 rethrow=0 return_oop=0}
                      ; - (reexecute) java.util.HashMap::getNode@145 (line 587)
                      ; - java.util.HashMap::get@2 (line 564)
                      ; - com.sun.jna.Function::invoke@71 (line 339)
                      ;   {poll}
  0x00007f6c949b33b4: 5424 4885 | 0785 c90f | 8425 f7ff | ff49 8d2c | cceb d944 

  0x00007f6c949b33c8: ;   {oop("allow-objects"{0x000000060eb63870})}
  0x00007f6c949b33c8: 8b55 1041 | 81fa 0ec7 | d6c1 0f84 | e3f7 ffff | 4489 4424 | 504c 894c | 2440 4c89 | 7424 3844 
  0x00007f6c949b33e8: 896c 2430 | 48ff 7424 | 4848 8f44 | 2428 498b | d248 c1e2 

  0x00007f6c949b33fc: ;   {oop("allow-objects"{0x000000060eb63870})}
  0x00007f6c949b33fc: 0348 be70 | 38b6 0e06 | 0000 0090 

  0x00007f6c949b3408: ;   {optimized virtual_call}
  0x00007f6c949b3408: c5f8 77e8 

  0x00007f6c949b340c: ; ImmutableOopMap {rbp=Oop [8]=Oop [16]=Oop [24]=Oop [32]=Oop [40]=Oop [56]=Oop [64]=Oop [72]=Oop }
                      ;*invokevirtual equals {reexecute=0 rethrow=0 return_oop=0}
                      ; - java.util.HashMap::getNode@128 (line 585)
                      ; - java.util.HashMap::get@2 (line 564)
                      ; - com.sun.jna.Function::invoke@71 (line 339)
  0x00007f6c949b340c: 701f 5dff 

  0x00007f6c949b3410: ;   {other}
  0x00007f6c949b3410: 0f1f 8400 | 000f 0010 | 85c0 0f84 | 8805 0000 | 448b 6c24 | 304c 8b74 | 2438 4c8b | 4c24 40e9 
  0x00007f6c949b3430: 87f7 ffff | 4c8b 4c24 | 2845 8b19 | 4585 db0f | 846a fbff | ff4d 8b57 | 2849 8bfb | 48c1 e703 
  0x00007f6c949b3450: 4d85 d20f | 84ce 0100 | 0049 8be9 | 4d8b 5f38 | 4b89 7c13 | f849 83c2 | f84d 8957 | 284c 8bcd 
  0x00007f6c949b3470: e93a fbff | ff4d 8b57 | 584d 8b5f | 48f0 8344 | 24c0 0080 | 3f00 0f84 | 66fb ffff | 4488 274d 
  0x00007f6c949b3490: 85db 7526 | 418b e849 | 8bf7 c5f8 | 7749 ba20 | 907c a56c | 7f00 0041 

  0x00007f6c949b34a8: ;   {other}
  0x00007f6c949b34a8: ffd2 0f1f | 8400 0000 | 0000 448b | c5e9 38fb | ffff 4b89 | 7c1a f849 | 83c3 f84d | 895f 48e9 
  0x00007f6c949b34c8: 26fb ffff | 448b 1b45 | 85db 0f84 | d8f7 ffff | 4d8b 5728 | 498b fb48 | c1e7 034d | 85d2 0f84 
  0x00007f6c949b34e8: 7801 0000 | 4d8b 5f38 | 4b89 7c13 | f849 83c2 | f84d 8957 | 28e9 aef7 | ffff 4d8b | 5758 4d8b 
  0x00007f6c949b3508: 5f48 f083 | 4424 c000 | 803f 000f | 84d8 f7ff | ff44 8827 | 4d85 db75 | 2049 8bf7 | c5f8 7749 
  0x00007f6c949b3528: ba20 907c | a56c 7f00 | 0041 ffd2 

  0x00007f6c949b3534: ;   {other}
  0x00007f6c949b3534: 0f1f 8400 | 0000 0000 | e9b0 f7ff | ff4b 897c | 1af8 4983 | c3f8 4d89 | 5f48 e99e | f7ff ff41 
  0x00007f6c949b3554: 807f 4000 | 0f85 f201 

  0x00007f6c949b355c: ;   {oop(a 'java/lang/NullPointerException'{0x000000060be6c448})}
  0x00007f6c949b355c: 0000 49ba | 48c4 e60b | 0600 0000 | 4589 6214 | 498b f2c5 | f877 4883 

  0x00007f6c949b3574: ;   {runtime_call _rethrow_Java}
  0x00007f6c949b3574: c470 5de9 | 8418 6aff | 4889 5424 | 3844 896c | 2430 498b 

  0x00007f6c949b3588: ;   {metadata('java/lang/Object'[])}
  0x00007f6c949b3588: e948 be78 | 1300 266c | 7f00 0041 | 8bd5 6690 

  0x00007f6c949b3598: ;   {runtime_call _new_array_Java}
  0x00007f6c949b3598: c5f8 77e8 

  0x00007f6c949b359c: ; ImmutableOopMap {rbp=Oop [8]=Oop [16]=Oop [24]=Oop [32]=Oop [40]=Oop [72]=Oop }
                      ;*anewarray {reexecute=0 rethrow=0 return_oop=1}
                      ; - com.sun.jna.Function::invoke@33 (line 334)
  0x00007f6c949b359c: e038 60ff 

  0x00007f6c949b35a0: ;   {other}
  0x00007f6c949b35a0: 0f1f 8400 | 9010 0011 | 448b 6c24 | 3048 8b54 | 2438 e939 | f3ff ff33 | c945 33db | e9bc f3ff 
  0x00007f6c949b35c0: ff45 33d2 | 4533 c0e9 | 76f5 ffff 

  0x00007f6c949b35cc: ;   {oop("type-mapper"{0x000000060eb63858})}
  0x00007f6c949b35cc: 49ba 5838 | b60e 0600 | 0000 41c6 | 4211 0133 | c945 33db | 448b 6c24 | 284c 8b74 | 2430 4c8b 
  0x00007f6c949b35ec: 4424 384c | 8b4c 2440 | e984 f3ff 

  0x00007f6c949b35f8: ;   {oop("allow-objects"{0x000000060eb63870})}
  0x00007f6c949b35f8: ff49 ba70 | 38b6 0e06 | 0000 0041 | c642 1101 | 4533 d245 | 33c0 448b | 6c24 284c | 8b74 2430 
  0x00007f6c949b3618: 4c8b 4c24 | 3848 8b4c | 2440 e91b | f5ff ff49 | 8be9 498b | f7c5 f877 | 49ba 0090 | 7ca5 6c7f 
  0x00007f6c949b3638: 0000 41ff 

  0x00007f6c949b363c: ;   {other}
  0x00007f6c949b363c: d20f 1f84 | 0000 0000 | 00e9 23fe | ffff be45 | ffff ff89 | 4c24 2090 

  0x00007f6c949b3654: ;   {runtime_call UncommonTrapBlob}
  0x00007f6c949b3654: c5f8 77e8 

  0x00007f6c949b3658: ; ImmutableOopMap {rbp=NarrowOop [24]=Oop [48]=Oop [72]=Oop }
                      ;*ifeq {reexecute=1 rethrow=0 return_oop=0}
                      ; - (reexecute) com.sun.jna.Function::invoke@364 (line 382)
  0x00007f6c949b3658: a478 5dff 

  0x00007f6c949b365c: ;   {other}
  0x00007f6c949b365c: 0f1f 8400 | 4c11 0012 | 498b f7c5 | f877 49ba | 0090 7ca5 | 6c7f 0000 

  0x00007f6c949b3674: ;   {other}
  0x00007f6c949b3674: 41ff d20f | 1f84 0000 | 0000 00e9 | 2cf6 ffff | bede ffff | ff8b 6c24 | 2466 6690 

  0x00007f6c949b3690: ;   {runtime_call UncommonTrapBlob}
  0x00007f6c949b3690: c5f8 77e8 

  0x00007f6c949b3694: ; ImmutableOopMap {rbp=NarrowOop }
                      ;*checkcast {reexecute=0 rethrow=0 return_oop=0}
                      ; - com.sun.jna.Function::invoke@456 (line 392)
  0x00007f6c949b3694: 6878 5dff 

  0x00007f6c949b3698: ;   {other}
  0x00007f6c949b3698: 0f1f 8400 | 8811 0013 | be76 ffff | ff48 8b6c | 2408 4c89 | 4424 084c | 8954 2410 | 4c8b 5424 
  0x00007f6c949b36b8: 204c 8954 | 2418 4c89 | 7424 284c | 894c 2430 | 4489 5c24 | 3844 896c | 243c 6690 

  0x00007f6c949b36d4: ;   {runtime_call UncommonTrapBlob}
  0x00007f6c949b36d4: c5f8 77e8 

  0x00007f6c949b36d8: ; ImmutableOopMap {rbp=Oop [8]=Oop [16]=Oop [24]=Oop [40]=Oop [48]=Oop [72]=Oop }
                      ;*if_icmpge {reexecute=1 rethrow=0 return_oop=0}
                      ; - (reexecute) com.sun.jna.Function::invoke@129 (line 342)
  0x00007f6c949b36d8: 2478 5dff 

  0x00007f6c949b36dc: ;   {other}
  0x00007f6c949b36dc: 0f1f 8400 | cc11 0014 | be45 ffff | ff48 8b6c | 2408 4c8b | 5c24 104c | 895c 2408 | 4c89 5424 
  0x00007f6c949b36fc: 1066 6690 

  0x00007f6c949b3700: ;   {runtime_call UncommonTrapBlob}
  0x00007f6c949b3700: c5f8 77e8 

  0x00007f6c949b3704: ; ImmutableOopMap {rbp=Oop [8]=Oop [16]=Oop [48]=Oop [72]=Oop }
                      ;*ifeq {reexecute=1 rethrow=0 return_oop=0}
                      ; - (reexecute) com.sun.jna.Function::invoke@210 (line 353)
  0x00007f6c949b3704: f877 5dff 

  0x00007f6c949b3708: ;   {other}
  0x00007f6c949b3708: 0f1f 8400 | f811 0015 | bede ffff | ff48 8b6c | 2408 4c8b | 5424 104c | 8954 2408 | 4c8b 5424 
  0x00007f6c949b3728: 184c 8954 | 2410 4c8b | 5424 204c | 8954 2418 | 4c89 7424 | 3066 6690 

  0x00007f6c949b3740: ;   {runtime_call UncommonTrapBlob}
  0x00007f6c949b3740: c5f8 77e8 

  0x00007f6c949b3744: ; ImmutableOopMap {rbp=Oop [8]=Oop [16]=Oop [24]=Oop [40]=Oop [48]=Oop [72]=Oop }
                      ;*invokeinterface get {reexecute=0 rethrow=0 return_oop=0}
                      ; - com.sun.jna.Function::invoke@54 (line 338)
  0x00007f6c949b3744: b877 5dff 

  0x00007f6c949b3748: ;   {other}
  0x00007f6c949b3748: 0f1f 8400 | 3812 0016 

  0x00007f6c949b3750: ;   {oop(a 'java/lang/NullPointerException'{0x000000060be6c448})}
  0x00007f6c949b3750: 49ba 48c4 | e60b 0600 | 0000 458b | 5a14 4585 | db0f 84f7 | fdff ff4d | 8b57 2849 | 8bfb 48c1 
  0x00007f6c949b3770: e703 4d85 | d20f 845d | 0200 004d | 8b5f 384b | 897c 13f8 | 4983 c2f8 | 4d89 5728 | e9cd fdff 
  0x00007f6c949b3790: ffbe 54ff | ffff 488b | 6c24 084c | 8b5c 2410 | 4c89 5c24 | 0848 ff74 | 2430 488f | 4424 2044 
  0x00007f6c949b37b0: 8b5c 2440 | 4489 5c24 | 304c 8954 | 2438 4c89 | 4424 4090 

  0x00007f6c949b37c4: ;   {runtime_call UncommonTrapBlob}
  0x00007f6c949b37c4: c5f8 77e8 

  0x00007f6c949b37c8: ; ImmutableOopMap {rbp=Oop [8]=Oop [32]=Oop [56]=Oop [64]=Oop [72]=Oop }
                      ;*ifnull {reexecute=1 rethrow=0 return_oop=0}
                      ; - (reexecute) com.sun.jna.Function::invoke@235 (line 357)
  0x00007f6c949b37c8: 3477 5dff 

  0x00007f6c949b37cc: ;   {other}
  0x00007f6c949b37cc: 0f1f 8400 | bc12 0017 | be76 ffff | ff48 ff74 | 2430 488f | 4424 104c | 8b54 2438 | 4c89 5424 
  0x00007f6c949b37ec: 284c 895c | 2438 6690 

  0x00007f6c949b37f4: ;   {runtime_call UncommonTrapBlob}
  0x00007f6c949b37f4: c5f8 77e8 

  0x00007f6c949b37f8: ; ImmutableOopMap {[16]=Oop [24]=Oop [40]=Oop [56]=Oop [64]=Oop [72]=Oop }
                      ;*if_icmpge {reexecute=1 rethrow=0 return_oop=0}
                      ; - (reexecute) com.sun.jna.Function::invoke@469 (line 393)
  0x00007f6c949b37f8: 0477 5dff 

  0x00007f6c949b37fc: ;   {other}
  0x00007f6c949b37fc: 0f1f 8400 | ec12 0018 | be76 ffff | ff4c 8b54 | 2448 498b | ea48 8944 | 2410 6690 

  0x00007f6c949b3818: ;   {runtime_call UncommonTrapBlob}
  0x00007f6c949b3818: c5f8 77e8 

  0x00007f6c949b381c: ; ImmutableOopMap {rbp=Oop [16]=Oop [48]=Oop }
                      ;*if_icmpge {reexecute=1 rethrow=0 return_oop=0}
                      ; - (reexecute) com.sun.jna.Function::invoke@341 (line 378)
  0x00007f6c949b381c: e076 5dff 

  0x00007f6c949b3820: ;   {other}
  0x00007f6c949b3820: 0f1f 8400 | 1013 0019 | be45 ffff | ff48 8b6c | 2408 4c8b | 5424 104c | 8954 2408 | 4c8b 5424 
  0x00007f6c949b3840: 184c 8954 | 2410 4c8b | 5424 204c | 8954 2418 | 4c89 7424 | 284c 894c | 2430 4489 | 5c24 3844 
  0x00007f6c949b3860: 896c 243c 

  0x00007f6c949b3864: ;   {runtime_call UncommonTrapBlob}
  0x00007f6c949b3864: c5f8 77e8 

  0x00007f6c949b3868: ; ImmutableOopMap {rbp=Oop [8]=Oop [16]=Oop [24]=Oop [40]=Oop [48]=Oop [72]=Oop }
                      ;*ifle {reexecute=1 rethrow=0 return_oop=0}
                      ; - (reexecute) com.sun.jna.Function::invoke@84 (line 340)
  0x00007f6c949b3868: 9476 5dff 

  0x00007f6c949b386c: ;   {other}
  0x00007f6c949b386c: 0f1f 8400 | 5c13 001a | be45 ffff | ff41 8bed 

  0x00007f6c949b387c: ;   {runtime_call UncommonTrapBlob}
  0x00007f6c949b387c: c5f8 77e8 

  0x00007f6c949b3880: ; ImmutableOopMap {}
                      ;*if_icmple {reexecute=1 rethrow=0 return_oop=0}
                      ; - (reexecute) com.sun.jna.Function::invoke@17 (line 331)
  0x00007f6c949b3880: 7c76 5dff 

  0x00007f6c949b3884: ;   {other}
  0x00007f6c949b3884: 0f1f 8400 | 7413 001b | be45 ffff | ff48 8b6c | 2408 4c89 | 4424 084c | 8b44 2418 | 4c89 4424 
  0x00007f6c949b38a4: 104c 8b44 | 2420 4c89 | 4424 184c | 8974 2428 | 4c89 4c24 | 3044 895c | 2438 4489 | 5424 3c90 
  0x00007f6c949b38c4: ;   {runtime_call UncommonTrapBlob}
  0x00007f6c949b38c4: c5f8 77e8 

  0x00007f6c949b38c8: ; ImmutableOopMap {rbp=Oop [8]=Oop [16]=Oop [24]=Oop [40]=Oop [48]=Oop [72]=Oop }
                      ;*ifeq {reexecute=1 rethrow=0 return_oop=0}
                      ; - (reexecute) java.lang.reflect.Executable::isVarArgs@8 (line 532)
                      ; - java.lang.reflect.Method::isVarArgs@1 (line 677)
                      ; - com.sun.jna.VarArgsChecker$RealVarArgsChecker::isVarArgs@1 (line 47)
                      ; - com.sun.jna.Function::isVarArgs@4 (line 802)
                      ; - com.sun.jna.Function::invoke@92 (line 340)
  0x00007f6c949b38c8: 3476 5dff 

  0x00007f6c949b38cc: ;   {other}
  0x00007f6c949b38cc: 0f1f 8400 | bc13 001c | be45 ffff | ff48 8b6c | 2408 4c8b | 5424 104c | 8954 2408 | 4c8b 5424 
  0x00007f6c949b38ec: 184c 8954 | 2410 4c8b | 5424 204c | 8954 2418 | 4c89 4424 | 284c 8974 | 2430 894c | 2438 6690 
  0x00007f6c949b390c: ;   {runtime_call UncommonTrapBlob}
  0x00007f6c949b390c: c5f8 77e8 

  0x00007f6c949b3910: ; ImmutableOopMap {rbp=Oop [8]=Oop [16]=Oop [24]=Oop [40]=Oop [48]=Oop [72]=Oop }
                      ;*ifle {reexecute=1 rethrow=0 return_oop=0}
                      ; - (reexecute) java.util.HashMap::getNode@14 (line 575)
                      ; - java.util.HashMap::get@2 (line 564)
                      ; - com.sun.jna.Function::invoke@54 (line 338)
  0x00007f6c949b3910: ec75 5dff 

  0x00007f6c949b3914: ;   {other}
  0x00007f6c949b3914: 0f1f 8400 | 0414 001d | be45 ffff | ff48 8b6c | 2408 4c8b | 5c24 104c | 895c 2408 | 4c8b 5c24 
  0x00007f6c949b3934: 184c 895c | 2410 4c8b | 5c24 204c | 895c 2418 | 4c89 7424 | 284c 894c | 2430 4489 | 5424 3890 
  0x00007f6c949b3954: ;   {runtime_call UncommonTrapBlob}
  0x00007f6c949b3954: c5f8 77e8 

  0x00007f6c949b3958: ; ImmutableOopMap {rbp=Oop [8]=Oop [16]=Oop [24]=Oop [40]=Oop [48]=Oop [72]=Oop }
                      ;*ifle {reexecute=1 rethrow=0 return_oop=0}
                      ; - (reexecute) java.util.HashMap::getNode@14 (line 575)
                      ; - java.util.HashMap::get@2 (line 564)
                      ; - com.sun.jna.Function::invoke@71 (line 339)
  0x00007f6c949b3958: a475 5dff 

  0x00007f6c949b395c: ;   {other}
  0x00007f6c949b395c: 0f1f 8400 | 4c14 001e | be45 ffff | ff4c 8b54 | 2418 4c89 | 5424 1090 

  0x00007f6c949b3974: ;   {runtime_call UncommonTrapBlob}
  0x00007f6c949b3974: c5f8 77e8 

  0x00007f6c949b3978: ; ImmutableOopMap {[16]=Oop [36]=NarrowOop [48]=Oop [72]=Oop }
                      ;*ifeq {reexecute=1 rethrow=0 return_oop=0}
                      ; - (reexecute) com.sun.jna.Function::invoke@522 (line 399)
  0x00007f6c949b3978: 8475 5dff 

  0x00007f6c949b397c: ;   {other}
  0x00007f6c949b397c: 0f1f 8400 | 6c14 001f | be45 ffff | ff4c 8b54 | 2440 4c89 | 5424 3089 | 4424 4490 

  0x00007f6c949b3998: ;   {runtime_call UncommonTrapBlob}
  0x00007f6c949b3998: c5f8 77e8 

  0x00007f6c949b399c: ; ImmutableOopMap {rbp=Oop [8]=Oop [16]=Oop [24]=Oop [32]=Oop [40]=Oop [48]=Oop [56]=Oop }
                      ;*ifeq {reexecute=1 rethrow=0 return_oop=0}
                      ; - (reexecute) java.util.HashMap::getNode@131 (line 585)
                      ; - java.util.HashMap::get@2 (line 564)
                      ; - com.sun.jna.Function::invoke@54 (line 338)
  0x00007f6c949b399c: 6075 5dff 

  0x00007f6c949b39a0: ;   {other}
  0x00007f6c949b39a0: 0f1f 8400 | 9014 0020 | be45 ffff | ff4c 8b54 | 2438 4c89 | 5424 304c | 8b54 2440 | 4c89 5424 
  0x00007f6c949b39c0: 3889 4424 | 4466 6690 

  0x00007f6c949b39c8: ;   {runtime_call UncommonTrapBlob}
  0x00007f6c949b39c8: c5f8 77e8 

  0x00007f6c949b39cc: ; ImmutableOopMap {rbp=Oop [8]=Oop [16]=Oop [24]=Oop [32]=Oop [40]=Oop [48]=Oop [56]=Oop }
                      ;*ifeq {reexecute=1 rethrow=0 return_oop=0}
                      ; - (reexecute) java.util.HashMap::getNode@131 (line 585)
                      ; - java.util.HashMap::get@2 (line 564)
                      ; - com.sun.jna.Function::invoke@71 (line 339)
  0x00007f6c949b39cc: 3075 5dff 

  0x00007f6c949b39d0: ;   {other}
  0x00007f6c949b39d0: 0f1f 8400 | c014 0021 | 498b f7c5 | f877 49ba | 0090 7ca5 | 6c7f 0000 

  0x00007f6c949b39e8: ;   {other}
  0x00007f6c949b39e8: 41ff d20f | 1f84 0000 | 0000 00e9 | 66fb ffff | bede ffff | ff4c 8b54 | 2418 4c89 | 5424 1044 
  0x00007f6c949b3a08: 8b5c 2420 | 4489 5c24 | 1844 894c | 2420 6690 

  0x00007f6c949b3a18: ;   {runtime_call UncommonTrapBlob}
  0x00007f6c949b3a18: c5f8 77e8 

  0x00007f6c949b3a1c: ; ImmutableOopMap {[16]=Oop [32]=NarrowOop [36]=NarrowOop [48]=Oop [72]=Oop }
                      ;*checkcast {reexecute=0 rethrow=0 return_oop=0}
                      ; - com.sun.jna.Function::invoke@402 (line 387)
  0x00007f6c949b3a1c: e074 5dff 

  0x00007f6c949b3a20: ;   {other}
  0x00007f6c949b3a20: 0f1f 8400 | 1015 0022 | bef4 ffff | ff89 4c24 | 2066 6690 

  0x00007f6c949b3a34: ;   {runtime_call UncommonTrapBlob}
  0x00007f6c949b3a34: c5f8 77e8 

  0x00007f6c949b3a38: ; ImmutableOopMap {rbp=NarrowOop [24]=Oop [48]=Oop [72]=Oop }
                      ;*instanceof {reexecute=0 rethrow=0 return_oop=0}
                      ; - com.sun.jna.Function::invoke@391 (line 386)
  0x00007f6c949b3a38: c474 5dff 

  0x00007f6c949b3a3c: ;   {other}
  0x00007f6c949b3a3c: 0f1f 8400 | 2c15 0023 | bef4 ffff | ff4c 8b54 | 2418 4c89 | 5424 1090 

  0x00007f6c949b3a54: ;   {runtime_call UncommonTrapBlob}
  0x00007f6c949b3a54: c5f8 77e8 

  0x00007f6c949b3a58: ; ImmutableOopMap {[16]=Oop [36]=NarrowOop [48]=Oop [72]=Oop }
                      ;*instanceof {reexecute=0 rethrow=0 return_oop=0}
                      ; - com.sun.jna.Function::invoke@415 (line 388)
  0x00007f6c949b3a58: a474 5dff 

  0x00007f6c949b3a5c: ;   {other}
  0x00007f6c949b3a5c: 0f1f 8400 | 4c15 0024 | be45 ffff | ff89 4c24 | 2066 6690 

  0x00007f6c949b3a70: ;   {runtime_call UncommonTrapBlob}
  0x00007f6c949b3a70: c5f8 77e8 

  0x00007f6c949b3a74: ; ImmutableOopMap {rbp=NarrowOop [24]=Oop [48]=Oop [72]=Oop }
                      ;*ifnonnull {reexecute=1 rethrow=0 return_oop=0}
                      ; - (reexecute) com.sun.jna.Function::invoke@353 (line 380)
  0x00007f6c949b3a74: 8874 5dff 

  0x00007f6c949b3a78: ;   {other}
  0x00007f6c949b3a78: 0f1f 8400 | 6815 0025 | bef6 ffff | ff66 6690 

  0x00007f6c949b3a88: ;   {runtime_call UncommonTrapBlob}
  0x00007f6c949b3a88: c5f8 77e8 

  0x00007f6c949b3a8c: ; ImmutableOopMap {}
                      ;*invokeinterface get {reexecute=0 rethrow=0 return_oop=0}
                      ; - com.sun.jna.Function::invoke@54 (line 338)
  0x00007f6c949b3a8c: 7074 5dff 

  0x00007f6c949b3a90: ;   {other}
  0x00007f6c949b3a90: 0f1f 8400 | 8015 0026 | be45 ffff | ff48 8b6c | 2408 4889 | 5424 0848 | 894c 2410 | 4c89 4424 
  0x00007f6c949b3ab0: 184c 894c | 2430 6690 

  0x00007f6c949b3ab8: ;   {runtime_call UncommonTrapBlob}
  0x00007f6c949b3ab8: c5f8 77e8 

  0x00007f6c949b3abc: ; ImmutableOopMap {rbp=Oop [8]=Oop [16]=Oop [24]=Oop [40]=Oop [48]=Oop [72]=Oop }
                      ;*ifnull {reexecute=1 rethrow=0 return_oop=0}
                      ; - (reexecute) com.sun.jna.Function::invoke@8 (line 330)
  0x00007f6c949b3abc: 4074 5dff 

  0x00007f6c949b3ac0: ;   {other}
  0x00007f6c949b3ac0: 0f1f 8400 | b015 0027 | be45 ffff | ff48 8b6c | 2408 4c8b | 5424 184c | 8954 2410 | 4c8b 5424 
  0x00007f6c949b3ae0: 204c 8954 | 2418 4c89 | 7424 284c | 894c 2430 | 4489 5c24 | 384c 8944 | 2440 6690 

  0x00007f6c949b3afc: ;   {runtime_call UncommonTrapBlob}
  0x00007f6c949b3afc: c5f8 77e8 

  0x00007f6c949b3b00: ; ImmutableOopMap {rbp=Oop [16]=Oop [24]=Oop [40]=Oop [48]=Oop [64]=Oop [72]=Oop }
                      ;*ifnull {reexecute=1 rethrow=0 return_oop=0}
                      ; - (reexecute) com.sun.jna.Function::invoke@88 (line 340)
  0x00007f6c949b3b00: fc73 5dff 

  0x00007f6c949b3b04: ;   {other}
  0x00007f6c949b3b04: 0f1f 8400 | f415 0028 | eb1a eb18 | eb16 eb14 | eb12 eb10 | eb0e eb0c | eb0a eb08 | eb06 eb04 
  0x00007f6c949b3b24: eb02 eb00 | 4c8b d0e9 | 3cfa ffff 

  0x00007f6c949b3b30: ;   {internal_word}
  0x00007f6c949b3b30: 49ba b62a | 9b94 6c7f | 0000 4d89 | 9768 0400 

  0x00007f6c949b3b40: ;   {runtime_call SafepointBlob}
  0x00007f6c949b3b40: 00e9 ba84 

  0x00007f6c949b3b44: ;   {runtime_call StubRoutines (final stubs)}
  0x00007f6c949b3b44: 5dff e855 | 795b ffe9 | 0aed ffff 
[Stub Code]
  0x00007f6c949b3b50: ;   {no_reloc}
  0x00007f6c949b3b50: 48bb 0000 | 0000 0000 

  0x00007f6c949b3b58: ;   {runtime_call nmethod}
  0x00007f6c949b3b58: 0000 e9fb 

  0x00007f6c949b3b5c: ;   {static_stub}
  0x00007f6c949b3b5c: ffff ff48 | bb00 0000 | 0000 0000 

  0x00007f6c949b3b68: ;   {runtime_call nmethod}
  0x00007f6c949b3b68: 00e9 fbff 

  0x00007f6c949b3b6c: ;   {static_stub}
  0x00007f6c949b3b6c: ffff 48bb | 0000 0000 | 0000 0000 

  0x00007f6c949b3b78: ;   {runtime_call nmethod}
  0x00007f6c949b3b78: e9fb ffff 

  0x00007f6c949b3b7c: ;   {static_stub}
  0x00007f6c949b3b7c: ff48 bb00 | 0000 0000 

  0x00007f6c949b3b84: ;   {runtime_call nmethod}
  0x00007f6c949b3b84: 0000 00e9 | fbff ffff 

  0x00007f6c949b3b8c: ;   {static_stub}
  0x00007f6c949b3b8c: 48bb 0000 | 0000 0000 

  0x00007f6c949b3b94: ;   {runtime_call nmethod}
  0x00007f6c949b3b94: 0000 e9fb 

  0x00007f6c949b3b98: ;   {static_stub}
  0x00007f6c949b3b98: ffff ff48 | bb00 0000 | 0000 0000 

  0x00007f6c949b3ba4: ;   {runtime_call nmethod}
  0x00007f6c949b3ba4: 00e9 fbff 

  0x00007f6c949b3ba8: ;   {static_stub}
  0x00007f6c949b3ba8: ffff 48bb | 0000 0000 | 0000 0000 

  0x00007f6c949b3bb4: ;   {runtime_call nmethod}
  0x00007f6c949b3bb4: e9fb ffff 

  0x00007f6c949b3bb8: ;   {static_stub}
  0x00007f6c949b3bb8: ff48 bb00 | 0000 0000 

  0x00007f6c949b3bc0: ;   {runtime_call nmethod}
  0x00007f6c949b3bc0: 0000 00e9 | fbff ffff 
[Exception Handler]
  0x00007f6c949b3bc8: ;   {runtime_call ExceptionBlob}
  0x00007f6c949b3bc8: e9b3 3860 | ffe8 0000 | 0000 4883 

  0x00007f6c949b3bd4: ;   {runtime_call DeoptimizationBlob}
  0x00007f6c949b3bd4: 2c24 05e9 | c476 5dff | f4f4 f4f4 
[/MachCode]


---------------  P R O C E S S  ---------------

Threads class SMR info:
_java_thread_list=0x00007f6c0c2fd190, length=57, elements={
0x00007f6ca00394c0, 0x00007f6ca0140970, 0x00007f6ca0143bc0, 0x00007f6ca0145140,
0x00007f6ca01468d0, 0x00007f6ca0147f20, 0x00007f6ca01494c0, 0x00007f6ca014b000,
0x00007f6ca01546b0, 0x00007f6ca080e1d0, 0x00007f6ca08129d0, 0x00007f6ca0854140,
0x00007f6c78034520, 0x00007f6c740089f0, 0x00007f6ca092e1b0, 0x00007f6ca0979160,
0x00007f6ca09806a0, 0x00007f6ca0bd3f90, 0x00007f6ca0bd4980, 0x00007f6c0c008c60,
0x00007f6c0c02a030, 0x00007f6ca0eadb80, 0x00007f6c148c0b80, 0x00007f6ca0eaf140,
0x00007f6c200ac640, 0x00007f6c784c0d90, 0x00007f6c78ce7b90, 0x00007f6c784c2ae0,
0x00007f6c784c4450, 0x00007f6c6800d440, 0x00007f6c200b0460, 0x00007f6c18a7a320,
0x00007f6c149daf20, 0x00007f6c6c020e80, 0x00007f6c7c019520, 0x00007f6ca10ad450,
0x00007f6c7436c270, 0x00007f6c784c6290, 0x00007f6c7c99fe70, 0x00007f6c6c037470,
0x00007f6c78c277a0, 0x00007f6c18a780c0, 0x00007f6c14a1b140, 0x00007f6c682bcd30,
0x00007f6c682f7ed0, 0x00007f6c68366b90, 0x00007f6c68b1b400, 0x0000557846450850,
0x00007f6c6a47b850, 0x00007f6c7835a0e0, 0x00007f6c7811fbc0, 0x00007f6c6abc1380,
0x00007f6c6b0f31e0, 0x00007f6c6a8b6fc0, 0x00007f6c6ab1ef20, 0x00007f6c1456cfa0,
0x00007f6c142c2000
}

Java Threads: ( => current thread )
  0x00007f6ca00394c0 JavaThread "main"                              [_thread_blocked, id=3231227, stack(0x00007f6ca4df8000,0x00007f6ca4ef8000) (1024K)]
  0x00007f6ca0140970 JavaThread "Common-Cleaner"             daemon [_thread_blocked, id=3231235, stack(0x00007f6c73500000,0x00007f6c73600000) (1024K)]
  0x00007f6ca0143bc0 JavaThread "Reference Handler"          daemon [_thread_blocked, id=3231236, stack(0x00007f6c733ff000,0x00007f6c734ff000) (1024K)]
  0x00007f6ca0145140 JavaThread "Finalizer"                  daemon [_thread_blocked, id=3231237, stack(0x00007f6c732fe000,0x00007f6c733fe000) (1024K)]
  0x00007f6ca01468d0 JavaThread "Signal Dispatcher"          daemon [_thread_blocked, id=3231238, stack(0x00007f6c731fd000,0x00007f6c732fd000) (1024K)]
  0x00007f6ca0147f20 JavaThread "Service Thread"             daemon [_thread_blocked, id=3231239, stack(0x00007f6c730fc000,0x00007f6c731fc000) (1024K)]
  0x00007f6ca01494c0 JavaThread "Monitor Deflation Thread"   daemon [_thread_blocked, id=3231240, stack(0x00007f6c72ffb000,0x00007f6c730fb000) (1024K)]
  0x00007f6ca014b000 JavaThread "C2 CompilerThread0"         daemon [_thread_blocked, id=3231241, stack(0x00007f6c72efa000,0x00007f6c72ffa000) (1024K)]
  0x00007f6ca01546b0 JavaThread "C1 CompilerThread0"         daemon [_thread_blocked, id=3231242, stack(0x00007f6c72d28000,0x00007f6c72e28000) (1024K)]
  0x00007f6ca080e1d0 JavaThread "process reaper (pid 3231244)" daemon [_thread_in_native, id=3231246, stack(0x00007f6c9fedd000,0x00007f6c9feff000) (136K)]
  0x00007f6ca08129d0 JavaThread "DevTools: Stderr"           daemon [_thread_in_native, id=3231250, stack(0x00007f6c72b26000,0x00007f6c72c26000) (1024K)]
  0x00007f6ca0854140 JavaThread "Hot Reload Main"            daemon [_thread_blocked, id=3231287, stack(0x00007f6c72c27000,0x00007f6c72d27000) (1024K)]
  0x00007f6c78034520 JavaThread "Orchestration IO: Writer"   daemon [_thread_blocked, id=3231292, stack(0x00007f6c72a25000,0x00007f6c72b25000) (1024K)]
  0x00007f6c740089f0 JavaThread "Orchestration IO: Reader"   daemon [_thread_in_native, id=3231300, stack(0x00007f6c72924000,0x00007f6c72a24000) (1024K)]
  0x00007f6ca092e1b0 JavaThread "Logger"                     daemon [_thread_blocked, id=3231344, stack(0x00007f6c71e19000,0x00007f6c71f19000) (1024K)]
  0x00007f6ca0979160 JavaThread "Notification Thread"        daemon [_thread_blocked, id=3231346, stack(0x00007f6c71c17000,0x00007f6c71d17000) (1024K)]
  0x00007f6ca09806a0 JavaThread "Compose Runtime Analyzer"   daemon [_thread_blocked, id=3231347, stack(0x00007f6c71b16000,0x00007f6c71c16000) (1024K)]
  0x00007f6ca0bd3f90 JavaThread "DefaultDispatcher-worker-1" daemon [_thread_in_native, id=3231363, stack(0x00007f6c71700000,0x00007f6c71800000) (1024K)]
  0x00007f6ca0bd4980 JavaThread "DefaultDispatcher-worker-2" daemon [_thread_blocked, id=3231364, stack(0x00007f6c715ff000,0x00007f6c716ff000) (1024K)]
  0x00007f6c0c008c60 JavaThread "DefaultDispatcher-worker-3" daemon [_thread_blocked, id=3231365, stack(0x00007f6c714fe000,0x00007f6c715fe000) (1024K)]
  0x00007f6c0c02a030 JavaThread "DefaultDispatcher-worker-4" daemon [_thread_blocked, id=3231367, stack(0x00007f6c713fd000,0x00007f6c714fd000) (1024K)]
  0x00007f6ca0eadb80 JavaThread "DefaultDispatcher-worker-5" daemon [_thread_blocked, id=3231402, stack(0x00007f6c70e28000,0x00007f6c70f28000) (1024K)]
  0x00007f6c148c0b80 JavaThread "DefaultDispatcher-worker-6" daemon [_thread_blocked, id=3231403, stack(0x00007f6c70ca9000,0x00007f6c70da9000) (1024K)]
  0x00007f6ca0eaf140 JavaThread "DefaultDispatcher-worker-7" daemon [_thread_blocked, id=3231404, stack(0x00007f6c70ba8000,0x00007f6c70ca8000) (1024K)]
  0x00007f6c200ac640 JavaThread "kotlinx.coroutines.DefaultExecutor" daemon [_thread_blocked, id=3231405, stack(0x00007f6c70240000,0x00007f6c70340000) (1024K)]
  0x00007f6c784c0d90 JavaThread "Java2D Disposer"            daemon [_thread_blocked, id=3231410, stack(0x00007f6c70104000,0x00007f6c70204000) (1024K)]
  0x00007f6c78ce7b90 JavaThread "AWT-XAWT"                   daemon [_thread_in_native, id=3231411, stack(0x00007f6c70003000,0x00007f6c70103000) (1024K)]
  0x00007f6c784c2ae0 JavaThread "AWT-Shutdown"                      [_thread_blocked, id=3231414, stack(0x00007f6c246fd000,0x00007f6c247fd000) (1024K)]
  0x00007f6c784c4450 JavaThread "AWT-EventQueue-0"                  [_thread_in_Java, id=3231415, stack(0x00007f6c245fc000,0x00007f6c246fc000) (1024K)]
  0x00007f6c6800d440 JavaThread "DefaultDispatcher-worker-8" daemon [_thread_blocked, id=3231416, stack(0x00007f6c24432000,0x00007f6c24532000) (1024K)]
  0x00007f6c200b0460 JavaThread "DefaultDispatcher-worker-9" daemon [_thread_blocked, id=3231417, stack(0x00007f6c24331000,0x00007f6c24431000) (1024K)]
  0x00007f6c18a7a320 JavaThread "DefaultDispatcher-worker-10" daemon [_thread_blocked, id=3231418, stack(0x00007f6c0b6ff000,0x00007f6c0b7ff000) (1024K)]
  0x00007f6c149daf20 JavaThread "DefaultDispatcher-worker-11" daemon [_thread_blocked, id=3231419, stack(0x00007f6c0b5fe000,0x00007f6c0b6fe000) (1024K)]
  0x00007f6c6c020e80 JavaThread "DefaultDispatcher-worker-12" daemon [_thread_blocked, id=3231420, stack(0x00007f6c0b4fd000,0x00007f6c0b5fd000) (1024K)]
  0x00007f6c7c019520 JavaThread "DefaultDispatcher-worker-13" daemon [_thread_blocked, id=3231421, stack(0x00007f6c0b3fc000,0x00007f6c0b4fc000) (1024K)]
  0x00007f6ca10ad450 JavaThread "DefaultDispatcher-worker-14" daemon [_thread_blocked, id=3231422, stack(0x00007f6c0b2fb000,0x00007f6c0b3fb000) (1024K)]
  0x00007f6c7436c270 JavaThread "DefaultDispatcher-worker-15" daemon [_thread_blocked, id=3231423, stack(0x00007f6c0b1fa000,0x00007f6c0b2fa000) (1024K)]
  0x00007f6c784c6290 JavaThread "DefaultDispatcher-worker-16" daemon [_thread_blocked, id=3231424, stack(0x00007f6c0b0f9000,0x00007f6c0b1f9000) (1024K)]
  0x00007f6c7c99fe70 JavaThread "DefaultDispatcher-worker-18" daemon [_thread_blocked, id=3231425, stack(0x00007f6c0aff8000,0x00007f6c0b0f8000) (1024K)]
  0x00007f6c6c037470 JavaThread "DefaultDispatcher-worker-17" daemon [_thread_blocked, id=3231426, stack(0x00007f6c0aef7000,0x00007f6c0aff7000) (1024K)]
  0x00007f6c78c277a0 JavaThread "DefaultDispatcher-worker-19" daemon [_thread_blocked, id=3231427, stack(0x00007f6c0adf6000,0x00007f6c0aef6000) (1024K)]
  0x00007f6c18a780c0 JavaThread "DefaultDispatcher-worker-20" daemon [_thread_blocked, id=3231428, stack(0x00007f6c0acf5000,0x00007f6c0adf5000) (1024K)]
  0x00007f6c14a1b140 JavaThread "DefaultDispatcher-worker-21" daemon [_thread_blocked, id=3231429, stack(0x00007f6c0abf4000,0x00007f6c0acf4000) (1024K)]
  0x00007f6c682bcd30 JavaThread "SystemPropertyWatcher"      daemon [_thread_blocked, id=3231430, stack(0x00007f6c0aaf3000,0x00007f6c0abf3000) (1024K)]
  0x00007f6c682f7ed0 JavaThread "TimerQueue"                 daemon [_thread_blocked, id=3231431, stack(0x00007f6c0a9f2000,0x00007f6c0aaf2000) (1024K)]
  0x00007f6c68366b90 JavaThread "Reference Cleaner"          daemon [_thread_blocked, id=3231433, stack(0x00007f6c08b00000,0x00007f6c08c00000) (1024K)]
  0x00007f6c68b1b400 JavaThread "skiko-dispatcher-to-block-on" daemon [_thread_blocked, id=3231444, stack(0x00007f6bf92ff000,0x00007f6bf93ff000) (1024K)]
  0x0000557846450850 JavaThread "skiko-dispatcher-to-block-on" daemon [_thread_blocked, id=3231463, stack(0x00007f6bf2aec000,0x00007f6bf2bec000) (1024K)]
  0x00007f6c6a47b850 JavaThread "DefaultDispatcher-worker-22" daemon [_thread_blocked, id=3231540, stack(0x00007f6bf3441000,0x00007f6bf3541000) (1024K)]
  0x00007f6c7835a0e0 JavaThread "DefaultDispatcher-worker-23" daemon [_thread_blocked, id=3231541, stack(0x00007f6bf01e6000,0x00007f6bf02e6000) (1024K)]
  0x00007f6c7811fbc0 JavaThread "DefaultDispatcher-worker-24" daemon [_thread_blocked, id=3231542, stack(0x00007f6bf00e5000,0x00007f6bf01e5000) (1024K)]
  0x00007f6c6abc1380 JavaThread "JNA Cleaner"                daemon [_thread_blocked, id=3231554, stack(0x00007f6be2700000,0x00007f6be2800000) (1024K)]
=>0x00007f6c6b0f31e0 JavaThread "cove-mpv-render"            daemon [_thread_in_native, id=3231565, stack(0x00007f6bdd435000,0x00007f6bdd535000) (1024K)]
  0x00007f6c6a8b6fc0 JavaThread "cove-mpv-events"            daemon [_thread_in_native, id=3231566, stack(0x00007f6bdd2f4000,0x00007f6bdd3f4000) (1024K)]
  0x00007f6c6ab1ef20 JavaThread "cove-mpv-state"             daemon [_thread_blocked, id=3231567, stack(0x00007f6bdd1f3000,0x00007f6bdd2f3000) (1024K)]
  0x00007f6c1456cfa0 JavaThread "C2 CompilerThread1"         daemon [_thread_blocked, id=3232181, stack(0x00007f6c71f1a000,0x00007f6c7201a000) (1024K)]
  0x00007f6c142c2000 JavaThread "C2 CompilerThread2"         daemon [_thread_blocked, id=3232182, stack(0x00007f6c71d18000,0x00007f6c71e18000) (1024K)]
Total: 57

Other Threads:
  0x00007f6ca0137a20 VMThread "VM Thread"                           [id=3231234, stack(0x00007f6c73be4000,0x00007f6c73ce4000) (1024K)]
  0x00007f6ca01260c0 WatcherThread "VM Periodic Task Thread"        [id=3231233, stack(0x00007f6c73ce5000,0x00007f6c73de5000) (1024K)]
  0x00007f6ca0063ea0 WorkerThread "GC Thread#0"                     [id=3231228, stack(0x00007f6ca4057000,0x00007f6ca4157000) (1024K)]
  0x00007f6c141c75b0 WorkerThread "GC Thread#1"                     [id=3231332, stack(0x00007f6c72823000,0x00007f6c72923000) (1024K)]
  0x00007f6c141c80a0 WorkerThread "GC Thread#2"                     [id=3231333, stack(0x00007f6c72722000,0x00007f6c72822000) (1024K)]
  0x00007f6c141c8b90 WorkerThread "GC Thread#3"                     [id=3231334, stack(0x00007f6c72621000,0x00007f6c72721000) (1024K)]
  0x00007f6c141c9680 WorkerThread "GC Thread#4"                     [id=3231335, stack(0x00007f6c72520000,0x00007f6c72620000) (1024K)]
  0x00007f6c141ca170 WorkerThread "GC Thread#5"                     [id=3231336, stack(0x00007f6c7241f000,0x00007f6c7251f000) (1024K)]
  0x00007f6c141cb050 WorkerThread "GC Thread#6"                     [id=3231337, stack(0x00007f6c7231e000,0x00007f6c7241e000) (1024K)]
  0x00007f6c141cc3b0 WorkerThread "GC Thread#7"                     [id=3231338, stack(0x00007f6c7221d000,0x00007f6c7231d000) (1024K)]
  0x00007f6c141cd2d0 WorkerThread "GC Thread#8"                     [id=3231339, stack(0x00007f6c7211c000,0x00007f6c7221c000) (1024K)]
  0x00007f6c141ce1f0 WorkerThread "GC Thread#9"                     [id=3231340, stack(0x00007f6c7201b000,0x00007f6c7211b000) (1024K)]
  0x00007f6ca0074ee0 ConcurrentGCThread "G1 Main Marker"            [id=3231229, stack(0x00007f6c9ff00000,0x00007f6ca0000000) (1024K)]
  0x00007f6ca0075e80 WorkerThread "G1 Conc#0"                       [id=3231230, stack(0x00007f6c82cac000,0x00007f6c82dac000) (1024K)]
  0x00007f6c74361d40 WorkerThread "G1 Conc#1"                       [id=3231412, stack(0x00007f6c241c0000,0x00007f6c242c0000) (1024K)]
  0x00007f6c74363760 WorkerThread "G1 Conc#2"                       [id=3231413, stack(0x00007f6c240bf000,0x00007f6c241bf000) (1024K)]
  0x00007f6ca0113800 ConcurrentGCThread "G1 Refine#0"               [id=3231231, stack(0x00007f6c800f6000,0x00007f6c801f6000) (1024K)]
  0x00007f6ca01147c0 ConcurrentGCThread "G1 Service"                [id=3231232, stack(0x00007f6c73f00000,0x00007f6c74000000) (1024K)]
Total: 18

Threads with active compile tasks:
Total: 0

VM state: not at safepoint (normal execution)

VM Mutex/Monitor currently owned by a thread: None

Heap address: 0x000000060bc00000, size: 8004 MB, Compressed Oops mode: Zero based, Oop shift amount: 3

CDS archive(s) mapped at: [0x00007f6c26000000-0x00007f6c27c96000-0x00007f6c27c96000), size 29974528, SharedBaseAddress: 0x00007f6c26000000, ArchiveRelocationMode: 1.
Compressed class space mapped at: 0x00007f6c28000000-0x00007f6c68000000, reserved size: 1073741824
Narrow klass base: 0x00007f6c26000000, Narrow klass shift: 0, Narrow klass range: 0x100000000

GC Precious Log:
 CardTable entry size: 512
 Card Set container configuration: InlinePtr #cards 4 size 8 Array Of Cards #cards 32 size 80 Howl #buckets 8 coarsen threshold 7372 Howl Bitmap #cards 1024 size 144 coarsen threshold 921 Card regions per heap region 1 cards per card region 8192
 CPUs: 12 total, 12 available
 Memory: 32009M
 Large Page Support: Disabled
 NUMA Support: Disabled
 Compressed Oops: Enabled (Zero based)
 Heap Region Size: 4M
 Heap Min Capacity: 8M
 Heap Initial Capacity: 504M
 Heap Max Capacity: 8004M
 Pre-touch: Disabled
 Parallel Workers: 10
 Concurrent Workers: 3
 Concurrent Refinement Workers: 10
 Periodic GC: Disabled

Heap:
 garbage-first heap   total 401408K, used 91528K [0x000000060bc00000, 0x0000000800000000)
  region size 4096K, 3 young (12288K), 1 survivors (4096K)
 Metaspace       used 71079K, committed 71936K, reserved 1114112K
  class space    used 7300K, committed 7680K, reserved 1048576K

Heap Regions: E=young(eden), S=young(survivor), O=old, HS=humongous(starts), HC=humongous(continues), CS=collection set, F=free, TAMS=top-at-mark-start, PB=parsable bottom
|   0|0x000000060bc00000, 0x000000060c000000, 0x000000060c000000|100%| O|  |TAMS 0x000000060bc00000| PB 0x000000060bc00000| Untracked 
|   1|0x000000060c000000, 0x000000060c3fff98, 0x000000060c400000| 99%| O|  |TAMS 0x000000060c000000| PB 0x000000060c000000| Untracked 
|   2|0x000000060c400000, 0x000000060c7fb4c0, 0x000000060c800000| 99%| O|  |TAMS 0x000000060c400000| PB 0x000000060c400000| Untracked 
|   3|0x000000060c800000, 0x000000060cc00000, 0x000000060cc00000|100%| O|  |TAMS 0x000000060c800000| PB 0x000000060c800000| Untracked 
|   4|0x000000060cc00000, 0x000000060d000000, 0x000000060d000000|100%| O|  |TAMS 0x000000060cc00000| PB 0x000000060cc00000| Untracked 
|   5|0x000000060d000000, 0x000000060d400000, 0x000000060d400000|100%| O|  |TAMS 0x000000060d000000| PB 0x000000060d000000| Untracked 
|   6|0x000000060d400000, 0x000000060d800000, 0x000000060d800000|100%| O|  |TAMS 0x000000060d400000| PB 0x000000060d400000| Untracked 
|   7|0x000000060d800000, 0x000000060dbfffe8, 0x000000060dc00000| 99%| O|  |TAMS 0x000000060d800000| PB 0x000000060d800000| Untracked 
|   8|0x000000060dc00000, 0x000000060e000000, 0x000000060e000000|100%| O|  |TAMS 0x000000060dc00000| PB 0x000000060dc00000| Untracked 
|   9|0x000000060e000000, 0x000000060e400000, 0x000000060e400000|100%| O|  |TAMS 0x000000060e000000| PB 0x000000060e000000| Untracked 
|  10|0x000000060e400000, 0x000000060e7ffff8, 0x000000060e800000| 99%| O|  |TAMS 0x000000060e400000| PB 0x000000060e400000| Untracked 
|  11|0x000000060e800000, 0x000000060eba7b10, 0x000000060ec00000| 91%| O|  |TAMS 0x000000060e800000| PB 0x000000060e800000| Untracked 
|  12|0x000000060ec00000, 0x000000060ed61200, 0x000000060f000000| 34%| O|  |TAMS 0x000000060ec00000| PB 0x000000060ec00000| Untracked 
|  13|0x000000060f000000, 0x000000060f000000, 0x000000060f400000|  0%| F|  |TAMS 0x000000060f000000| PB 0x000000060f000000| Untracked 
|  14|0x000000060f400000, 0x000000060f7310f8, 0x000000060f800000| 79%| O|  |TAMS 0x000000060f400000| PB 0x000000060f400000| Untracked 
|  15|0x000000060f800000, 0x000000060fafdf18, 0x000000060fc00000| 74%| O|  |TAMS 0x000000060f800000| PB 0x000000060f800000| Untracked 
|  16|0x000000060fc00000, 0x000000060fc00000, 0x0000000610000000|  0%| F|  |TAMS 0x000000060fc00000| PB 0x000000060fc00000| Untracked 
|  17|0x0000000610000000, 0x000000061029b398, 0x0000000610400000| 65%| O|  |TAMS 0x0000000610000000| PB 0x0000000610000000| Untracked 
|  18|0x0000000610400000, 0x00000006105bc950, 0x0000000610800000| 43%| O|  |TAMS 0x0000000610400000| PB 0x0000000610400000| Untracked 
|  19|0x0000000610800000, 0x0000000610c00000, 0x0000000610c00000|100%|HS|  |TAMS 0x0000000610800000| PB 0x0000000610800000| Complete 
|  20|0x0000000610c00000, 0x0000000611000000, 0x0000000611000000|100%|HC|  |TAMS 0x0000000610c00000| PB 0x0000000610c00000| Complete 
|  21|0x0000000611000000, 0x0000000611000000, 0x0000000611400000|  0%| F|  |TAMS 0x0000000611000000| PB 0x0000000611000000| Untracked 
|  22|0x0000000611400000, 0x0000000611400000, 0x0000000611800000|  0%| F|  |TAMS 0x0000000611400000| PB 0x0000000611400000| Untracked 
|  23|0x0000000611800000, 0x0000000611800000, 0x0000000611c00000|  0%| F|  |TAMS 0x0000000611800000| PB 0x0000000611800000| Untracked 
|  24|0x0000000611c00000, 0x0000000611c00000, 0x0000000612000000|  0%| F|  |TAMS 0x0000000611c00000| PB 0x0000000611c00000| Untracked 
|  25|0x0000000612000000, 0x0000000612000000, 0x0000000612400000|  0%| F|  |TAMS 0x0000000612000000| PB 0x0000000612000000| Untracked 
|  26|0x0000000612400000, 0x0000000612400000, 0x0000000612800000|  0%| F|  |TAMS 0x0000000612400000| PB 0x0000000612400000| Untracked 
|  27|0x0000000612800000, 0x0000000612800000, 0x0000000612c00000|  0%| F|  |TAMS 0x0000000612800000| PB 0x0000000612800000| Untracked 
|  28|0x0000000612c00000, 0x0000000612c00000, 0x0000000613000000|  0%| F|  |TAMS 0x0000000612c00000| PB 0x0000000612c00000| Untracked 
|  29|0x0000000613000000, 0x0000000613000000, 0x0000000613400000|  0%| F|  |TAMS 0x0000000613000000| PB 0x0000000613000000| Untracked 
|  30|0x0000000613400000, 0x0000000613400000, 0x0000000613800000|  0%| F|  |TAMS 0x0000000613400000| PB 0x0000000613400000| Untracked 
|  31|0x0000000613800000, 0x0000000613800000, 0x0000000613c00000|  0%| F|  |TAMS 0x0000000613800000| PB 0x0000000613800000| Untracked 
|  32|0x0000000613c00000, 0x0000000614000000, 0x0000000614000000|100%|HS|  |TAMS 0x0000000613c00000| PB 0x0000000613c00000| Complete 
|  33|0x0000000614000000, 0x0000000614400000, 0x0000000614400000|100%|HC|  |TAMS 0x0000000614000000| PB 0x0000000614000000| Complete 
|  34|0x0000000614400000, 0x0000000614400000, 0x0000000614800000|  0%| F|  |TAMS 0x0000000614400000| PB 0x0000000614400000| Untracked 
|  35|0x0000000614800000, 0x0000000614800000, 0x0000000614c00000|  0%| F|  |TAMS 0x0000000614800000| PB 0x0000000614800000| Untracked 
|  36|0x0000000614c00000, 0x0000000614c00000, 0x0000000615000000|  0%| F|  |TAMS 0x0000000614c00000| PB 0x0000000614c00000| Untracked 
|  37|0x0000000615000000, 0x0000000615000000, 0x0000000615400000|  0%| F|  |TAMS 0x0000000615000000| PB 0x0000000615000000| Untracked 
|  38|0x0000000615400000, 0x0000000615400000, 0x0000000615800000|  0%| F|  |TAMS 0x0000000615400000| PB 0x0000000615400000| Untracked 
|  39|0x0000000615800000, 0x0000000615800000, 0x0000000615c00000|  0%| F|  |TAMS 0x0000000615800000| PB 0x0000000615800000| Untracked 
|  40|0x0000000615c00000, 0x0000000615c00000, 0x0000000616000000|  0%| F|  |TAMS 0x0000000615c00000| PB 0x0000000615c00000| Untracked 
|  41|0x0000000616000000, 0x0000000616000000, 0x0000000616400000|  0%| F|  |TAMS 0x0000000616000000| PB 0x0000000616000000| Untracked 
|  42|0x0000000616400000, 0x0000000616400000, 0x0000000616800000|  0%| F|  |TAMS 0x0000000616400000| PB 0x0000000616400000| Untracked 
|  43|0x0000000616800000, 0x0000000616800000, 0x0000000616c00000|  0%| F|  |TAMS 0x0000000616800000| PB 0x0000000616800000| Untracked 
|  44|0x0000000616c00000, 0x0000000616c00000, 0x0000000617000000|  0%| F|  |TAMS 0x0000000616c00000| PB 0x0000000616c00000| Untracked 
|  45|0x0000000617000000, 0x0000000617000000, 0x0000000617400000|  0%| F|  |TAMS 0x0000000617000000| PB 0x0000000617000000| Untracked 
|  46|0x0000000617400000, 0x0000000617400000, 0x0000000617800000|  0%| F|  |TAMS 0x0000000617400000| PB 0x0000000617400000| Untracked 
|  47|0x0000000617800000, 0x0000000617800000, 0x0000000617c00000|  0%| F|  |TAMS 0x0000000617800000| PB 0x0000000617800000| Untracked 
|  48|0x0000000617c00000, 0x0000000617c00000, 0x0000000618000000|  0%| F|  |TAMS 0x0000000617c00000| PB 0x0000000617c00000| Untracked 
|  49|0x0000000618000000, 0x0000000618000000, 0x0000000618400000|  0%| F|  |TAMS 0x0000000618000000| PB 0x0000000618000000| Untracked 
|  50|0x0000000618400000, 0x0000000618400000, 0x0000000618800000|  0%| F|  |TAMS 0x0000000618400000| PB 0x0000000618400000| Untracked 
|  51|0x0000000618800000, 0x0000000618800000, 0x0000000618c00000|  0%| F|  |TAMS 0x0000000618800000| PB 0x0000000618800000| Untracked 
|  52|0x0000000618c00000, 0x0000000618c00000, 0x0000000619000000|  0%| F|  |TAMS 0x0000000618c00000| PB 0x0000000618c00000| Untracked 
|  53|0x0000000619000000, 0x0000000619000000, 0x0000000619400000|  0%| F|  |TAMS 0x0000000619000000| PB 0x0000000619000000| Untracked 
|  54|0x0000000619400000, 0x0000000619400000, 0x0000000619800000|  0%| F|  |TAMS 0x0000000619400000| PB 0x0000000619400000| Untracked 
|  55|0x0000000619800000, 0x0000000619800000, 0x0000000619c00000|  0%| F|  |TAMS 0x0000000619800000| PB 0x0000000619800000| Untracked 
|  56|0x0000000619c00000, 0x0000000619c00000, 0x000000061a000000|  0%| F|  |TAMS 0x0000000619c00000| PB 0x0000000619c00000| Untracked 
|  57|0x000000061a000000, 0x000000061a000000, 0x000000061a400000|  0%| F|  |TAMS 0x000000061a000000| PB 0x000000061a000000| Untracked 
|  58|0x000000061a400000, 0x000000061a800000, 0x000000061a800000|100%| O|  |TAMS 0x000000061a400000| PB 0x000000061a400000| Untracked 
|  59|0x000000061a800000, 0x000000061ac00000, 0x000000061ac00000|100%| O|  |TAMS 0x000000061a800000| PB 0x000000061a800000| Untracked 
|  60|0x000000061ac00000, 0x000000061ac00000, 0x000000061b000000|  0%| F|  |TAMS 0x000000061ac00000| PB 0x000000061ac00000| Untracked 
|  61|0x000000061b000000, 0x000000061b000000, 0x000000061b400000|  0%| F|  |TAMS 0x000000061b000000| PB 0x000000061b000000| Untracked 
|  62|0x000000061b400000, 0x000000061b400000, 0x000000061b800000|  0%| F|  |TAMS 0x000000061b400000| PB 0x000000061b400000| Untracked 
|  63|0x000000061b800000, 0x000000061b800000, 0x000000061bc00000|  0%| F|  |TAMS 0x000000061b800000| PB 0x000000061b800000| Untracked 
|  64|0x000000061bc00000, 0x000000061bc00000, 0x000000061c000000|  0%| F|  |TAMS 0x000000061bc00000| PB 0x000000061bc00000| Untracked 
|  65|0x000000061c000000, 0x000000061c000000, 0x000000061c400000|  0%| F|  |TAMS 0x000000061c000000| PB 0x000000061c000000| Untracked 
|  66|0x000000061c400000, 0x000000061c400000, 0x000000061c800000|  0%| F|  |TAMS 0x000000061c400000| PB 0x000000061c400000| Untracked 
|  67|0x000000061c800000, 0x000000061c800000, 0x000000061cc00000|  0%| F|  |TAMS 0x000000061c800000| PB 0x000000061c800000| Untracked 
|  68|0x000000061cc00000, 0x000000061cc00000, 0x000000061d000000|  0%| F|  |TAMS 0x000000061cc00000| PB 0x000000061cc00000| Untracked 
|  69|0x000000061d000000, 0x000000061d000000, 0x000000061d400000|  0%| F|  |TAMS 0x000000061d000000| PB 0x000000061d000000| Untracked 
|  70|0x000000061d400000, 0x000000061d400000, 0x000000061d800000|  0%| F|  |TAMS 0x000000061d400000| PB 0x000000061d400000| Untracked 
|  71|0x000000061d800000, 0x000000061d800000, 0x000000061dc00000|  0%| F|  |TAMS 0x000000061d800000| PB 0x000000061d800000| Untracked 
|  72|0x000000061dc00000, 0x000000061dc00000, 0x000000061e000000|  0%| F|  |TAMS 0x000000061dc00000| PB 0x000000061dc00000| Untracked 
|  73|0x000000061e000000, 0x000000061e000000, 0x000000061e400000|  0%| F|  |TAMS 0x000000061e000000| PB 0x000000061e000000| Untracked 
|  74|0x000000061e400000, 0x000000061e400000, 0x000000061e800000|  0%| F|  |TAMS 0x000000061e400000| PB 0x000000061e400000| Untracked 
|  75|0x000000061e800000, 0x000000061e800000, 0x000000061ec00000|  0%| F|  |TAMS 0x000000061e800000| PB 0x000000061e800000| Untracked 
|  76|0x000000061ec00000, 0x000000061ec00000, 0x000000061f000000|  0%| F|  |TAMS 0x000000061ec00000| PB 0x000000061ec00000| Untracked 
|  77|0x000000061f000000, 0x000000061f000000, 0x000000061f400000|  0%| F|  |TAMS 0x000000061f000000| PB 0x000000061f000000| Untracked 
|  78|0x000000061f400000, 0x000000061f400000, 0x000000061f800000|  0%| F|  |TAMS 0x000000061f400000| PB 0x000000061f400000| Untracked 
|  79|0x000000061f800000, 0x000000061f800000, 0x000000061fc00000|  0%| F|  |TAMS 0x000000061f800000| PB 0x000000061f800000| Untracked 
|  80|0x000000061fc00000, 0x000000061fc00000, 0x0000000620000000|  0%| F|  |TAMS 0x000000061fc00000| PB 0x000000061fc00000| Untracked 
|  81|0x0000000620000000, 0x0000000620000000, 0x0000000620400000|  0%| F|  |TAMS 0x0000000620000000| PB 0x0000000620000000| Untracked 
|  82|0x0000000620400000, 0x0000000620400000, 0x0000000620800000|  0%| F|  |TAMS 0x0000000620400000| PB 0x0000000620400000| Untracked 
|  83|0x0000000620800000, 0x0000000620800000, 0x0000000620c00000|  0%| F|  |TAMS 0x0000000620800000| PB 0x0000000620800000| Untracked 
|  84|0x0000000620c00000, 0x0000000620c00000, 0x0000000621000000|  0%| F|  |TAMS 0x0000000620c00000| PB 0x0000000620c00000| Untracked 
|  85|0x0000000621000000, 0x0000000621000000, 0x0000000621400000|  0%| F|  |TAMS 0x0000000621000000| PB 0x0000000621000000| Untracked 
|  86|0x0000000621400000, 0x0000000621400000, 0x0000000621800000|  0%| F|  |TAMS 0x0000000621400000| PB 0x0000000621400000| Untracked 
|  87|0x0000000621800000, 0x0000000621800000, 0x0000000621c00000|  0%| F|  |TAMS 0x0000000621800000| PB 0x0000000621800000| Untracked 
|  88|0x0000000621c00000, 0x0000000621c00000, 0x0000000622000000|  0%| F|  |TAMS 0x0000000621c00000| PB 0x0000000621c00000| Untracked 
|  89|0x0000000622000000, 0x0000000622000000, 0x0000000622400000|  0%| F|  |TAMS 0x0000000622000000| PB 0x0000000622000000| Untracked 
|  90|0x0000000622400000, 0x0000000622400000, 0x0000000622800000|  0%| F|  |TAMS 0x0000000622400000| PB 0x0000000622400000| Untracked 
|  91|0x0000000622800000, 0x0000000622800000, 0x0000000622c00000|  0%| F|  |TAMS 0x0000000622800000| PB 0x0000000622800000| Untracked 
|  92|0x0000000622c00000, 0x0000000622c00000, 0x0000000623000000|  0%| F|  |TAMS 0x0000000622c00000| PB 0x0000000622c00000| Untracked 
|  93|0x0000000623000000, 0x0000000623000000, 0x0000000623400000|  0%| F|  |TAMS 0x0000000623000000| PB 0x0000000623000000| Untracked 
|  94|0x0000000623400000, 0x00000006234e3a68, 0x0000000623800000| 22%| S|CS|TAMS 0x0000000623400000| PB 0x0000000623400000| Complete 
|  95|0x0000000623800000, 0x0000000623838978, 0x0000000623c00000|  5%| E|  |TAMS 0x0000000623800000| PB 0x0000000623800000| Complete 
|  96|0x0000000623c00000, 0x0000000624000000, 0x0000000624000000|100%| E|CS|TAMS 0x0000000623c00000| PB 0x0000000623c00000| Complete 
|2000|0x00000007ffc00000, 0x00000007ffcf39c0, 0x0000000800000000| 23%| O|  |TAMS 0x00000007ffc00000| PB 0x00000007ffc00000| Untracked 

Card table byte_map: [0x00007f6c8aabc000,0x00007f6c8ba5e000] _byte_map_base: 0x00007f6c87a5e000

Marking Bits: (CMBitMap*) 0x00007f6ca00649d0
 Bits: [0x00007f6c82dac000, 0x00007f6c8aabc000)

Polling page: 0x00007f6ca68a9000

Metaspace:

Usage:
  Non-class:     62.28 MB used.
      Class:      7.13 MB used.
       Both:     69.41 MB used.

Virtual space:
  Non-class space:       64.00 MB reserved,      62.75 MB ( 98%) committed,  1 nodes.
      Class space:        1.00 GB reserved,       7.50 MB ( <1%) committed,  1 nodes.
             Both:        1.06 GB reserved,      70.25 MB (  6%) committed. 

Chunk freelists:
   Non-Class:  960.00 KB
       Class:  8.53 MB
        Both:  9.47 MB

MaxMetaspaceSize: unlimited
CompressedClassSpaceSize: 1.00 GB
Initial GC threshold: 21.00 MB
Current GC threshold: 116.69 MB
CDS: on
 - commit_granule_bytes: 65536.
 - commit_granule_words: 8192.
 - virtual_space_node_default_size: 8388608.
 - enlarge_chunks_in_place: 1.
 - use_allocation_guard: 0.


Internal statistics:

num_allocs_failed_limit: 14.
num_arena_births: 1332.
num_arena_deaths: 14.
num_vsnodes_births: 2.
num_vsnodes_deaths: 0.
num_space_committed: 1124.
num_space_uncommitted: 0.
num_chunks_returned_to_freelist: 34.
num_chunks_taken_from_freelist: 4079.
num_chunk_merges: 10.
num_chunk_splits: 2820.
num_chunks_enlarged: 2071.
num_inconsistent_stats: 0.

CodeHeap 'non-profiled nmethods': size=120028Kb used=9562Kb max_used=11068Kb free=110465Kb
 bounds [0x00007f6c944c9000, 0x00007f6c94fd9000, 0x00007f6c9ba00000]
CodeHeap 'profiled nmethods': size=120028Kb used=17842Kb max_used=26230Kb free=102185Kb
 bounds [0x00007f6c8ca00000, 0x00007f6c8e3d0000, 0x00007f6c93f37000]
CodeHeap 'non-nmethods': size=5704Kb used=3472Kb max_used=3531Kb free=2231Kb
 bounds [0x00007f6c93f37000, 0x00007f6c942c7000, 0x00007f6c944c9000]
CodeCache: size=245760Kb, used=30876Kb, max_used=40829Kb, free=214881Kb
 total_blobs=10650, nmethods=8496, adapters=2059, full_count=0
Compilation: enabled, stopped_count=0, restarted_count=0

Compilation events (20 events):
Event: 162.183 Thread 0x00007f6ca01546b0 nmethod 18838 0x00007f6c8d4e8810 code [0x00007f6c8d4e8a00, 0x00007f6c8d4e90a0]
Event: 162.184 Thread 0x00007f6ca014b000 nmethod 18822% 0x00007f6c9467db10 code [0x00007f6c9467dcc0, 0x00007f6c9467e5f0]
Event: 162.188 Thread 0x00007f6ca01546b0 18840       3       androidx.compose.ui.window.LayoutConfiguration_desktopKt::getSizeInPx (33 bytes)
Event: 162.189 Thread 0x00007f6ca01546b0 nmethod 18840 0x00007f6c8ca3f190 code [0x00007f6c8ca3f3e0, 0x00007f6c8ca3fe48]
Event: 162.189 Thread 0x00007f6ca01546b0 18841       3       sun.awt.image.PixelConverter$ArgbPre::rgbToPixel (100 bytes)
Event: 162.190 Thread 0x00007f6ca01546b0 nmethod 18841 0x00007f6c8ddee190 code [0x00007f6c8ddee320, 0x00007f6c8ddee4d8]
Event: 162.190 Thread 0x00007f6ca01546b0 18842       3       sun.java2d.SunGraphics2D::create (8 bytes)
Event: 162.190 Thread 0x00007f6ca01546b0 nmethod 18842 0x00007f6c8d528a90 code [0x00007f6c8d528c40, 0x00007f6c8d528e68]
Event: 162.190 Thread 0x00007f6ca01546b0 18843   !   3       sun.java2d.SunGraphics2D::clone (114 bytes)
Event: 162.190 Thread 0x00007f6ca01546b0 nmethod 18843 0x00007f6c8d176e90 code [0x00007f6c8d1770e0, 0x00007f6c8d177ba0]
Event: 162.190 Thread 0x00007f6ca01546b0 18846       1       sun.awt.X11GraphicsDevice::getScaleFactor (5 bytes)
Event: 162.190 Thread 0x00007f6ca01546b0 nmethod 18846 0x00007f6c94c68690 code [0x00007f6c94c68820, 0x00007f6c94c688e0]
Event: 162.190 Thread 0x00007f6ca01546b0 18844       1       javax.swing.RepaintManager::isDoubleBufferingEnabled (5 bytes)
Event: 162.190 Thread 0x00007f6ca01546b0 nmethod 18844 0x00007f6c94c74b90 code [0x00007f6c94c74d20, 0x00007f6c94c74de8]
Event: 162.190 Thread 0x00007f6ca01546b0 18845       1       sun.awt.image.VolatileSurfaceManager::contentsLost (5 bytes)
Event: 162.190 Thread 0x00007f6ca01546b0 nmethod 18845 0x00007f6c94c75190 code [0x00007f6c94c75320, 0x00007f6c94c753e8]
Event: 162.191 Thread 0x00007f6c1456cfa0 18848       4       androidx.compose.runtime.GapComposer::validateNodeNotExpected (29 bytes)
Event: 162.195 Thread 0x00007f6ca01546b0 18849   !   3       java.lang.ref.Reference::processPendingReferences (118 bytes)
Event: 162.195 Thread 0x00007f6c1456cfa0 nmethod 18848 0x00007f6c94c79190 code [0x00007f6c94c79300, 0x00007f6c94c793a8]
Event: 162.195 Thread 0x00007f6ca01546b0 nmethod 18849 0x00007f6c8cbd3810 code [0x00007f6c8cbd3a60, 0x00007f6c8cbd4410]

GC Heap History (20 events):
Event: 159.805 GC heap before
{Heap before GC invocations=339 (full 5):
 garbage-first heap   total 401408K, used 131609K [0x000000060bc00000, 0x0000000800000000)
  region size 4096K, 3 young (12288K), 1 survivors (4096K)
 Metaspace       used 70874K, committed 71744K, reserved 1114112K
  class space    used 7298K, committed 7680K, reserved 1048576K
}
Event: 159.806 GC heap after
{Heap after GC invocations=340 (full 5):
 garbage-first heap   total 401408K, used 74254K [0x000000060bc00000, 0x0000000800000000)
  region size 4096K, 1 young (4096K), 1 survivors (4096K)
 Metaspace       used 70874K, committed 71744K, reserved 1114112K
  class space    used 7298K, committed 7680K, reserved 1048576K
}
Event: 160.093 GC heap before
{Heap before GC invocations=340 (full 5):
 garbage-first heap   total 401408K, used 131598K [0x000000060bc00000, 0x0000000800000000)
  region size 4096K, 3 young (12288K), 1 survivors (4096K)
 Metaspace       used 70874K, committed 71744K, reserved 1114112K
  class space    used 7298K, committed 7680K, reserved 1048576K
}
Event: 160.094 GC heap after
{Heap after GC invocations=341 (full 5):
 garbage-first heap   total 401408K, used 74263K [0x000000060bc00000, 0x0000000800000000)
  region size 4096K, 1 young (4096K), 1 survivors (4096K)
 Metaspace       used 70874K, committed 71744K, reserved 1114112K
  class space    used 7298K, committed 7680K, reserved 1048576K
}
Event: 160.349 GC heap before
{Heap before GC invocations=341 (full 5):
 garbage-first heap   total 401408K, used 131607K [0x000000060bc00000, 0x0000000800000000)
  region size 4096K, 3 young (12288K), 1 survivors (4096K)
 Metaspace       used 70874K, committed 71744K, reserved 1114112K
  class space    used 7298K, committed 7680K, reserved 1048576K
}
Event: 160.350 GC heap after
{Heap after GC invocations=342 (full 5):
 garbage-first heap   total 401408K, used 74270K [0x000000060bc00000, 0x0000000800000000)
  region size 4096K, 1 young (4096K), 1 survivors (4096K)
 Metaspace       used 70874K, committed 71744K, reserved 1114112K
  class space    used 7298K, committed 7680K, reserved 1048576K
}
Event: 160.636 GC heap before
{Heap before GC invocations=342 (full 5):
 garbage-first heap   total 401408K, used 131614K [0x000000060bc00000, 0x0000000800000000)
  region size 4096K, 3 young (12288K), 1 survivors (4096K)
 Metaspace       used 70874K, committed 71744K, reserved 1114112K
  class space    used 7298K, committed 7680K, reserved 1048576K
}
Event: 160.637 GC heap after
{Heap after GC invocations=343 (full 5):
 garbage-first heap   total 401408K, used 74276K [0x000000060bc00000, 0x0000000800000000)
  region size 4096K, 1 young (4096K), 1 survivors (4096K)
 Metaspace       used 70874K, committed 71744K, reserved 1114112K
  class space    used 7298K, committed 7680K, reserved 1048576K
}
Event: 160.895 GC heap before
{Heap before GC invocations=343 (full 5):
 garbage-first heap   total 401408K, used 131620K [0x000000060bc00000, 0x0000000800000000)
  region size 4096K, 3 young (12288K), 1 survivors (4096K)
 Metaspace       used 70875K, committed 71744K, reserved 1114112K
  class space    used 7298K, committed 7680K, reserved 1048576K
}
Event: 160.896 GC heap after
{Heap after GC invocations=344 (full 5):
 garbage-first heap   total 401408K, used 74298K [0x000000060bc00000, 0x0000000800000000)
  region size 4096K, 1 young (4096K), 1 survivors (4096K)
 Metaspace       used 70875K, committed 71744K, reserved 1114112K
  class space    used 7298K, committed 7680K, reserved 1048576K
}
Event: 161.178 GC heap before
{Heap before GC invocations=344 (full 5):
 garbage-first heap   total 401408K, used 131642K [0x000000060bc00000, 0x0000000800000000)
  region size 4096K, 3 young (12288K), 1 survivors (4096K)
 Metaspace       used 70875K, committed 71744K, reserved 1114112K
  class space    used 7298K, committed 7680K, reserved 1048576K
}
Event: 161.179 GC heap after
{Heap after GC invocations=345 (full 5):
 garbage-first heap   total 401408K, used 74290K [0x000000060bc00000, 0x0000000800000000)
  region size 4096K, 1 young (4096K), 1 survivors (4096K)
 Metaspace       used 70875K, committed 71744K, reserved 1114112K
  class space    used 7298K, committed 7680K, reserved 1048576K
}
Event: 161.430 GC heap before
{Heap before GC invocations=345 (full 5):
 garbage-first heap   total 401408K, used 131634K [0x000000060bc00000, 0x0000000800000000)
  region size 4096K, 3 young (12288K), 1 survivors (4096K)
 Metaspace       used 70875K, committed 71744K, reserved 1114112K
  class space    used 7298K, committed 7680K, reserved 1048576K
}
Event: 161.431 GC heap after
{Heap after GC invocations=346 (full 5):
 garbage-first heap   total 401408K, used 74298K [0x000000060bc00000, 0x0000000800000000)
  region size 4096K, 1 young (4096K), 1 survivors (4096K)
 Metaspace       used 70875K, committed 71744K, reserved 1114112K
  class space    used 7298K, committed 7680K, reserved 1048576K
}
Event: 161.720 GC heap before
{Heap before GC invocations=346 (full 5):
 garbage-first heap   total 401408K, used 131642K [0x000000060bc00000, 0x0000000800000000)
  region size 4096K, 3 young (12288K), 1 survivors (4096K)
 Metaspace       used 70875K, committed 71744K, reserved 1114112K
  class space    used 7298K, committed 7680K, reserved 1048576K
}
Event: 161.721 GC heap after
{Heap after GC invocations=347 (full 5):
 garbage-first heap   total 401408K, used 74303K [0x000000060bc00000, 0x0000000800000000)
  region size 4096K, 1 young (4096K), 1 survivors (4096K)
 Metaspace       used 70875K, committed 71744K, reserved 1114112K
  class space    used 7298K, committed 7680K, reserved 1048576K
}
Event: 162.054 GC heap before
{Heap before GC invocations=347 (full 5):
 garbage-first heap   total 401408K, used 139839K [0x000000060bc00000, 0x0000000800000000)
  region size 4096K, 5 young (20480K), 1 survivors (4096K)
 Metaspace       used 71007K, committed 71872K, reserved 1114112K
  class space    used 7300K, committed 7680K, reserved 1048576K
}
Event: 162.057 GC heap after
{Heap after GC invocations=348 (full 5):
 garbage-first heap   total 401408K, used 74984K [0x000000060bc00000, 0x0000000800000000)
  region size 4096K, 1 young (4096K), 1 survivors (4096K)
 Metaspace       used 71007K, committed 71872K, reserved 1114112K
  class space    used 7300K, committed 7680K, reserved 1048576K
}
Event: 162.191 GC heap before
{Heap before GC invocations=348 (full 5):
 garbage-first heap   total 401408K, used 136424K [0x000000060bc00000, 0x0000000800000000)
  region size 4096K, 3 young (12288K), 1 survivors (4096K)
 Metaspace       used 71070K, committed 71936K, reserved 1114112K
  class space    used 7300K, committed 7680K, reserved 1048576K
}
Event: 162.194 GC heap after
{Heap after GC invocations=349 (full 5):
 garbage-first heap   total 401408K, used 79240K [0x000000060bc00000, 0x0000000800000000)
  region size 4096K, 1 young (4096K), 1 survivors (4096K)
 Metaspace       used 71070K, committed 71936K, reserved 1114112K
  class space    used 7300K, committed 7680K, reserved 1048576K
}

Dll operation events (19 events):
Event: 0.002 Loaded shared library /home/arcady/.gradle/jdks/jetbrains_s_r_o_-21-amd64-linux.2/lib/libjava.so
Event: 0.042 Loaded shared library /home/arcady/.gradle/jdks/jetbrains_s_r_o_-21-amd64-linux.2/lib/libjsvml.so
Event: 0.080 Loaded shared library /home/arcady/.gradle/jdks/jetbrains_s_r_o_-21-amd64-linux.2/lib/libzip.so
Event: 0.089 Loaded shared library /home/arcady/.gradle/jdks/jetbrains_s_r_o_-21-amd64-linux.2/lib/libnio.so
Event: 0.091 Loaded shared library /home/arcady/.gradle/jdks/jetbrains_s_r_o_-21-amd64-linux.2/lib/libinstrument.so
Event: 0.093 Loaded shared library /home/arcady/.gradle/jdks/jetbrains_s_r_o_-21-amd64-linux.2/lib/libzip.so
Event: 0.137 Loaded shared library /home/arcady/.gradle/jdks/jetbrains_s_r_o_-21-amd64-linux.2/lib/libjimage.so
Event: 0.139 Loaded shared library /home/arcady/.gradle/jdks/jetbrains_s_r_o_-21-amd64-linux.2/lib/libnet.so
Event: 0.462 Loaded shared library /home/arcady/.gradle/jdks/jetbrains_s_r_o_-21-amd64-linux.2/lib/libextnet.so
Event: 0.762 Loaded shared library /home/arcady/.gradle/jdks/jetbrains_s_r_o_-21-amd64-linux.2/lib/libverify.so
Event: 0.960 Loaded shared library /tmp/sqlite-3.51.3.0-125513b3-ba01-48c7-a065-3c5972280418-libsqlitejdbc.so
Event: 1.228 Loaded shared library /home/arcady/.gradle/jdks/jetbrains_s_r_o_-21-amd64-linux.2/lib/libawt.so
Event: 1.231 Loaded shared library /home/arcady/.gradle/jdks/jetbrains_s_r_o_-21-amd64-linux.2/lib/libawt_xawt.so
Event: 1.256 Loaded shared library /home/arcady/.gradle/jdks/jetbrains_s_r_o_-21-amd64-linux.2/lib/libfontmanager.so
Event: 1.256 Loaded shared library /home/arcady/.gradle/jdks/jetbrains_s_r_o_-21-amd64-linux.2/lib/libfontmanager_xawt.so
Event: 1.460 Loaded shared library /home/arcady/.gradle/jdks/jetbrains_s_r_o_-21-amd64-linux.2/lib/libmanagement.so
Event: 1.461 Loaded shared library /home/arcady/.gradle/jdks/jetbrains_s_r_o_-21-amd64-linux.2/lib/libmanagement_ext.so
Event: 1.769 Loaded shared library /home/arcady/.skiko/skiko-linux-x64-434f7633c843870c0839a1137b128f6c3db3c5d58dcad3545e90827e3e341afb/libskiko-linux-x64.so
Event: 13.181 Loaded shared library /home/arcady/.cache/JNA/temp/jna16023362478532251863.tmp

Deoptimization events (20 events):
Event: 161.959 Thread 0x00007f6c784c4450 DEOPT PACKING pc=0x00007f6c9465bb54 sp=0x00007f6c246fa120
Event: 161.959 Thread 0x00007f6c784c4450 DEOPT UNPACKING pc=0x00007f6c93f8af99 sp=0x00007f6c246fa078 mode 2
Event: 161.964 Thread 0x00007f6c784c4450 Uncommon trap: trap_request=0xffffff45 fr.pc=0x00007f6c947bbde0 relative=0x0000000000000120
Event: 161.964 Thread 0x00007f6c784c4450 Uncommon trap: reason=unstable_if action=reinterpret pc=0x00007f6c947bbde0 method=androidx.compose.ui.node.LookaheadPassDelegate.checkChildrenPlaceOrderForUpdates()V @ 95 c2
Event: 161.964 Thread 0x00007f6c784c4450 DEOPT PACKING pc=0x00007f6c947bbde0 sp=0x00007f6c246f5ed0
Event: 161.964 Thread 0x00007f6c784c4450 DEOPT UNPACKING pc=0x00007f6c93f8af99 sp=0x00007f6c246f5e18 mode 2
Event: 161.965 Thread 0x00007f6c784c4450 DEOPT PACKING pc=0x00007f6c8df6b17b sp=0x00007f6c246f63e0
Event: 161.965 Thread 0x00007f6c784c4450 DEOPT UNPACKING pc=0x00007f6c93f8b72f sp=0x00007f6c246f5908 mode 0
Event: 161.995 Thread 0x00007f6c784c4450 Uncommon trap: trap_request=0xffffff45 fr.pc=0x00007f6c945f8d20 relative=0x0000000000000ae0
Event: 161.995 Thread 0x00007f6c784c4450 Uncommon trap: reason=unstable_if action=reinterpret pc=0x00007f6c945f8d20 method=androidx.compose.ui.node.MeasureAndLayoutDelegate.requestRemeasure(Landroidx/compose/ui/node/LayoutNode;Z)Z @ 112 c2
Event: 161.995 Thread 0x00007f6c784c4450 DEOPT PACKING pc=0x00007f6c945f8d20 sp=0x00007f6c246f9c20
Event: 161.995 Thread 0x00007f6c784c4450 DEOPT UNPACKING pc=0x00007f6c93f8af99 sp=0x00007f6c246f9b78 mode 2
Event: 161.997 Thread 0x00007f6c784c4450 Uncommon trap: trap_request=0xffffff45 fr.pc=0x00007f6c94551308 relative=0x00000000000017a8
Event: 161.997 Thread 0x00007f6c784c4450 Uncommon trap: reason=unstable_if action=reinterpret pc=0x00007f6c94551308 method=org.jetbrains.skiko.context.OpenGLContextHandler.isSizeChanged(II)Z @ 13 c2
Event: 161.997 Thread 0x00007f6c784c4450 DEOPT PACKING pc=0x00007f6c94551308 sp=0x00007f6c246fa530
Event: 161.997 Thread 0x00007f6c784c4450 DEOPT UNPACKING pc=0x00007f6c93f8af99 sp=0x00007f6c246fa2e8 mode 2
Event: 162.057 Thread 0x00007f6ca0143bc0 Uncommon trap: trap_request=0xffffff45 fr.pc=0x00007f6c94656e48 relative=0x0000000000000348
Event: 162.057 Thread 0x00007f6ca0143bc0 Uncommon trap: reason=unstable_if action=reinterpret pc=0x00007f6c94656e48 method=java.lang.ref.Reference.processPendingReferences()V @ 47 c2
Event: 162.057 Thread 0x00007f6ca0143bc0 DEOPT PACKING pc=0x00007f6c94656e48 sp=0x00007f6c734fd970
Event: 162.057 Thread 0x00007f6ca0143bc0 DEOPT UNPACKING pc=0x00007f6c93f8af99 sp=0x00007f6c734fd908 mode 2

Classes loaded (20 events):
Event: 13.278 Loading class sun/awt/image/NativeLibLoader
Event: 13.278 Loading class sun/awt/image/NativeLibLoader done
Event: 13.278 Loading class sun/awt/image/NativeLibLoader$1
Event: 13.278 Loading class sun/awt/image/NativeLibLoader$1 done
Event: 13.963 Loading class sun/security/rsa/RSASignature$SHA512withRSA
Event: 13.963 Loading class sun/security/rsa/RSASignature$SHA512withRSA done
Event: 28.573 Loading class java/awt/Container$MouseEventTargetFilter
Event: 28.574 Loading class java/awt/Container$EventTargetFilter
Event: 28.574 Loading class java/awt/Container$EventTargetFilter done
Event: 28.574 Loading class java/awt/Container$MouseEventTargetFilter done
Event: 28.574 Loading class java/awt/LightweightDispatcher$1
Event: 28.574 Loading class java/awt/LightweightDispatcher$1 done
Event: 28.574 Loading class java/awt/event/AWTEventListenerProxy
Event: 28.574 Loading class java/awt/event/AWTEventListenerProxy done
Event: 28.575 Loading class java/awt/Toolkit$SelectiveAWTEventListener
Event: 28.575 Loading class java/awt/Toolkit$SelectiveAWTEventListener done
Event: 28.575 Loading class java/awt/Toolkit$ToolkitEventMulticaster
Event: 28.575 Loading class java/awt/Toolkit$ToolkitEventMulticaster done
Event: 39.612 Loading class java/awt/DisplayMode
Event: 39.612 Loading class java/awt/DisplayMode done

Classes unloaded (7 events):
Event: 1.775 Thread 0x00007f6ca0137a20 Unloading class 0x00007f6c28299c00 'java/lang/invoke/LambdaForm$MH+0x00007f6c28299c00'
Event: 1.775 Thread 0x00007f6ca0137a20 Unloading class 0x00007f6c28299400 'java/lang/invoke/LambdaForm$DMH+0x00007f6c28299400'
Event: 1.775 Thread 0x00007f6ca0137a20 Unloading class 0x00007f6c28298c00 'java/lang/invoke/LambdaForm$DMH+0x00007f6c28298c00'
Event: 1.775 Thread 0x00007f6ca0137a20 Unloading class 0x00007f6c28298400 'java/lang/invoke/LambdaForm$DMH+0x00007f6c28298400'
Event: 6.102 Thread 0x00007f6ca0137a20 Unloading class 0x00007f6c2839dc00 'java/lang/invoke/LambdaForm$MH+0x00007f6c2839dc00'
Event: 6.102 Thread 0x00007f6ca0137a20 Unloading class 0x00007f6c2839d800 'java/lang/invoke/LambdaForm$MH+0x00007f6c2839d800'
Event: 26.103 Thread 0x00007f6ca0137a20 Unloading class 0x00007f6c28448000 'java/lang/invoke/LambdaForm$MH+0x00007f6c28448000'

Classes redefined (0 events):
No events

Internal exceptions (20 events):
Event: 62.703 Thread 0x00007f6c18a7a320 Exception <a 'java/lang/NullPointerException'{0x000000061d6c4ef0}> (0x000000061d6c4ef0) 
thrown [src/hotspot/share/runtime/sharedRuntime.cpp, line 625]
Event: 62.713 Thread 0x00007f6c14a1b140 Implicit null exception at 0x00007f6c8ded7bd5 to 0x00007f6c8ded8784
Event: 62.713 Thread 0x00007f6c14a1b140 Exception <a 'java/lang/NullPointerException'{0x000000061d700798}> (0x000000061d700798) 
thrown [src/hotspot/share/runtime/sharedRuntime.cpp, line 625]
Event: 71.529 Thread 0x00007f6c7835a0e0 Implicit null exception at 0x00007f6c8ded7bd5 to 0x00007f6c8ded8784
Event: 71.529 Thread 0x00007f6c7835a0e0 Exception <a 'java/lang/NullPointerException'{0x000000062725c200}> (0x000000062725c200) 
thrown [src/hotspot/share/runtime/sharedRuntime.cpp, line 625]
Event: 73.196 Thread 0x00007f6ca0a101c0 Implicit null exception at 0x00007f6c94a07bef to 0x00007f6c94a07ea0
Event: 76.463 Thread 0x00007f6ca0eaf140 Implicit null exception at 0x00007f6c8ded7bd5 to 0x00007f6c8ded8784
Event: 76.463 Thread 0x00007f6ca0eaf140 Exception <a 'java/lang/NullPointerException'{0x000000062706cf90}> (0x000000062706cf90) 
thrown [src/hotspot/share/runtime/sharedRuntime.cpp, line 625]
Event: 83.208 Thread 0x00007f6c7c99fe70 Implicit null exception at 0x00007f6c8ded7bd5 to 0x00007f6c8ded8784
Event: 83.208 Thread 0x00007f6c7c99fe70 Exception <a 'java/lang/NullPointerException'{0x000000062709d7b0}> (0x000000062709d7b0) 
thrown [src/hotspot/share/runtime/sharedRuntime.cpp, line 625]
Event: 83.220 Thread 0x00007f6c6800d440 Implicit null exception at 0x00007f6c8ded7bd5 to 0x00007f6c8ded8784
Event: 83.220 Thread 0x00007f6c6800d440 Exception <a 'java/lang/NullPointerException'{0x00000006271dae68}> (0x00000006271dae68) 
thrown [src/hotspot/share/runtime/sharedRuntime.cpp, line 625]
Event: 85.099 Thread 0x00007f6c784c4450 Implicit null exception at 0x00007f6c94bb8e41 to 0x00007f6c94bb9f30
Event: 87.649 Thread 0x00007f6c6800d440 Implicit null exception at 0x00007f6c8ded7bd5 to 0x00007f6c8ded8784
Event: 87.649 Thread 0x00007f6c6800d440 Exception <a 'java/lang/NullPointerException'{0x0000000627210960}> (0x0000000627210960) 
thrown [src/hotspot/share/runtime/sharedRuntime.cpp, line 625]
Event: 87.656 Thread 0x00007f6c18a7a320 Implicit null exception at 0x00007f6c8ded7bd5 to 0x00007f6c8ded8784
Event: 87.656 Thread 0x00007f6c18a7a320 Exception <a 'java/lang/NullPointerException'{0x000000062722ac80}> (0x000000062722ac80) 
thrown [src/hotspot/share/runtime/sharedRuntime.cpp, line 625]
Event: 123.097 Thread 0x00007f6c784c4450 Exception <a 'java/lang/NoSuchMethodError'{0x000000061fc73ef8}: 'java.lang.Object java.lang.invoke.DirectMethodHandle$Holder.invokeStatic(java.lang.Object, java.lang.Object, java.lang.Object, float)'> (0x000000061fc73ef8) 
thrown [src/hotspot/share/interpreter/linkResolver.cpp, line 783]
Event: 161.788 Thread 0x00007f6c784c4450 Implicit null exception at 0x00007f6c94e1c182 to 0x00007f6c94e1c5b8
Event: 161.788 Thread 0x00007f6c784c4450 Implicit null exception at 0x00007f6c9491d2c1 to 0x00007f6c9491d9d4

ZGC Phase Switch (0 events):
No events

VM Operations (20 events):
Event: 159.805 Executing safepoint VM operation: G1TryInitiateConcMark (G1 Humongous Allocation)
Event: 159.806 Executing safepoint VM operation: G1TryInitiateConcMark (G1 Humongous Allocation) done
Event: 160.093 Executing safepoint VM operation: G1TryInitiateConcMark (G1 Humongous Allocation)
Event: 160.094 Executing safepoint VM operation: G1TryInitiateConcMark (G1 Humongous Allocation) done
Event: 160.349 Executing safepoint VM operation: G1TryInitiateConcMark (G1 Humongous Allocation)
Event: 160.350 Executing safepoint VM operation: G1TryInitiateConcMark (G1 Humongous Allocation) done
Event: 160.636 Executing safepoint VM operation: G1TryInitiateConcMark (G1 Humongous Allocation)
Event: 160.637 Executing safepoint VM operation: G1TryInitiateConcMark (G1 Humongous Allocation) done
Event: 160.895 Executing safepoint VM operation: G1TryInitiateConcMark (G1 Humongous Allocation)
Event: 160.896 Executing safepoint VM operation: G1TryInitiateConcMark (G1 Humongous Allocation) done
Event: 161.178 Executing safepoint VM operation: G1TryInitiateConcMark (G1 Humongous Allocation)
Event: 161.179 Executing safepoint VM operation: G1TryInitiateConcMark (G1 Humongous Allocation) done
Event: 161.430 Executing safepoint VM operation: G1TryInitiateConcMark (G1 Humongous Allocation)
Event: 161.431 Executing safepoint VM operation: G1TryInitiateConcMark (G1 Humongous Allocation) done
Event: 161.720 Executing safepoint VM operation: G1TryInitiateConcMark (G1 Humongous Allocation)
Event: 161.721 Executing safepoint VM operation: G1TryInitiateConcMark (G1 Humongous Allocation) done
Event: 162.054 Executing safepoint VM operation: G1TryInitiateConcMark (G1 Humongous Allocation)
Event: 162.057 Executing safepoint VM operation: G1TryInitiateConcMark (G1 Humongous Allocation) done
Event: 162.191 Executing safepoint VM operation: G1TryInitiateConcMark (G1 Humongous Allocation)
Event: 162.194 Executing safepoint VM operation: G1TryInitiateConcMark (G1 Humongous Allocation) done

Memory protections (20 events):
Event: 161.470 Protecting memory [0x00007f6bdbbfa000,0x00007f6bdbbfe000] with protection modes 0
Event: 161.511 Protecting memory [0x00007f6bdbbfa000,0x00007f6bdbbfe000] with protection modes 0
Event: 161.553 Protecting memory [0x00007f6bdbbfa000,0x00007f6bdbbfe000] with protection modes 0
Event: 161.595 Protecting memory [0x00007f6bdbbfa000,0x00007f6bdbbfe000] with protection modes 0
Event: 161.637 Protecting memory [0x00007f6bdbbfa000,0x00007f6bdbbfe000] with protection modes 0
Event: 161.678 Protecting memory [0x00007f6bdbbfa000,0x00007f6bdbbfe000] with protection modes 0
Event: 161.720 Protecting memory [0x00007f6bdbbfa000,0x00007f6bdbbfe000] with protection modes 0
Event: 161.762 Protecting memory [0x00007f6bdbbfa000,0x00007f6bdbbfe000] with protection modes 0
Event: 161.787 Protecting memory [0x00007f6c71f1a000,0x00007f6c71f1e000] with protection modes 0
Event: 161.788 Protecting memory [0x00007f6c71d18000,0x00007f6c71d1c000] with protection modes 0
Event: 161.803 Protecting memory [0x00007f6bdbbfa000,0x00007f6bdbbfe000] with protection modes 0
Event: 161.845 Protecting memory [0x00007f6bdbbfa000,0x00007f6bdbbfe000] with protection modes 0
Event: 161.887 Protecting memory [0x00007f6bdbbfa000,0x00007f6bdbbfe000] with protection modes 0
Event: 161.928 Protecting memory [0x00007f6bdbbfa000,0x00007f6bdbbfe000] with protection modes 0
Event: 161.971 Protecting memory [0x00007f6bdbbfa000,0x00007f6bdbbfe000] with protection modes 0
Event: 162.013 Protecting memory [0x00007f6bdbbfa000,0x00007f6bdbbfe000] with protection modes 0
Event: 162.054 Protecting memory [0x00007f6bdbbfa000,0x00007f6bdbbfe000] with protection modes 0
Event: 162.096 Protecting memory [0x00007f6bdbbfa000,0x00007f6bdbbfe000] with protection modes 0
Event: 162.137 Protecting memory [0x00007f6bdbbfa000,0x00007f6bdbbfe000] with protection modes 0
Event: 162.179 Protecting memory [0x00007f6bdbbfa000,0x00007f6bdbbfe000] with protection modes 0

Nmethod flushes (20 events):
Event: 152.032 Thread 0x00007f6ca0137a20 flushing  nmethod 0x00007f6c8d68e290
Event: 152.032 Thread 0x00007f6ca0137a20 flushing  nmethod 0x00007f6c8d7ea810
Event: 152.032 Thread 0x00007f6ca0137a20 flushing  nmethod 0x00007f6c8d817590
Event: 152.032 Thread 0x00007f6ca0137a20 flushing  nmethod 0x00007f6c8d8c8d10
Event: 152.032 Thread 0x00007f6ca0137a20 flushing  nmethod 0x00007f6c8d98d890
Event: 152.032 Thread 0x00007f6ca0137a20 flushing  nmethod 0x00007f6c8da40590
Event: 152.032 Thread 0x00007f6ca0137a20 flushing  nmethod 0x00007f6c8dadca90
Event: 152.032 Thread 0x00007f6ca0137a20 flushing  nmethod 0x00007f6c8dae7c10
Event: 152.032 Thread 0x00007f6ca0137a20 flushing  nmethod 0x00007f6c8dcc9990
Event: 152.032 Thread 0x00007f6ca0137a20 flushing  nmethod 0x00007f6c8dcc9d10
Event: 152.032 Thread 0x00007f6ca0137a20 flushing  nmethod 0x00007f6c8dccb010
Event: 152.032 Thread 0x00007f6ca0137a20 flushing  nmethod 0x00007f6c8dd67690
Event: 152.032 Thread 0x00007f6ca0137a20 flushing  nmethod 0x00007f6c8dd6cf90
Event: 152.032 Thread 0x00007f6ca0137a20 flushing  nmethod 0x00007f6c8dda7b10
Event: 152.032 Thread 0x00007f6ca0137a20 flushing  nmethod 0x00007f6c8ddaf110
Event: 152.032 Thread 0x00007f6ca0137a20 flushing  nmethod 0x00007f6c8ddafd90
Event: 152.032 Thread 0x00007f6ca0137a20 flushing  nmethod 0x00007f6c8df5f190
Event: 152.032 Thread 0x00007f6ca0137a20 flushing  nmethod 0x00007f6c8e065d10
Event: 152.032 Thread 0x00007f6ca0137a20 flushing  nmethod 0x00007f6c8e066210
Event: 152.032 Thread 0x00007f6ca0137a20 flushing  nmethod 0x00007f6c8e1e6490

Events (20 events):
Event: 161.803 Thread 0x00007f6ca08a9900 Thread added: 0x00007f6ca08a9900
Event: 161.803 Thread 0x00007f6ca08a9900 Thread exited: 0x00007f6ca08a9900
Event: 161.846 Thread 0x00007f6ca08a9900 Thread added: 0x00007f6ca08a9900
Event: 161.846 Thread 0x00007f6ca08a9900 Thread exited: 0x00007f6ca08a9900
Event: 161.887 Thread 0x00007f6ca08a9900 Thread added: 0x00007f6ca08a9900
Event: 161.887 Thread 0x00007f6ca08a9900 Thread exited: 0x00007f6ca08a9900
Event: 161.928 Thread 0x00007f6ca08a9900 Thread added: 0x00007f6ca08a9900
Event: 161.928 Thread 0x00007f6ca08a9900 Thread exited: 0x00007f6ca08a9900
Event: 161.971 Thread 0x00007f6ca08a9900 Thread added: 0x00007f6ca08a9900
Event: 161.971 Thread 0x00007f6ca08a9900 Thread exited: 0x00007f6ca08a9900
Event: 162.013 Thread 0x00007f6ca08a9900 Thread added: 0x00007f6ca08a9900
Event: 162.013 Thread 0x00007f6ca08a9900 Thread exited: 0x00007f6ca08a9900
Event: 162.054 Thread 0x00007f6ca08a9900 Thread added: 0x00007f6ca08a9900
Event: 162.054 Thread 0x00007f6ca08a9900 Thread exited: 0x00007f6ca08a9900
Event: 162.096 Thread 0x00007f6ca08a9af0 Thread added: 0x00007f6ca08a9af0
Event: 162.096 Thread 0x00007f6ca08a9af0 Thread exited: 0x00007f6ca08a9af0
Event: 162.137 Thread 0x00007f6ca08a9af0 Thread added: 0x00007f6ca08a9af0
Event: 162.137 Thread 0x00007f6ca08a9af0 Thread exited: 0x00007f6ca08a9af0
Event: 162.179 Thread 0x00007f6ca08a9af0 Thread added: 0x00007f6ca08a9af0
Event: 162.179 Thread 0x00007f6ca08a9af0 Thread exited: 0x00007f6ca08a9af0


Dynamic libraries:
60bc00000-624000000 rw-p 00000000 00:00 0 
624000000-7ffc00000 ---p 00000000 00:00 0 
7ffc00000-800000000 rw-p 00000000 00:00 0 
557828d31000-557828d32000 r--p 00000000 103:02 28594300                  /home/arcady/.gradle/jdks/jetbrains_s_r_o_-21-amd64-linux.2/bin/java
557828d32000-557828d33000 r-xp 00001000 103:02 28594300                  /home/arcady/.gradle/jdks/jetbrains_s_r_o_-21-amd64-linux.2/bin/java
557828d33000-557828d34000 r--p 00002000 103:02 28594300                  /home/arcady/.gradle/jdks/jetbrains_s_r_o_-21-amd64-linux.2/bin/java
557828d34000-557828d35000 r--p 00002000 103:02 28594300                  /home/arcady/.gradle/jdks/jetbrains_s_r_o_-21-amd64-linux.2/bin/java
557828d35000-557828d36000 rw-p 00003000 103:02 28594300                  /home/arcady/.gradle/jdks/jetbrains_s_r_o_-21-amd64-linux.2/bin/java
55784639d000-557846fb6000 rw-p 00000000 00:00 0                          [heap]
7f6ba0000000-7f6ba0cbd000 rw-p 00000000 00:00 0 
7f6ba0cbd000-7f6ba4000000 ---p 00000000 00:00 0 
7f6ba4000000-7f6ba4cb5000 rw-p 00000000 00:00 0 
7f6ba4cb5000-7f6ba8000000 ---p 00000000 00:00 0 
7f6ba8000000-7f6babd2a000 rw-p 00000000 00:00 0 
7f6babd2a000-7f6bac000000 ---p 00000000 00:00 0 
7f6bb0000000-7f6bb3fd4000 rw-p 00000000 00:00 0 
7f6bb3fd4000-7f6bb4000000 ---p 00000000 00:00 0 
7f6bb8000000-7f6bbbea3000 rw-p 00000000 00:00 0 
7f6bbbea3000-7f6bbc000000 ---p 00000000 00:00 0 
7f6bbc000000-7f6bbffd4000 rw-p 00000000 00:00 0 
7f6bbffd4000-7f6bc0000000 ---p 00000000 00:00 0 
7f6bc0000000-7f6bc3e0c000 rw-p 00000000 00:00 0 
7f6bc3e0c000-7f6bc4000000 ---p 00000000 00:00 0 
7f6bc8000000-7f6bcbfd4000 rw-p 00000000 00:00 0 
7f6bcbfd4000-7f6bcc000000 ---p 00000000 00:00 0 
7f6bcf20a000-7f6bcf66f000 rw-s 3707e7000 00:07 525                       /dev/dri/renderD128
7f6bcf66f000-7f6bcfe70000 rw-p 00000000 00:00 0 
7f6bcfe70000-7f6bcfe80000 r-xp 00000000 00:00 0 
7f6bd023e000-7f6bd05ef000 rw-s 1b353e000 00:07 525                       /dev/dri/renderD128
7f6bd05ef000-7f6bd55f9000 rw-p 00000000 00:00 0 
7f6bd57f9000-7f6bd59f9000 rw-s 1a9319000 00:07 525                       /dev/dri/renderD128
7f6bd59f9000-7f6bd5bf9000 rw-s 157799000 00:07 525                       /dev/dri/renderD128
7f6bd5bf9000-7f6bd6bfb000 rw-p 00000000 00:00 0 
7f6bd6bfb000-7f6bd6dfb000 rw-s 1a7c84000 00:07 525                       /dev/dri/renderD128
7f6bd6dfb000-7f6bd6ffb000 rw-s 16b76a000 00:07 525                       /dev/dri/renderD128
7f6bd6ffb000-7f6bd71fb000 rw-s 16dd39000 00:07 525                       /dev/dri/renderD128
7f6bd71fb000-7f6bd9a00000 rw-p 00000000 00:00 0 
7f6bd9a00000-7f6bd9c01000 rw-s 00000000 103:02 26476877                  /home/arcady/.cache/radv_builtin_shaders/index
7f6bd9dff000-7f6bda600000 rw-p 00000000 00:00 0 
7f6bda600000-7f6bda801000 rw-s 00000000 103:02 26345691                  /home/arcady/.cache/mesa_shader_cache/index
7f6bda94e000-7f6bda957000 rw-s 00008000 00:01 709404                     /memfd:pipewire-memfd:flags=0x0000000f,type=2,size=65664 (deleted)
7f6bda957000-7f6bda960000 rw-s 00000000 00:01 709404                     /memfd:pipewire-memfd:flags=0x0000000f,type=2,size=65664 (deleted)
7f6bda960000-7f6bda974000 rw-s 16b200000 00:07 525                       /dev/dri/renderD128
7f6bda974000-7f6bda988000 rw-s 1978a1000 00:07 525                       /dev/dri/renderD128
7f6bda988000-7f6bda99c000 rw-s 174574000 00:07 525                       /dev/dri/renderD128
7f6bda99c000-7f6bda9b0000 rw-s 150d3d000 00:07 525                       /dev/dri/renderD128
7f6bda9b0000-7f6bda9c4000 rw-s 173a16000 00:07 525                       /dev/dri/renderD128
7f6bda9c4000-7f6bda9d8000 rw-s 11c33b000 00:07 525                       /dev/dri/renderD128
7f6bda9d8000-7f6bda9ec000 rw-s 372403000 00:07 525                       /dev/dri/renderD128
7f6bda9ec000-7f6bdaa00000 rw-s 1109c0000 00:07 525                       /dev/dri/renderD128
7f6bdaa00000-7f6bdaa10000 r--p 00000000 103:02 9252815                   /usr/lib/libvulkan_radeon.so
7f6bdaa10000-7f6bdb0da000 r-xp 00010000 103:02 9252815                   /usr/lib/libvulkan_radeon.so
7f6bdb0da000-7f6bdbb2e000 r--p 006da000 103:02 9252815                   /usr/lib/libvulkan_radeon.so
7f6bdbb2e000-7f6bdbb7f000 r--p 0112d000 103:02 9252815                   /usr/lib/libvulkan_radeon.so
7f6bdbb7f000-7f6bdbb9b000 rw-p 0117e000 103:02 9252815                   /usr/lib/libvulkan_radeon.so
7f6bdbb9b000-7f6bdbba1000 rw-p 00000000 00:00 0 
7f6bdbba9000-7f6bdbbbd000 rw-s 161c21000 00:07 525                       /dev/dri/renderD128
7f6bdbbbd000-7f6bdbbd1000 rw-s 175834000 00:07 525                       /dev/dri/renderD128
7f6bdbbd1000-7f6bdbbe5000 rw-s 12c19e000 00:07 525                       /dev/dri/renderD128
7f6bdbbe5000-7f6bdbbf9000 rw-s 1136bf000 00:07 525                       /dev/dri/renderD128
7f6bdbbf9000-7f6bdbbfa000 rw-p 00000000 00:00 0 
7f6bdbbfa000-7f6bdbbfe000 ---p 00000000 00:00 0 
7f6bdbbfe000-7f6bdcbfb000 rw-p 00000000 00:00 0 
7f6bdcbfb000-7f6bdcbfd000 r--p 00000000 103:02 9193392                   /usr/lib/pkcs11/p11-kit-trust.so
7f6bdcbfd000-7f6bdcc1f000 r-xp 00002000 103:02 9193392                   /usr/lib/pkcs11/p11-kit-trust.so
7f6bdcc1f000-7f6bdcc2f000 r--p 00024000 103:02 9193392                   /usr/lib/pkcs11/p11-kit-trust.so
7f6bdcc2f000-7f6bdcc40000 r--p 00033000 103:02 9193392                   /usr/lib/pkcs11/p11-kit-trust.so
7f6bdcc40000-7f6bdcc41000 rw-p 00044000 103:02 9193392                   /usr/lib/pkcs11/p11-kit-trust.so
7f6bdcc42000-7f6bdcc44000 r--p 00000000 103:02 9723241                   /usr/lib/spa-0.2/audioconvert/libspa-audioconvert.so
7f6bdcc44000-7f6bdccad000 r-xp 00002000 103:02 9723241                   /usr/lib/spa-0.2/audioconvert/libspa-audioconvert.so
7f6bdccad000-7f6bdcd1a000 r--p 0006b000 103:02 9723241                   /usr/lib/spa-0.2/audioconvert/libspa-audioconvert.so
7f6bdcd1a000-7f6bdcd28000 r--p 000d8000 103:02 9723241                   /usr/lib/spa-0.2/audioconvert/libspa-audioconvert.so
7f6bdcd28000-7f6bdcd2b000 rw-p 000e6000 103:02 9723241                   /usr/lib/spa-0.2/audioconvert/libspa-audioconvert.so
7f6bdcd2b000-7f6bdcd2d000 r--p 00000000 103:02 9730841                   /usr/lib/pipewire-0.3/libpipewire-module-session-manager.so
7f6bdcd2d000-7f6bdcd4f000 r-xp 00002000 103:02 9730841                   /usr/lib/pipewire-0.3/libpipewire-module-session-manager.so
7f6bdcd4f000-7f6bdcd55000 r--p 00024000 103:02 9730841                   /usr/lib/pipewire-0.3/libpipewire-module-session-manager.so
7f6bdcd55000-7f6bdcd57000 r--p 00029000 103:02 9730841                   /usr/lib/pipewire-0.3/libpipewire-module-session-manager.so
7f6bdcd57000-7f6bdcd58000 rw-p 0002b000 103:02 9730841                   /usr/lib/pipewire-0.3/libpipewire-module-session-manager.so
7f6bdcd58000-7f6bdcd5a000 r--p 00000000 103:02 9730835                   /usr/lib/pipewire-0.3/libpipewire-module-metadata.so
7f6bdcd5a000-7f6bdcd65000 r-xp 00002000 103:02 9730835                   /usr/lib/pipewire-0.3/libpipewire-module-metadata.so
7f6bdcd65000-7f6bdcd67000 r--p 0000d000 103:02 9730835                   /usr/lib/pipewire-0.3/libpipewire-module-metadata.so
7f6bdcd67000-7f6bdcd68000 r--p 0000e000 103:02 9730835                   /usr/lib/pipewire-0.3/libpipewire-module-metadata.so
7f6bdcd68000-7f6bdcd69000 rw-p 0000f000 103:02 9730835                   /usr/lib/pipewire-0.3/libpipewire-module-metadata.so
7f6bdcd69000-7f6bdcd6b000 r--p 00000000 103:02 9718301                   /usr/lib/pipewire-0.3/libpipewire-module-client-device.so
7f6bdcd6b000-7f6bdcd77000 r-xp 00002000 103:02 9718301                   /usr/lib/pipewire-0.3/libpipewire-module-client-device.so
7f6bdcd77000-7f6bdcd78000 r--p 0000e000 103:02 9718301                   /usr/lib/pipewire-0.3/libpipewire-module-client-device.so
7f6bdcd78000-7f6bdcd79000 r--p 0000f000 103:02 9718301                   /usr/lib/pipewire-0.3/libpipewire-module-client-device.so
7f6bdcd79000-7f6bdcd7a000 rw-p 00010000 103:02 9718301                   /usr/lib/pipewire-0.3/libpipewire-module-client-device.so
7f6bdcd7a000-7f6bdcd7d000 r--p 00000000 103:02 9730055                   /usr/lib/pipewire-0.3/libpipewire-module-client-node.so
7f6bdcd7d000-7f6bdcd9a000 r-xp 00003000 103:02 9730055                   /usr/lib/pipewire-0.3/libpipewire-module-client-node.so
7f6bdcd9a000-7f6bdcda0000 r--p 00020000 103:02 9730055                   /usr/lib/pipewire-0.3/libpipewire-module-client-node.so
7f6bdcda0000-7f6bdcda2000 r--p 00025000 103:02 9730055                   /usr/lib/pipewire-0.3/libpipewire-module-client-node.so
7f6bdcda2000-7f6bdcda3000 rw-p 00027000 103:02 9730055                   /usr/lib/pipewire-0.3/libpipewire-module-client-node.so
7f6bdcda3000-7f6bdcda6000 r--p 00000000 103:02 9730838                   /usr/lib/pipewire-0.3/libpipewire-module-protocol-native.so
7f6bdcda6000-7f6bdcdc8000 r-xp 00003000 103:02 9730838                   /usr/lib/pipewire-0.3/libpipewire-module-protocol-native.so
7f6bdcdc8000-7f6bdcdd4000 r--p 00025000 103:02 9730838                   /usr/lib/pipewire-0.3/libpipewire-module-protocol-native.so
7f6bdcdd4000-7f6bdcddf000 r--p 00030000 103:02 9730838                   /usr/lib/pipewire-0.3/libpipewire-module-protocol-native.so
7f6bdcddf000-7f6bdcde0000 rw-p 0003b000 103:02 9730838                   /usr/lib/pipewire-0.3/libpipewire-module-protocol-native.so
7f6bdcde0000-7f6bdcde2000 r--p 00000000 103:02 9731179                   /usr/lib/spa-0.2/support/libspa-support.so
7f6bdcde2000-7f6bdce02000 r-xp 00002000 103:02 9731179                   /usr/lib/spa-0.2/support/libspa-support.so
7f6bdce02000-7f6bdce09000 r--p 00022000 103:02 9731179                   /usr/lib/spa-0.2/support/libspa-support.so
7f6bdce09000-7f6bdce11000 r--p 00029000 103:02 9731179                   /usr/lib/spa-0.2/support/libspa-support.so
7f6bdce11000-7f6bdce12000 rw-p 00031000 103:02 9731179                   /usr/lib/spa-0.2/support/libspa-support.so
7f6bdce12000-7f6bdce26000 rw-s 12d230000 00:07 525                       /dev/dri/renderD128
7f6bdce26000-7f6bdce3a000 rw-s 1a7ec4000 00:07 525                       /dev/dri/renderD128
7f6bdce3a000-7f6bdce4e000 rw-s 16eb7b000 00:07 525                       /dev/dri/renderD128
7f6bdce4e000-7f6bdce62000 rw-s 122ec9000 00:07 525                       /dev/dri/renderD128
7f6bdce62000-7f6bdce76000 rw-s 35a402000 00:07 525                       /dev/dri/renderD128
7f6bdce76000-7f6bdce8a000 rw-s 1260bf000 00:07 525                       /dev/dri/renderD128
7f6bdce8a000-7f6bdce9e000 rw-s 15cce9000 00:07 525                       /dev/dri/renderD128
7f6bdce9e000-7f6bdceb2000 rw-s 171cb4000 00:07 525                       /dev/dri/renderD128
7f6bdceb2000-7f6bdcec6000 rw-s 3631fc000 00:07 525                       /dev/dri/renderD128
7f6bdcec6000-7f6bdceda000 rw-s 12c439000 00:07 525                       /dev/dri/renderD128
7f6bdceda000-7f6bdceee000 rw-s 12c223000 00:07 525                       /dev/dri/renderD128
7f6bdceee000-7f6bdcf02000 rw-s 301e79000 00:07 525                       /dev/dri/renderD128
7f6bdcf02000-7f6bdcf16000 rw-s 17b4b1000 00:07 525                       /dev/dri/renderD128
7f6bdcf16000-7f6bdcf2a000 rw-s 15415f000 00:07 525                       /dev/dri/renderD128
7f6bdcf2a000-7f6bdcf3e000 rw-s 3631b4000 00:07 525                       /dev/dri/renderD128
7f6bdcf3e000-7f6bdcf52000 rw-s 118b2d000 00:07 525                       /dev/dri/renderD128
7f6bdcf52000-7f6bdcf66000 rw-s 16efd1000 00:07 525                       /dev/dri/renderD128
7f6bdcf66000-7f6bdcf7a000 rw-s 16705c000 00:07 525                       /dev/dri/renderD128
7f6bdcf7a000-7f6bdcf8e000 rw-s 14dcca000 00:07 525                       /dev/dri/renderD128
7f6bdcf8e000-7f6bdcfa2000 rw-s 109b30000 00:07 525                       /dev/dri/renderD128
7f6bdcfa2000-7f6bdcfb6000 rw-s 34f807000 00:07 525                       /dev/dri/renderD128
7f6bdcfb6000-7f6bdcfca000 rw-s 12ba07000 00:07 525                       /dev/dri/renderD128
7f6bdcfca000-7f6bdcfde000 rw-s 1824a5000 00:07 525                       /dev/dri/renderD128
7f6bdcfde000-7f6bdcff2000 rw-s 12563f000 00:07 525                       /dev/dri/renderD128
7f6bdcff2000-7f6bdd1f2000 rw-s 1219b4000 00:07 525                       /dev/dri/renderD128
7f6bdd1f2000-7f6bdd1f3000 rw-p 00000000 00:00 0 
7f6bdd1f3000-7f6bdd1f7000 ---p 00000000 00:00 0 
7f6bdd1f7000-7f6bdd2f4000 rw-p 00000000 00:00 0 
7f6bdd2f4000-7f6bdd2f8000 ---p 00000000 00:00 0 
7f6bdd2f8000-7f6bdd3f4000 rw-p 00000000 00:00 0 
7f6bdd3f4000-7f6bdd434000 rw-p 00000000 00:00 0 
7f6bdd434000-7f6bdd435000 rw-p 00000000 00:00 0 
7f6bdd435000-7f6bdd439000 ---p 00000000 00:00 0 
7f6bdd439000-7f6bdd535000 rw-p 00000000 00:00 0 
7f6bdd538000-7f6bdd541000 rw-s 00008000 00:01 709403                     /memfd:pipewire-memfd:flags=0x0000000f,type=2,size=65664 (deleted)
7f6bdd541000-7f6bdd555000 rw-s 3638ee000 00:07 525                       /dev/dri/renderD128
7f6bdd555000-7f6bdd615000 rw-p 00000000 00:00 0 
7f6bdd618000-7f6bdd621000 rw-s 00000000 00:01 709403                     /memfd:pipewire-memfd:flags=0x0000000f,type=2,size=65664 (deleted)
7f6bdd621000-7f6bdd635000 rw-s 1a50dc000 00:07 525                       /dev/dri/renderD128
7f6bdd635000-7f6bdd655000 rw-p 00000000 00:00 0 
7f6bdd655000-7f6bdde56000 rw-p 00000000 00:00 0 
7f6bdde56000-7f6bdde96000 rw-p 00000000 00:00 0 
7f6bdde96000-7f6bde697000 rw-p 00000000 00:00 0 
7f6bde697000-7f6bde6b7000 rw-p 00000000 00:00 0 
7f6bde6b7000-7f6bdeeb8000 rw-p 00000000 00:00 0 
7f6bdeeb8000-7f6bdeed8000 rw-p 00000000 00:00 0 
7f6bdeed8000-7f6bdf6d9000 rw-p 00000000 00:00 0 
7f6bdf6db000-7f6bdf6df000 rw-s 173a2a000 00:07 525                       /dev/dri/renderD128
7f6bdf6df000-7f6bdf6e1000 r--p 00000000 103:02 9717194                   /usr/lib/pipewire-0.3/libpipewire-module-adapter.so
7f6bdf6e1000-7f6bdf6e5000 r-xp 00002000 103:02 9717194                   /usr/lib/pipewire-0.3/libpipewire-module-adapter.so
7f6bdf6e5000-7f6bdf6e7000 r--p 00006000 103:02 9717194                   /usr/lib/pipewire-0.3/libpipewire-module-adapter.so
7f6bdf6e7000-7f6bdf6e8000 r--p 00007000 103:02 9717194                   /usr/lib/pipewire-0.3/libpipewire-module-adapter.so
7f6bdf6e8000-7f6bdf6e9000 rw-p 00008000 103:02 9717194                   /usr/lib/pipewire-0.3/libpipewire-module-adapter.so
7f6bdf6e9000-7f6bdf6f9000 r-xp 00000000 00:00 0 
7f6bdf6f9000-7f6be2700000 rw-p 00000000 00:00 0 
7f6be2700000-7f6be2704000 ---p 00000000 00:00 0 
7f6be2704000-7f6be2800000 rw-p 00000000 00:00 0 
7f6be2800000-7f6be2816000 r--p 00000000 103:02 9226024                   /usr/lib/libSDL3.so.0.4.14
7f6be2816000-7f6be2baa000 r-xp 00016000 103:02 9226024                   /usr/lib/libSDL3.so.0.4.14
7f6be2baa000-7f6be2c60000 r--p 003aa000 103:02 9226024                   /usr/lib/libSDL3.so.0.4.14
7f6be2c60000-7f6be2c6d000 r--p 00460000 103:02 9226024                   /usr/lib/libSDL3.so.0.4.14
7f6be2c6d000-7f6be2c79000 rw-p 0046d000 103:02 9226024                   /usr/lib/libSDL3.so.0.4.14
7f6be2c79000-7f6be2c80000 rw-p 00000000 00:00 0 
7f6be2c80000-7f6be2c82000 r--p 00000000 103:02 9730839                   /usr/lib/pipewire-0.3/libpipewire-module-rt.so
7f6be2c82000-7f6be2c86000 r-xp 00002000 103:02 9730839                   /usr/lib/pipewire-0.3/libpipewire-module-rt.so
7f6be2c86000-7f6be2c88000 r--p 00006000 103:02 9730839                   /usr/lib/pipewire-0.3/libpipewire-module-rt.so
7f6be2c88000-7f6be2c89000 r--p 00007000 103:02 9730839                   /usr/lib/pipewire-0.3/libpipewire-module-rt.so
7f6be2c89000-7f6be2c8a000 rw-p 00008000 103:02 9730839                   /usr/lib/pipewire-0.3/libpipewire-module-rt.so
7f6be2c8a000-7f6be2cca000 rw-p 00000000 00:00 0 
7f6be2cca000-7f6be2ccc000 r--p 00000000 103:02 9192480                   /usr/lib/libseccomp.so.2.6.0
7f6be2ccc000-7f6be2ce2000 r-xp 00002000 103:02 9192480                   /usr/lib/libseccomp.so.2.6.0
7f6be2ce2000-7f6be2cfb000 r--p 00018000 103:02 9192480                   /usr/lib/libseccomp.so.2.6.0
7f6be2cfb000-7f6be2cfc000 r--p 00031000 103:02 9192480                   /usr/lib/libseccomp.so.2.6.0
7f6be2cfc000-7f6be2cfd000 rw-p 00032000 103:02 9192480                   /usr/lib/libseccomp.so.2.6.0
7f6be2cfd000-7f6be2d0e000 r--p 00000000 103:02 9190176                   /usr/lib/libkrb5.so.3.3
7f6be2d0e000-7f6be2db0000 r-xp 00011000 103:02 9190176                   /usr/lib/libkrb5.so.3.3
7f6be2db0000-7f6be2df0000 r--p 000b3000 103:02 9190176                   /usr/lib/libkrb5.so.3.3
7f6be2df0000-7f6be2dfe000 r--p 000f2000 103:02 9190176                   /usr/lib/libkrb5.so.3.3
7f6be2dfe000-7f6be2e00000 rw-p 00100000 103:02 9190176                   /usr/lib/libkrb5.so.3.3
7f6be2e00000-7f6be2eaf000 r--p 00000000 103:02 9220232                   /usr/lib/libglycin-2.so.0
7f6be2eaf000-7f6be31fd000 r-xp 000ae000 103:02 9220232                   /usr/lib/libglycin-2.so.0
7f6be31fd000-7f6be3218000 r--p 003fb000 103:02 9220232                   /usr/lib/libglycin-2.so.0
7f6be3218000-7f6be321b000 rw-p 00415000 103:02 9220232                   /usr/lib/libglycin-2.so.0
7f6be321b000-7f6be323c000 rw-p 00000000 00:00 0 
7f6be323c000-7f6be323f000 r--p 00000000 103:02 9178165                   /usr/lib/libresolv.so.2
7f6be323f000-7f6be3249000 r-xp 00003000 103:02 9178165                   /usr/lib/libresolv.so.2
7f6be3249000-7f6be324c000 r--p 0000d000 103:02 9178165                   /usr/lib/libresolv.so.2
7f6be324c000-7f6be324d000 r--p 00010000 103:02 9178165                   /usr/lib/libresolv.so.2
7f6be324d000-7f6be324e000 rw-p 00011000 103:02 9178165                   /usr/lib/libresolv.so.2
7f6be324e000-7f6be3250000 rw-p 00000000 00:00 0 
7f6be3250000-7f6be3253000 r--p 00000000 103:02 9190154                   /usr/lib/libk5crypto.so.3.1
7f6be3253000-7f6be3276000 r-xp 00003000 103:02 9190154                   /usr/lib/libk5crypto.so.3.1
7f6be3276000-7f6be3282000 r--p 00026000 103:02 9190154                   /usr/lib/libk5crypto.so.3.1
7f6be3282000-7f6be3284000 r--p 00031000 103:02 9190154                   /usr/lib/libk5crypto.so.3.1
7f6be3284000-7f6be3285000 rw-p 00033000 103:02 9190154                   /usr/lib/libk5crypto.so.3.1
7f6be3285000-7f6be328e000 r--p 00000000 103:02 9226087                   /usr/lib/libFLAC.so.14.0.0
7f6be328e000-7f6be32e7000 r-xp 00009000 103:02 9226087                   /usr/lib/libFLAC.so.14.0.0
7f6be32e7000-7f6be32f0000 r--p 00062000 103:02 9226087                   /usr/lib/libFLAC.so.14.0.0
7f6be32f0000-7f6be32f1000 r--p 0006b000 103:02 9226087                   /usr/lib/libFLAC.so.14.0.0
7f6be32f1000-7f6be32f2000 rw-p 0006c000 103:02 9226087                   /usr/lib/libFLAC.so.14.0.0
7f6be32f2000-7f6be3306000 r--p 00000000 103:02 9183158                   /usr/lib/libssl.so.3
7f6be3306000-7f6be33d2000 r-xp 00014000 103:02 9183158                   /usr/lib/libssl.so.3
7f6be33d2000-7f6be33fa000 r--p 000e0000 103:02 9183158                   /usr/lib/libssl.so.3
7f6be33fa000-7f6be3404000 r--p 00107000 103:02 9183158                   /usr/lib/libssl.so.3
7f6be3404000-7f6be3408000 rw-p 00111000 103:02 9183158                   /usr/lib/libssl.so.3
7f6be3408000-7f6be3417000 r--p 00000000 103:02 9193530                   /usr/lib/libunistring.so.5.2.1
7f6be3417000-7f6be346b000 r-xp 0000f000 103:02 9193530                   /usr/lib/libunistring.so.5.2.1
7f6be346b000-7f6be35fb000 r--p 00063000 103:02 9193530                   /usr/lib/libunistring.so.5.2.1
7f6be35fb000-7f6be35ff000 r--p 001f3000 103:02 9193530                   /usr/lib/libunistring.so.5.2.1
7f6be35ff000-7f6be3600000 rw-p 001f7000 103:02 9193530                   /usr/lib/libunistring.so.5.2.1
7f6be3600000-7f6be3607000 r--p 00000000 103:02 9193386                   /usr/lib/libp11-kit.so.0.4.10
7f6be3607000-7f6be377a000 r-xp 00007000 103:02 9193386                   /usr/lib/libp11-kit.so.0.4.10
7f6be377a000-7f6be381e000 r--p 0017a000 103:02 9193386                   /usr/lib/libp11-kit.so.0.4.10
7f6be381e000-7f6be382e000 r--p 0021e000 103:02 9193386                   /usr/lib/libp11-kit.so.0.4.10
7f6be382e000-7f6be383d000 rw-p 0022e000 103:02 9193386                   /usr/lib/libp11-kit.so.0.4.10
7f6be383e000-7f6be3842000 rw-s 174588000 00:07 525                       /dev/dri/renderD128
7f6be3842000-7f6be3845000 r--p 00000000 103:02 9190179                   /usr/lib/libkrb5support.so.0.1
7f6be3845000-7f6be384d000 r-xp 00003000 103:02 9190179                   /usr/lib/libkrb5support.so.0.1
7f6be384d000-7f6be3850000 r--p 0000b000 103:02 9190179                   /usr/lib/libkrb5support.so.0.1
7f6be3850000-7f6be3851000 r--p 0000d000 103:02 9190179                   /usr/lib/libkrb5support.so.0.1
7f6be3851000-7f6be3852000 rw-p 0000e000 103:02 9190179                   /usr/lib/libkrb5support.so.0.1
7f6be3852000-7f6be385a000 r--p 00000000 103:02 9217686                   /usr/lib/libpangoft2-1.0.so.0.5800.1
7f6be385a000-7f6be386b000 r-xp 00008000 103:02 9217686                   /usr/lib/libpangoft2-1.0.so.0.5800.1
7f6be386b000-7f6be3870000 r--p 00019000 103:02 9217686                   /usr/lib/libpangoft2-1.0.so.0.5800.1
7f6be3870000-7f6be3871000 r--p 0001e000 103:02 9217686                   /usr/lib/libpangoft2-1.0.so.0.5800.1
7f6be3871000-7f6be3872000 rw-p 0001f000 103:02 9217686                   /usr/lib/libpangoft2-1.0.so.0.5800.1
7f6be3872000-7f6be387b000 r--p 00000000 103:02 9190147                   /usr/lib/libgssapi_krb5.so.2.2
7f6be387b000-7f6be38c8000 r-xp 00009000 103:02 9190147                   /usr/lib/libgssapi_krb5.so.2.2
7f6be38c8000-7f6be38d6000 r--p 00056000 103:02 9190147                   /usr/lib/libgssapi_krb5.so.2.2
7f6be38d6000-7f6be38d8000 r--p 00064000 103:02 9190147                   /usr/lib/libgssapi_krb5.so.2.2
7f6be38d8000-7f6be38d9000 rw-p 00066000 103:02 9190147                   /usr/lib/libgssapi_krb5.so.2.2
7f6be38d9000-7f6be38df000 r--p 00000000 103:02 9195208                   /usr/lib/libssh2.so.1.0.1
7f6be38df000-7f6be3923000 r-xp 00006000 103:02 9195208                   /usr/lib/libssh2.so.1.0.1
7f6be3923000-7f6be3931000 r--p 0004a000 103:02 9195208                   /usr/lib/libssh2.so.1.0.1
7f6be3931000-7f6be3933000 r--p 00058000 103:02 9195208                   /usr/lib/libssh2.so.1.0.1
7f6be3933000-7f6be3934000 rw-p 0005a000 103:02 9195208                   /usr/lib/libssh2.so.1.0.1
7f6be3934000-7f6be3938000 r--p 00000000 103:02 9193633                   /usr/lib/libnghttp2.so.14.29.5
7f6be3938000-7f6be3953000 r-xp 00004000 103:02 9193633                   /usr/lib/libnghttp2.so.14.29.5
7f6be3953000-7f6be395f000 r--p 0001f000 103:02 9193633                   /usr/lib/libnghttp2.so.14.29.5
7f6be395f000-7f6be3962000 r--p 0002a000 103:02 9193633                   /usr/lib/libnghttp2.so.14.29.5
7f6be3962000-7f6be3963000 rw-p 0002d000 103:02 9193633                   /usr/lib/libnghttp2.so.14.29.5
7f6be3963000-7f6be3967000 r--p 00000000 103:02 9195162                   /usr/lib/libngtcp2.so.16.11.0
7f6be3967000-7f6be39c3000 r-xp 00004000 103:02 9195162                   /usr/lib/libngtcp2.so.16.11.0
7f6be39c3000-7f6be39d2000 r--p 00060000 103:02 9195162                   /usr/lib/libngtcp2.so.16.11.0
7f6be39d2000-7f6be39d3000 r--p 0006e000 103:02 9195162                   /usr/lib/libngtcp2.so.16.11.0
7f6be39d3000-7f6be39d4000 rw-p 0006f000 103:02 9195162                   /usr/lib/libngtcp2.so.16.11.0
7f6be39d4000-7f6be39d7000 r--p 00000000 103:02 9193646                   /usr/lib/libnghttp3.so.9.9.0
7f6be39d7000-7f6be39f1000 r-xp 00003000 103:02 9193646                   /usr/lib/libnghttp3.so.9.9.0
7f6be39f1000-7f6be39fd000 r--p 0001d000 103:02 9193646                   /usr/lib/libnghttp3.so.9.9.0
7f6be39fd000-7f6be39fe000 r--p 00029000 103:02 9193646                   /usr/lib/libnghttp3.so.9.9.0
7f6be39fe000-7f6be3a00000 rw-p 0002a000 103:02 9193646                   /usr/lib/libnghttp3.so.9.9.0
7f6be3a00000-7f6be3a1a000 r--p 00000000 103:02 9193839                   /usr/lib/libleancrypto.so.1
7f6be3a1a000-7f6be3bfd000 r-xp 0001a000 103:02 9193839                   /usr/lib/libleancrypto.so.1
7f6be3bfd000-7f6be3d24000 r--p 001fd000 103:02 9193839                   /usr/lib/libleancrypto.so.1
7f6be3d24000-7f6be3d2a000 r--p 00324000 103:02 9193839                   /usr/lib/libleancrypto.so.1
7f6be3d2a000-7f6be3d2c000 rw-p 0032a000 103:02 9193839                   /usr/lib/libleancrypto.so.1
7f6be3d2d000-7f6be3d31000 rw-s 1978b5000 00:07 525                       /dev/dri/renderD128
7f6be3d31000-7f6be3d33000 r--p 00000000 103:02 9217579                   /usr/lib/libthai.so.0.3.2
7f6be3d33000-7f6be3d39000 r-xp 00002000 103:02 9217579                   /usr/lib/libthai.so.0.3.2
7f6be3d39000-7f6be3d3c000 r--p 00008000 103:02 9217579                   /usr/lib/libthai.so.0.3.2
7f6be3d3c000-7f6be3d3d000 r--p 0000a000 103:02 9217579                   /usr/lib/libthai.so.0.3.2
7f6be3d3d000-7f6be3d3e000 rw-p 0000b000 103:02 9217579                   /usr/lib/libthai.so.0.3.2
7f6be3d3e000-7f6be3d43000 r--p 00000000 103:02 9226126                   /usr/lib/libsndfile.so.1.0.37
7f6be3d43000-7f6be3dde000 r-xp 00005000 103:02 9226126                   /usr/lib/libsndfile.so.1.0.37
7f6be3dde000-7f6be3dfa000 r--p 000a0000 103:02 9226126                   /usr/lib/libsndfile.so.1.0.37
7f6be3dfa000-7f6be3dfd000 r--p 000bc000 103:02 9226126                   /usr/lib/libsndfile.so.1.0.37
7f6be3dfd000-7f6be3dfe000 rw-p 000bf000 103:02 9226126                   /usr/lib/libsndfile.so.1.0.37
7f6be3dfe000-7f6be3e00000 rw-p 00000000 00:00 0 
7f6be3e00000-7f6be3e49000 r--p 00000000 103:02 9217900                   /usr/lib/libSPIRV-Tools-opt.so
7f6be3e49000-7f6be4020000 r-xp 00049000 103:02 9217900                   /usr/lib/libSPIRV-Tools-opt.so
7f6be4020000-7f6be407a000 r--p 00220000 103:02 9217900                   /usr/lib/libSPIRV-Tools-opt.so
7f6be407a000-7f6be408a000 r--p 0027a000 103:02 9217900                   /usr/lib/libSPIRV-Tools-opt.so
7f6be408a000-7f6be408b000 rw-p 0028a000 103:02 9217900                   /usr/lib/libSPIRV-Tools-opt.so
7f6be408d000-7f6be408e000 r--p 00000000 103:02 9731176                   /usr/lib/spa-0.2/support/libspa-dbus.so
7f6be408e000-7f6be4091000 r-xp 00001000 103:02 9731176                   /usr/lib/spa-0.2/support/libspa-dbus.so
7f6be4091000-7f6be4092000 r--p 00004000 103:02 9731176                   /usr/lib/spa-0.2/support/libspa-dbus.so
7f6be4092000-7f6be4093000 r--p 00005000 103:02 9731176                   /usr/lib/spa-0.2/support/libspa-dbus.so
7f6be4093000-7f6be4094000 rw-p 00006000 103:02 9731176                   /usr/lib/spa-0.2/support/libspa-dbus.so
7f6be4094000-7f6be4096000 r--p 00000000 103:02 9195178                   /usr/lib/libpsl.so.5.3.5
7f6be4096000-7f6be4098000 r-xp 00002000 103:02 9195178                   /usr/lib/libpsl.so.5.3.5
7f6be4098000-7f6be40a6000 r--p 00004000 103:02 9195178                   /usr/lib/libpsl.so.5.3.5
7f6be40a6000-7f6be40a7000 r--p 00011000 103:02 9195178                   /usr/lib/libpsl.so.5.3.5
7f6be40a7000-7f6be40a8000 rw-p 00012000 103:02 9195178                   /usr/lib/libpsl.so.5.3.5
7f6be40a8000-7f6be40ab000 r--p 00000000 103:02 9261811                   /usr/lib/libngtcp2_crypto_ossl.so.0.3.1
7f6be40ab000-7f6be40b1000 r-xp 00003000 103:02 9261811                   /usr/lib/libngtcp2_crypto_ossl.so.0.3.1
7f6be40b1000-7f6be40b3000 r--p 00009000 103:02 9261811                   /usr/lib/libngtcp2_crypto_ossl.so.0.3.1
7f6be40b3000-7f6be40b4000 r--p 0000b000 103:02 9261811                   /usr/lib/libngtcp2_crypto_ossl.so.0.3.1
7f6be40b4000-7f6be40b5000 rw-p 0000c000 103:02 9261811                   /usr/lib/libngtcp2_crypto_ossl.so.0.3.1
7f6be40b5000-7f6be40b7000 r--p 00000000 103:02 9226871                   /usr/lib/libv4lconvert.so.0.0.0
7f6be40b7000-7f6be40fa000 r-xp 00002000 103:02 9226871                   /usr/lib/libv4lconvert.so.0.0.0
7f6be40fa000-7f6be4105000 r--p 00045000 103:02 9226871                   /usr/lib/libv4lconvert.so.0.0.0
7f6be4105000-7f6be4107000 r--p 0004f000 103:02 9226871                   /usr/lib/libv4lconvert.so.0.0.0
7f6be4107000-7f6be4108000 rw-p 00051000 103:02 9226871                   /usr/lib/libv4lconvert.so.0.0.0
7f6be4108000-7f6be415a000 rw-p 00000000 00:00 0 
7f6be415a000-7f6be4168000 r--p 00000000 103:02 9193729                   /usr/lib/libnettle.so.9.0
7f6be4168000-7f6be41a6000 r-xp 0000e000 103:02 9193729                   /usr/lib/libnettle.so.9.0
7f6be41a6000-7f6be41bf000 r--p 0004c000 103:02 9193729                   /usr/lib/libnettle.so.9.0
7f6be41bf000-7f6be41c2000 r--p 00064000 103:02 9193729                   /usr/lib/libnettle.so.9.0
7f6be41c2000-7f6be41c3000 rw-p 00067000 103:02 9193729                   /usr/lib/libnettle.so.9.0
7f6be41c3000-7f6be41cb000 r--p 00000000 103:02 9193725                   /usr/lib/libhogweed.so.7.0
7f6be41cb000-7f6be41e2000 r-xp 00008000 103:02 9193725                   /usr/lib/libhogweed.so.7.0
7f6be41e2000-7f6be420c000 r--p 0001f000 103:02 9193725                   /usr/lib/libhogweed.so.7.0
7f6be420c000-7f6be420e000 r--p 00048000 103:02 9193725                   /usr/lib/libhogweed.so.7.0
7f6be420e000-7f6be420f000 rw-p 0004a000 103:02 9193725                   /usr/lib/libhogweed.so.7.0
7f6be420f000-7f6be4213000 r--p 00000000 103:02 9222872                   /usr/lib/libpgm-5.3.so.0.0.128
7f6be4213000-7f6be4241000 r-xp 00004000 103:02 9222872                   /usr/lib/libpgm-5.3.so.0.0.128
7f6be4241000-7f6be425b000 r--p 00032000 103:02 9222872                   /usr/lib/libpgm-5.3.so.0.0.128
7f6be425b000-7f6be425c000 r--p 0004b000 103:02 9222872                   /usr/lib/libpgm-5.3.so.0.0.128
7f6be425c000-7f6be425d000 rw-p 0004c000 103:02 9222872                   /usr/lib/libpgm-5.3.so.0.0.128
7f6be425d000-7f6be4261000 rw-p 00000000 00:00 0 
7f6be4261000-7f6be4270000 r--p 00000000 103:02 9222869                   /usr/lib/libsodium.so.26.4.0
7f6be4270000-7f6be42e9000 r-xp 0000f000 103:02 9222869                   /usr/lib/libsodium.so.26.4.0
7f6be42e9000-7f6be42fd000 r--p 00088000 103:02 9222869                   /usr/lib/libsodium.so.26.4.0
7f6be42fd000-7f6be42fe000 r--p 0009b000 103:02 9222869                   /usr/lib/libsodium.so.26.4.0
7f6be42fe000-7f6be42ff000 rw-p 0009c000 103:02 9222869                   /usr/lib/libsodium.so.26.4.0
7f6be42ff000-7f6be4304000 r--p 00000000 103:02 9178142                   /usr/lib/libmvec.so.1
7f6be4304000-7f6be4327000 r-xp 00005000 103:02 9178142                   /usr/lib/libmvec.so.1
7f6be4327000-7f6be43fe000 r--p 00028000 103:02 9178142                   /usr/lib/libmvec.so.1
7f6be43fe000-7f6be43ff000 r--p 000ff000 103:02 9178142                   /usr/lib/libmvec.so.1
7f6be43ff000-7f6be4400000 rw-p 00100000 103:02 9178142                   /usr/lib/libmvec.so.1
7f6be4400000-7f6be4428000 r--p 00000000 103:02 9225975                   /usr/lib/libdb-6.2.so
7f6be4428000-7f6be45c2000 r-xp 00028000 103:02 9225975                   /usr/lib/libdb-6.2.so
7f6be45c2000-7f6be460c000 r--p 001c2000 103:02 9225975                   /usr/lib/libdb-6.2.so
7f6be460c000-7f6be4617000 r--p 0020b000 103:02 9225975                   /usr/lib/libdb-6.2.so
7f6be4617000-7f6be4618000 rw-p 00216000 103:02 9225975                   /usr/lib/libdb-6.2.so
7f6be4619000-7f6be461e000 rw-s 1a29db000 00:07 525                       /dev/dri/renderD128
7f6be461e000-7f6be4621000 r--p 00000000 103:02 9226430                   /usr/lib/libmd.so.0.2.0
7f6be4621000-7f6be4631000 r-xp 00003000 103:02 9226430                   /usr/lib/libmd.so.0.2.0
7f6be4631000-7f6be4634000 r--p 00013000 103:02 9226430                   /usr/lib/libmd.so.0.2.0
7f6be4634000-7f6be4635000 r--p 00015000 103:02 9226430                   /usr/lib/libmd.so.0.2.0
7f6be4635000-7f6be4636000 rw-p 00016000 103:02 9226430                   /usr/lib/libmd.so.0.2.0
7f6be4636000-7f6be4641000 r--p 00000000 103:02 9241985                   /usr/lib/libgomp.so.1.0.0
7f6be4641000-7f6be4691000 r-xp 0000b000 103:02 9241985                   /usr/lib/libgomp.so.1.0.0
7f6be4691000-7f6be46a1000 r--p 0005b000 103:02 9241985                   /usr/lib/libgomp.so.1.0.0
7f6be46a1000-7f6be46a2000 r--p 0006b000 103:02 9241985                   /usr/lib/libgomp.so.1.0.0
7f6be46a2000-7f6be46a3000 rw-p 0006c000 103:02 9241985                   /usr/lib/libgomp.so.1.0.0
7f6be46a3000-7f6be46a7000 r--p 00000000 103:02 9226010                   /usr/lib/libmpg123.so.0.49.4
7f6be46a7000-7f6be46f7000 r-xp 00004000 103:02 9226010                   /usr/lib/libmpg123.so.0.49.4
7f6be46f7000-7f6be4712000 r--p 00054000 103:02 9226010                   /usr/lib/libmpg123.so.0.49.4
7f6be4712000-7f6be4713000 r--p 0006f000 103:02 9226010                   /usr/lib/libmpg123.so.0.49.4
7f6be4713000-7f6be4714000 rw-p 00070000 103:02 9226010                   /usr/lib/libmpg123.so.0.49.4
7f6be4714000-7f6be4715000 r--p 00000000 103:02 9182603                   /usr/lib/libbrotlienc.so.1.2.0
7f6be4715000-7f6be47ad000 r-xp 00001000 103:02 9182603                   /usr/lib/libbrotlienc.so.1.2.0
7f6be47ad000-7f6be47fe000 r--p 00099000 103:02 9182603                   /usr/lib/libbrotlienc.so.1.2.0
7f6be47fe000-7f6be47ff000 r--p 000e9000 103:02 9182603                   /usr/lib/libbrotlienc.so.1.2.0
7f6be47ff000-7f6be4800000 rw-p 000ea000 103:02 9182603                   /usr/lib/libbrotlienc.so.1.2.0
7f6be4800000-7f6be4819000 r--p 00000000 103:02 9226331                   /usr/lib/libfftw3.so.3.7.11
7f6be4819000-7f6be49cd000 r-xp 00019000 103:02 9226331                   /usr/lib/libfftw3.so.3.7.11
7f6be49cd000-7f6be49f4000 r--p 001cd000 103:02 9226331                   /usr/lib/libfftw3.so.3.7.11
7f6be49f4000-7f6be4a05000 r--p 001f3000 103:02 9226331                   /usr/lib/libfftw3.so.3.7.11
7f6be4a05000-7f6be4a06000 rw-p 00204000 103:02 9226331                   /usr/lib/libfftw3.so.3.7.11
7f6be4a06000-7f6be4a0a000 rw-s 16b214000 00:07 525                       /dev/dri/renderD128
7f6be4a0a000-7f6be4a0f000 rw-s 10a6f3000 00:07 525                       /dev/dri/renderD128
7f6be4a0f000-7f6be4a11000 r--p 00000000 103:02 9193561                   /usr/lib/libidn2.so.0.4.0
7f6be4a11000-7f6be4a16000 r-xp 00002000 103:02 9193561                   /usr/lib/libidn2.so.0.4.0
7f6be4a16000-7f6be4a30000 r--p 00007000 103:02 9193561                   /usr/lib/libidn2.so.0.4.0
7f6be4a30000-7f6be4a31000 r--p 00020000 103:02 9193561                   /usr/lib/libidn2.so.0.4.0
7f6be4a31000-7f6be4a32000 rw-p 00021000 103:02 9193561                   /usr/lib/libidn2.so.0.4.0
7f6be4a32000-7f6be4a37000 r--p 00000000 103:02 9217312                   /usr/lib/libpixman-1.so.0.46.4
7f6be4a37000-7f6be4b67000 r-xp 00005000 103:02 9217312                   /usr/lib/libpixman-1.so.0.46.4
7f6be4b67000-7f6be4b7b000 r--p 00135000 103:02 9217312                   /usr/lib/libpixman-1.so.0.46.4
7f6be4b7b000-7f6be4b83000 r--p 00148000 103:02 9217312                   /usr/lib/libpixman-1.so.0.46.4
7f6be4b83000-7f6be4b84000 rw-p 00150000 103:02 9217312                   /usr/lib/libpixman-1.so.0.46.4
7f6be4b84000-7f6be4b92000 r--p 00000000 103:02 9217676                   /usr/lib/libpango-1.0.so.0.5800.1
7f6be4b92000-7f6be4be0000 r-xp 0000e000 103:02 9217676                   /usr/lib/libpango-1.0.so.0.5800.1
7f6be4be0000-7f6be4bfb000 r--p 0005c000 103:02 9217676                   /usr/lib/libpango-1.0.so.0.5800.1
7f6be4bfb000-7f6be4bff000 r--p 00077000 103:02 9217676                   /usr/lib/libpango-1.0.so.0.5800.1
7f6be4bff000-7f6be4c00000 rw-p 0007b000 103:02 9217676                   /usr/lib/libpango-1.0.so.0.5800.1
7f6be4c00000-7f6be4c53000 r--p 00000000 103:02 9183155                   /usr/lib/libcrypto.so.3
7f6be4c53000-7f6be50dd000 r-xp 00053000 103:02 9183155                   /usr/lib/libcrypto.so.3
7f6be50dd000-7f6be5207000 r--p 004dd000 103:02 9183155                   /usr/lib/libcrypto.so.3
7f6be5207000-7f6be5286000 r--p 00606000 103:02 9183155                   /usr/lib/libcrypto.so.3
7f6be5286000-7f6be5289000 rw-p 00685000 103:02 9183155                   /usr/lib/libcrypto.so.3
7f6be5289000-7f6be528c000 rw-p 00000000 00:00 0 
7f6be528c000-7f6be528d000 r--p 00000000 103:02 9220202                   /usr/lib/libjxl_cms.so.0.12.0
7f6be528d000-7f6be52b7000 r-xp 00001000 103:02 9220202                   /usr/lib/libjxl_cms.so.0.12.0
7f6be52b7000-7f6be52bc000 r--p 0002b000 103:02 9220202                   /usr/lib/libjxl_cms.so.0.12.0
7f6be52bc000-7f6be52bd000 r--p 00030000 103:02 9220202                   /usr/lib/libjxl_cms.so.0.12.0
7f6be52bd000-7f6be52be000 rw-p 00031000 103:02 9220202                   /usr/lib/libjxl_cms.so.0.12.0
7f6be52be000-7f6be52cb000 r--p 00000000 103:02 9195421                   /usr/lib/libcurl.so.4.8.0
7f6be52cb000-7f6be53cb000 r-xp 0000d000 103:02 9195421                   /usr/lib/libcurl.so.4.8.0
7f6be53cb000-7f6be53f7000 r--p 0010d000 103:02 9195421                   /usr/lib/libcurl.so.4.8.0
7f6be53f7000-7f6be53fe000 r--p 00139000 103:02 9195421                   /usr/lib/libcurl.so.4.8.0
7f6be53fe000-7f6be53ff000 rw-p 00140000 103:02 9195421                   /usr/lib/libcurl.so.4.8.0
7f6be53ff000-7f6be5400000 rw-p 00000000 00:00 0 
7f6be5400000-7f6be5425000 r--p 00000000 103:02 9193879                   /usr/lib/libgnutls.so.30.42.0
7f6be5425000-7f6be55c4000 r-xp 00025000 103:02 9193879                   /usr/lib/libgnutls.so.30.42.0
7f6be55c4000-7f6be564d000 r--p 001c4000 103:02 9193879                   /usr/lib/libgnutls.so.30.42.0
7f6be564d000-7f6be565f000 r--p 0024c000 103:02 9193879                   /usr/lib/libgnutls.so.30.42.0
7f6be565f000-7f6be5661000 rw-p 0025e000 103:02 9193879                   /usr/lib/libgnutls.so.30.42.0
7f6be5661000-7f6be5665000 rw-p 00000000 00:00 0 
7f6be5668000-7f6be566a000 r--p 00000000 103:02 9193291                   /usr/lib/libtasn1.so.6.6.5
7f6be566a000-7f6be567c000 r-xp 00002000 103:02 9193291                   /usr/lib/libtasn1.so.6.6.5
7f6be567c000-7f6be567f000 r--p 00014000 103:02 9193291                   /usr/lib/libtasn1.so.6.6.5
7f6be567f000-7f6be5680000 r--p 00017000 103:02 9193291                   /usr/lib/libtasn1.so.6.6.5
7f6be5680000-7f6be5681000 rw-p 00018000 103:02 9193291                   /usr/lib/libtasn1.so.6.6.5
7f6be5681000-7f6be5683000 r--p 00000000 103:02 9220181                   /usr/lib/libhwy.so.1.4.0
7f6be5683000-7f6be568c000 r-xp 00002000 103:02 9220181                   /usr/lib/libhwy.so.1.4.0
7f6be568c000-7f6be568f000 r--p 0000b000 103:02 9220181                   /usr/lib/libhwy.so.1.4.0
7f6be568f000-7f6be5690000 r--p 0000d000 103:02 9220181                   /usr/lib/libhwy.so.1.4.0
7f6be5690000-7f6be5691000 rw-p 0000e000 103:02 9220181                   /usr/lib/libhwy.so.1.4.0
7f6be5691000-7f6be5692000 r--p 00000000 103:02 9225987                   /usr/lib/libsamplerate.so.0.2.2
7f6be5692000-7f6be5698000 r-xp 00001000 103:02 9225987                   /usr/lib/libsamplerate.so.0.2.2
7f6be5698000-7f6be57fe000 r--p 00007000 103:02 9225987                   /usr/lib/libsamplerate.so.0.2.2
7f6be57fe000-7f6be57ff000 r--p 0016d000 103:02 9225987                   /usr/lib/libsamplerate.so.0.2.2
7f6be57ff000-7f6be5800000 rw-p 0016e000 103:02 9225987                   /usr/lib/libsamplerate.so.0.2.2
7f6be5800000-7f6be580c000 r--p 00000000 103:02 9226225                   /usr/lib/libopenmpt.so.0.5.5
7f6be580c000-7f6be59d2000 r-xp 0000c000 103:02 9226225                   /usr/lib/libopenmpt.so.0.5.5
7f6be59d2000-7f6be5a20000 r--p 001d2000 103:02 9226225                   /usr/lib/libopenmpt.so.0.5.5
7f6be5a20000-7f6be5a25000 r--p 00220000 103:02 9226225                   /usr/lib/libopenmpt.so.0.5.5
7f6be5a25000-7f6be5a26000 rw-p 00225000 103:02 9226225                   /usr/lib/libopenmpt.so.0.5.5
7f6be5a26000-7f6be5a80000 rw-p 00000000 00:00 0 
7f6be5a80000-7f6be5a84000 rw-s 150d51000 00:07 525                       /dev/dri/renderD128
7f6be5a84000-7f6be5a85000 r--p 00000000 103:02 9731178                   /usr/lib/spa-0.2/support/libspa-journal.so
7f6be5a85000-7f6be5a87000 r-xp 00001000 103:02 9731178                   /usr/lib/spa-0.2/support/libspa-journal.so
7f6be5a87000-7f6be5a88000 r--p 00003000 103:02 9731178                   /usr/lib/spa-0.2/support/libspa-journal.so
7f6be5a88000-7f6be5a89000 r--p 00003000 103:02 9731178                   /usr/lib/spa-0.2/support/libspa-journal.so
7f6be5a89000-7f6be5a8a000 rw-p 00004000 103:02 9731178                   /usr/lib/spa-0.2/support/libspa-journal.so
7f6be5a8a000-7f6be5a90000 r--p 00000000 103:02 9214045                   /usr/lib/libxcb-render.so.0.0.0
7f6be5a90000-7f6be5a96000 r-xp 00006000 103:02 9214045                   /usr/lib/libxcb-render.so.0.0.0
7f6be5a96000-7f6be5a98000 r--p 0000c000 103:02 9214045                   /usr/lib/libxcb-render.so.0.0.0
7f6be5a98000-7f6be5a99000 r--p 0000e000 103:02 9214045                   /usr/lib/libxcb-render.so.0.0.0
7f6be5a99000-7f6be5a9a000 rw-p 0000f000 103:02 9214045                   /usr/lib/libxcb-render.so.0.0.0
7f6be5a9a000-7f6be5a9f000 r--p 00000000 103:02 9217682                   /usr/lib/libpangocairo-1.0.so.0.5800.1
7f6be5a9f000-7f6be5aa8000 r-xp 00005000 103:02 9217682                   /usr/lib/libpangocairo-1.0.so.0.5800.1
7f6be5aa8000-7f6be5aab000 r--p 0000e000 103:02 9217682                   /usr/lib/libpangocairo-1.0.so.0.5800.1
7f6be5aab000-7f6be5aac000 r--p 00010000 103:02 9217682                   /usr/lib/libpangocairo-1.0.so.0.5800.1
7f6be5aac000-7f6be5aad000 rw-p 00011000 103:02 9217682                   /usr/lib/libpangocairo-1.0.so.0.5800.1
7f6be5aad000-7f6be5ac1000 r--p 00000000 103:02 9709415                   /usr/lib/pulseaudio/libpulsecommon-17.0.so
7f6be5ac1000-7f6be5b10000 r-xp 00014000 103:02 9709415                   /usr/lib/pulseaudio/libpulsecommon-17.0.so
7f6be5b10000-7f6be5b36000 r--p 00063000 103:02 9709415                   /usr/lib/pulseaudio/libpulsecommon-17.0.so
7f6be5b36000-7f6be5b38000 r--p 00089000 103:02 9709415                   /usr/lib/pulseaudio/libpulsecommon-17.0.so
7f6be5b38000-7f6be5b39000 rw-p 0008b000 103:02 9709415                   /usr/lib/pulseaudio/libpulsecommon-17.0.so
7f6be5b39000-7f6be5b3b000 r--p 00000000 103:02 9226250                   /usr/lib/libsoxr.so.0.1.2
7f6be5b3b000-7f6be5b7b000 r-xp 00002000 103:02 9226250                   /usr/lib/libsoxr.so.0.1.2
7f6be5b7b000-7f6be5b81000 r--p 00042000 103:02 9226250                   /usr/lib/libsoxr.so.0.1.2
7f6be5b81000-7f6be5b83000 r--p 00047000 103:02 9226250                   /usr/lib/libsoxr.so.0.1.2
7f6be5b83000-7f6be5b84000 rw-p 00049000 103:02 9226250                   /usr/lib/libsoxr.so.0.1.2
7f6be5b84000-7f6be5bb9000 rw-p 00000000 00:00 0 
7f6be5bb9000-7f6be5bd4000 r--p 00000000 103:02 9226238                   /usr/lib/libdovi.so.3.4.0
7f6be5bd4000-7f6be5c53000 r-xp 0001a000 103:02 9226238                   /usr/lib/libdovi.so.3.4.0
7f6be5c53000-7f6be5c5b000 r--p 00098000 103:02 9226238                   /usr/lib/libdovi.so.3.4.0
7f6be5c5b000-7f6be5c5d000 rw-p 0009f000 103:02 9226238                   /usr/lib/libdovi.so.3.4.0
7f6be5c5d000-7f6be5c63000 r--p 00000000 103:02 9226162                   /usr/lib/libmodplug.so.1.0.0
7f6be5c63000-7f6be5cb2000 r-xp 00006000 103:02 9226162                   /usr/lib/libmodplug.so.1.0.0
7f6be5cb2000-7f6be5cc1000 r--p 00055000 103:02 9226162                   /usr/lib/libmodplug.so.1.0.0
7f6be5cc1000-7f6be5cc2000 r--p 00064000 103:02 9226162                   /usr/lib/libmodplug.so.1.0.0
7f6be5cc2000-7f6be5cc3000 rw-p 00065000 103:02 9226162                   /usr/lib/libmodplug.so.1.0.0
7f6be5cc3000-7f6be5e00000 rw-p 00000000 00:00 0 
7f6be5e00000-7f6be5e09000 r--p 00000000 103:02 9265574                   /usr/lib/libglslang.so.16.4.0
7f6be5e09000-7f6be6123000 r-xp 00009000 103:02 9265574                   /usr/lib/libglslang.so.16.4.0
7f6be6123000-7f6be61d8000 r--p 00323000 103:02 9265574                   /usr/lib/libglslang.so.16.4.0
7f6be61d8000-7f6be61e7000 r--p 003d7000 103:02 9265574                   /usr/lib/libglslang.so.16.4.0
7f6be61e7000-7f6be61e9000 rw-p 003e6000 103:02 9265574                   /usr/lib/libglslang.so.16.4.0
7f6be61e9000-7f6be68fd000 rw-p 00000000 00:00 0 
7f6be68fd000-7f6be68ff000 r--p 00000000 103:02 9217573                   /usr/lib/libdatrie.so.1.4.1
7f6be68ff000-7f6be6903000 r-xp 00002000 103:02 9217573                   /usr/lib/libdatrie.so.1.4.1
7f6be6903000-7f6be6904000 r--p 00006000 103:02 9217573                   /usr/lib/libdatrie.so.1.4.1
7f6be6904000-7f6be6905000 r--p 00006000 103:02 9217573                   /usr/lib/libdatrie.so.1.4.1
7f6be6905000-7f6be6906000 rw-p 00007000 103:02 9217573                   /usr/lib/libdatrie.so.1.4.1
7f6be6906000-7f6be6908000 r--p 00000000 103:02 9217542                   /usr/lib/libgraphite2.so.3.3.1
7f6be6908000-7f6be6921000 r-xp 00002000 103:02 9217542                   /usr/lib/libgraphite2.so.3.3.1
7f6be6921000-7f6be6926000 r--p 0001b000 103:02 9217542                   /usr/lib/libgraphite2.so.3.3.1
7f6be6926000-7f6be6928000 r--p 0001f000 103:02 9217542                   /usr/lib/libgraphite2.so.3.3.1
7f6be6928000-7f6be6929000 rw-p 00021000 103:02 9217542                   /usr/lib/libgraphite2.so.3.3.1
7f6be6929000-7f6be6930000 r--p 00000000 103:02 9220327                   /usr/lib/libgdk_pixbuf-2.0.so.0.4400.7
7f6be6930000-7f6be6966000 r-xp 00007000 103:02 9220327                   /usr/lib/libgdk_pixbuf-2.0.so.0.4400.7
7f6be6966000-7f6be6974000 r--p 0003d000 103:02 9220327                   /usr/lib/libgdk_pixbuf-2.0.so.0.4400.7
7f6be6974000-7f6be6976000 r--p 0004b000 103:02 9220327                   /usr/lib/libgdk_pixbuf-2.0.so.0.4400.7
7f6be6976000-7f6be6977000 rw-p 0004d000 103:02 9220327                   /usr/lib/libgdk_pixbuf-2.0.so.0.4400.7
7f6be6977000-7f6be6992000 r--p 00000000 103:02 9226820                   /usr/lib/libsrt.so.1.5.6
7f6be6992000-7f6be6a37000 r-xp 0001b000 103:02 9226820                   /usr/lib/libsrt.so.1.5.6
7f6be6a37000-7f6be6a59000 r--p 000c0000 103:02 9226820                   /usr/lib/libsrt.so.1.5.6
7f6be6a59000-7f6be6a5c000 r--p 000e1000 103:02 9226820                   /usr/lib/libsrt.so.1.5.6
7f6be6a5c000-7f6be6a5d000 rw-p 000e4000 103:02 9226820                   /usr/lib/libsrt.so.1.5.6
7f6be6a5d000-7f6be6a62000 rw-p 00000000 00:00 0 
7f6be6a62000-7f6be6a6c000 r--p 00000000 103:02 9219606                   /usr/lib/libvmaf.so.3.2.0
7f6be6a6c000-7f6be6b12000 r-xp 0000a000 103:02 9219606                   /usr/lib/libvmaf.so.3.2.0
7f6be6b12000-7f6be6b26000 r--p 000b0000 103:02 9219606                   /usr/lib/libvmaf.so.3.2.0
7f6be6b26000-7f6be6b29000 r--p 000c3000 103:02 9219606                   /usr/lib/libvmaf.so.3.2.0
7f6be6b29000-7f6be6bc0000 rw-p 000c6000 103:02 9219606                   /usr/lib/libvmaf.so.3.2.0
7f6be6bc0000-7f6be6c00000 rw-p 00000000 00:00 0 
7f6be6c00000-7f6be6c5e000 r--p 00000000 103:02 9226945                   /usr/lib/libx265.so.216
7f6be6c5e000-7f6be7f2c000 r-xp 0005e000 103:02 9226945                   /usr/lib/libx265.so.216
7f6be7f2c000-7f6be7fb3000 r--p 0132c000 103:02 9226945                   /usr/lib/libx265.so.216
7f6be7fb3000-7f6be7fc7000 r--p 013b3000 103:02 9226945                   /usr/lib/libx265.so.216
7f6be7fc7000-7f6be7fca000 rw-p 013c7000 103:02 9226945                   /usr/lib/libx265.so.216
7f6be7fca000-7f6be7fdc000 rw-p 00000000 00:00 0 
7f6be7fde000-7f6be7fe0000 r--p 00000000 103:02 9182497                   /usr/lib/libkeyutils.so.1.10
7f6be7fe0000-7f6be7fe2000 r-xp 00002000 103:02 9182497                   /usr/lib/libkeyutils.so.1.10
7f6be7fe2000-7f6be7fe3000 r--p 00004000 103:02 9182497                   /usr/lib/libkeyutils.so.1.10
7f6be7fe3000-7f6be7fe4000 r--p 00004000 103:02 9182497                   /usr/lib/libkeyutils.so.1.10
7f6be7fe4000-7f6be7fe5000 rw-p 00005000 103:02 9182497                   /usr/lib/libkeyutils.so.1.10
7f6be7fe5000-7f6be7fe9000 r--p 00000000 103:02 9226511                   /usr/lib/libbsd.so.0.12.2
7f6be7fe9000-7f6be7ff9000 r-xp 00004000 103:02 9226511                   /usr/lib/libbsd.so.0.12.2
7f6be7ff9000-7f6be7ffd000 r--p 00014000 103:02 9226511                   /usr/lib/libbsd.so.0.12.2
7f6be7ffd000-7f6be7ffe000 r--p 00017000 103:02 9226511                   /usr/lib/libbsd.so.0.12.2
7f6be7ffe000-7f6be7fff000 rw-p 00018000 103:02 9226511                   /usr/lib/libbsd.so.0.12.2
7f6be7fff000-7f6be8000000 rw-p 00000000 00:00 0 
7f6be8000000-7f6be8003000 r--p 00000000 103:02 9226935                   /usr/lib/libx264.so.165
7f6be8003000-7f6be81f4000 r-xp 00003000 103:02 9226935                   /usr/lib/libx264.so.165
7f6be81f4000-7f6be822d000 r--p 001f4000 103:02 9226935                   /usr/lib/libx264.so.165
7f6be822d000-7f6be822f000 r--p 0022c000 103:02 9226935                   /usr/lib/libx264.so.165
7f6be822f000-7f6be8230000 rw-p 0022e000 103:02 9226935                   /usr/lib/libx264.so.165
7f6be8230000-7f6be8329000 rw-p 00000000 00:00 0 
7f6be832c000-7f6be832e000 r--p 00000000 103:02 9182405                   /usr/lib/libcom_err.so.2.1
7f6be832e000-7f6be832f000 r-xp 00002000 103:02 9182405                   /usr/lib/libcom_err.so.2.1
7f6be832f000-7f6be8330000 r--p 00003000 103:02 9182405                   /usr/lib/libcom_err.so.2.1
7f6be8330000-7f6be8331000 r--p 00003000 103:02 9182405                   /usr/lib/libcom_err.so.2.1
7f6be8331000-7f6be8332000 rw-p 00004000 103:02 9182405                   /usr/lib/libcom_err.so.2.1
7f6be8332000-7f6be8334000 r--p 00000000 103:02 9182962                   /usr/lib/liblz4.so.1.10.0
7f6be8334000-7f6be8357000 r-xp 00002000 103:02 9182962                   /usr/lib/liblz4.so.1.10.0
7f6be8357000-7f6be835a000 r--p 00025000 103:02 9182962                   /usr/lib/liblz4.so.1.10.0
7f6be835a000-7f6be835b000 r--p 00027000 103:02 9182962                   /usr/lib/liblz4.so.1.10.0
7f6be835b000-7f6be835c000 rw-p 00028000 103:02 9182962                   /usr/lib/liblz4.so.1.10.0
7f6be835c000-7f6be836a000 r--p 00000000 103:02 9226254                   /usr/lib/libssh.so.4.12.0
7f6be836a000-7f6be83db000 r-xp 0000e000 103:02 9226254                   /usr/lib/libssh.so.4.12.0
7f6be83db000-7f6be83fc000 r--p 0007f000 103:02 9226254                   /usr/lib/libssh.so.4.12.0
7f6be83fc000-7f6be83fe000 r--p 000a0000 103:02 9226254                   /usr/lib/libssh.so.4.12.0
7f6be83fe000-7f6be8400000 rw-p 000a2000 103:02 9226254                   /usr/lib/libssh.so.4.12.0
7f6be8400000-7f6be8404000 r--p 00000000 103:02 9226826                   /usr/lib/libSvtAv1Enc.so.4.1.0
7f6be8404000-7f6be89ec000 r-xp 00004000 103:02 9226826                   /usr/lib/libSvtAv1Enc.so.4.1.0
7f6be89ec000-7f6be8aa5000 r--p 005ec000 103:02 9226826                   /usr/lib/libSvtAv1Enc.so.4.1.0
7f6be8aa5000-7f6be8aa8000 r--p 006a5000 103:02 9226826                   /usr/lib/libSvtAv1Enc.so.4.1.0
7f6be8aa8000-7f6be8aaa000 rw-p 006a8000 103:02 9226826                   /usr/lib/libSvtAv1Enc.so.4.1.0
7f6be8aaa000-7f6be8ae6000 rw-p 00000000 00:00 0 
7f6be8ae6000-7f6be8aea000 rw-s 372417000 00:07 525                       /dev/dri/renderD128
7f6be8aea000-7f6be8aec000 r--p 00000000 103:02 9226865                   /usr/lib/libv4l2.so.0.0.0
7f6be8aec000-7f6be8af4000 r-xp 00002000 103:02 9226865                   /usr/lib/libv4l2.so.0.0.0
7f6be8af4000-7f6be8af6000 r--p 0000a000 103:02 9226865                   /usr/lib/libv4l2.so.0.0.0
7f6be8af6000-7f6be8af7000 r--p 0000b000 103:02 9226865                   /usr/lib/libv4l2.so.0.0.0
7f6be8af7000-7f6be8afb000 rw-p 0000c000 103:02 9226865                   /usr/lib/libv4l2.so.0.0.0
7f6be8afb000-7f6be8afe000 r--p 00000000 103:02 9226156                   /usr/lib/libiec61883.so.0.1.1
7f6be8afe000-7f6be8b05000 r-xp 00003000 103:02 9226156                   /usr/lib/libiec61883.so.0.1.1
7f6be8b05000-7f6be8b09000 r--p 0000a000 103:02 9226156                   /usr/lib/libiec61883.so.0.1.1
7f6be8b09000-7f6be8b0a000 r--p 0000d000 103:02 9226156                   /usr/lib/libiec61883.so.0.1.1
7f6be8b0a000-7f6be8b0b000 rw-p 0000e000 103:02 9226156                   /usr/lib/libiec61883.so.0.1.1
7f6be8b0b000-7f6be8b4d000 r--p 00000000 103:02 9222886                   /usr/lib/libzmq.so.5.2.5
7f6be8b4d000-7f6be8bd3000 r-xp 00042000 103:02 9222886                   /usr/lib/libzmq.so.5.2.5
7f6be8bd3000-7f6be8bf5000 r--p 000c8000 103:02 9222886                   /usr/lib/libzmq.so.5.2.5
7f6be8bf5000-7f6be8bff000 r--p 000ea000 103:02 9222886                   /usr/lib/libzmq.so.5.2.5
7f6be8bff000-7f6be8c00000 rw-p 000f4000 103:02 9222886                   /usr/lib/libzmq.so.5.2.5
7f6be8c00000-7f6be8c70000 r--p 00000000 103:02 9226318                   /usr/lib/librav1e.so.0.8.1
7f6be8c70000-7f6be8ef5000 r-xp 0006f000 103:02 9226318                   /usr/lib/librav1e.so.0.8.1
7f6be8ef5000-7f6be8f18000 r--p 002f3000 103:02 9226318                   /usr/lib/librav1e.so.0.8.1
7f6be8f18000-7f6be8f1a000 rw-p 00315000 103:02 9226318                   /usr/lib/librav1e.so.0.8.1
7f6be8f1d000-7f6be8f1f000 r--p 00000000 103:02 9226167                   /usr/lib/libasyncns.so.0.3.1
7f6be8f1f000-7f6be8f22000 r-xp 00002000 103:02 9226167                   /usr/lib/libasyncns.so.0.3.1
7f6be8f22000-7f6be8f23000 r--p 00005000 103:02 9226167                   /usr/lib/libasyncns.so.0.3.1
7f6be8f23000-7f6be8f24000 r--p 00005000 103:02 9226167                   /usr/lib/libasyncns.so.0.3.1
7f6be8f24000-7f6be8f25000 rw-p 00006000 103:02 9226167                   /usr/lib/libasyncns.so.0.3.1
7f6be8f25000-7f6be8f2a000 r--p 00000000 103:02 9226049                   /usr/lib/libraw1394.so.11.1.0
7f6be8f2a000-7f6be8f33000 r-xp 00005000 103:02 9226049                   /usr/lib/libraw1394.so.11.1.0
7f6be8f33000-7f6be8f36000 r--p 0000e000 103:02 9226049                   /usr/lib/libraw1394.so.11.1.0
7f6be8f36000-7f6be8f37000 r--p 00010000 103:02 9226049                   /usr/lib/libraw1394.so.11.1.0
7f6be8f37000-7f6be8f38000 rw-p 00011000 103:02 9226049                   /usr/lib/libraw1394.so.11.1.0
7f6be8f38000-7f6be8f49000 r--p 00000000 103:02 9182245                   /usr/lib/libgmp.so.10.5.0
7f6be8f49000-7f6be8fe6000 r-xp 00011000 103:02 9182245                   /usr/lib/libgmp.so.10.5.0
7f6be8fe6000-7f6be8ffd000 r--p 000ae000 103:02 9182245                   /usr/lib/libgmp.so.10.5.0
7f6be8ffd000-7f6be8fff000 r--p 000c4000 103:02 9182245                   /usr/lib/libgmp.so.10.5.0
7f6be8fff000-7f6be9000000 rw-p 000c6000 103:02 9182245                   /usr/lib/libgmp.so.10.5.0
7f6be9000000-7f6be9003000 r--p 00000000 103:02 9226109                   /usr/lib/libopus.so.0.11.1
7f6be9003000-7f6be90bb000 r-xp 00003000 103:02 9226109                   /usr/lib/libopus.so.0.11.1
7f6be90bb000-7f6be9438000 r--p 000bb000 103:02 9226109                   /usr/lib/libopus.so.0.11.1
7f6be9438000-7f6be943c000 r--p 00437000 103:02 9226109                   /usr/lib/libopus.so.0.11.1
7f6be943c000-7f6be943d000 rw-p 0043b000 103:02 9226109                   /usr/lib/libopus.so.0.11.1
7f6be943f000-7f6be9441000 r--p 00000000 103:02 9226102                   /usr/lib/libvorbisfile.so.3.3.8
7f6be9441000-7f6be9447000 r-xp 00002000 103:02 9226102                   /usr/lib/libvorbisfile.so.3.3.8
7f6be9447000-7f6be9448000 r--p 00008000 103:02 9226102                   /usr/lib/libvorbisfile.so.3.3.8
7f6be9448000-7f6be9449000 r--p 00009000 103:02 9226102                   /usr/lib/libvorbisfile.so.3.3.8
7f6be9449000-7f6be944a000 rw-p 0000a000 103:02 9226102                   /usr/lib/libvorbisfile.so.3.3.8
7f6be944a000-7f6be944c000 r--p 00000000 103:02 9182143                   /usr/lib/libacl.so.1.2.2400
7f6be944c000-7f6be9454000 r-xp 00002000 103:02 9182143                   /usr/lib/libacl.so.1.2.2400
7f6be9454000-7f6be9456000 r--p 0000a000 103:02 9182143                   /usr/lib/libacl.so.1.2.2400
7f6be9456000-7f6be9457000 r--p 0000b000 103:02 9182143                   /usr/lib/libacl.so.1.2.2400
7f6be9457000-7f6be9458000 rw-p 0000c000 103:02 9182143                   /usr/lib/libacl.so.1.2.2400
7f6be9458000-7f6be945b000 r--p 00000000 103:02 9226147                   /usr/lib/libdvdread.so.8.2.0
7f6be945b000-7f6be947b000 r-xp 00003000 103:02 9226147                   /usr/lib/libdvdread.so.8.2.0
7f6be947b000-7f6be9485000 r--p 00023000 103:02 9226147                   /usr/lib/libdvdread.so.8.2.0
7f6be9485000-7f6be9486000 r--p 0002c000 103:02 9226147                   /usr/lib/libdvdread.so.8.2.0
7f6be9486000-7f6be9487000 rw-p 0002d000 103:02 9226147                   /usr/lib/libdvdread.so.8.2.0
7f6be9487000-7f6be948a000 r--p 00000000 103:02 9226284                   /usr/lib/libOpenCL.so.1.0.0
7f6be948a000-7f6be94af000 r-xp 00003000 103:02 9226284                   /usr/lib/libOpenCL.so.1.0.0
7f6be94af000-7f6be94be000 r--p 00028000 103:02 9226284                   /usr/lib/libOpenCL.so.1.0.0
7f6be94be000-7f6be94c0000 r--p 00036000 103:02 9226284                   /usr/lib/libOpenCL.so.1.0.0
7f6be94c0000-7f6be94c1000 rw-p 00038000 103:02 9226284                   /usr/lib/libOpenCL.so.1.0.0
7f6be94c1000-7f6be94c2000 r--p 00000000 103:02 9264717                   /usr/lib/libxvidcore.so.4.3
7f6be94c2000-7f6be957b000 r-xp 00001000 103:02 9264717                   /usr/lib/libxvidcore.so.4.3
7f6be957b000-7f6be958c000 r--p 000ba000 103:02 9264717                   /usr/lib/libxvidcore.so.4.3
7f6be958c000-7f6be958d000 r--p 000ca000 103:02 9264717                   /usr/lib/libxvidcore.so.4.3
7f6be958d000-7f6be9597000 rw-p 000cb000 103:02 9264717                   /usr/lib/libxvidcore.so.4.3
7f6be9597000-7f6be9600000 rw-p 00000000 00:00 0 
7f6be9600000-7f6be9604000 r--p 00000000 103:02 9220197                   /usr/lib/libjxl.so.0.12.0
7f6be9604000-7f6be9af5000 r-xp 00004000 103:02 9220197                   /usr/lib/libjxl.so.0.12.0
7f6be9af5000-7f6be9b59000 r--p 004f5000 103:02 9220197                   /usr/lib/libjxl.so.0.12.0
7f6be9b59000-7f6be9b61000 r--p 00558000 103:02 9220197                   /usr/lib/libjxl.so.0.12.0
7f6be9b61000-7f6be9b62000 rw-p 00560000 103:02 9220197                   /usr/lib/libjxl.so.0.12.0
7f6be9b62000-7f6be9be0000 rw-p 00000000 00:00 0 
7f6be9be1000-7f6be9be6000 r--p 00000000 103:02 9226233                   /usr/lib/libshaderc_shared.so.1
7f6be9be6000-7f6be9bfa000 r-xp 00005000 103:02 9226233                   /usr/lib/libshaderc_shared.so.1
7f6be9bfa000-7f6be9bfe000 r--p 00019000 103:02 9226233                   /usr/lib/libshaderc_shared.so.1
7f6be9bfe000-7f6be9bff000 r--p 0001c000 103:02 9226233                   /usr/lib/libshaderc_shared.so.1
7f6be9bff000-7f6be9c00000 rw-p 0001d000 103:02 9226233                   /usr/lib/libshaderc_shared.so.1
7f6be9c00000-7f6be9c03000 r--p 00000000 103:02 9227010                   /usr/lib/libaom.so.3.14.1
7f6be9c03000-7f6bea30e000 r-xp 00003000 103:02 9227010                   /usr/lib/libaom.so.3.14.1
7f6bea30e000-7f6bea3ee000 r--p 0070e000 103:02 9227010                   /usr/lib/libaom.so.3.14.1
7f6bea3ee000-7f6bea3ff000 r--p 007ee000 103:02 9227010                   /usr/lib/libaom.so.3.14.1
7f6bea3ff000-7f6bea401000 rw-p 007ff000 103:02 9227010                   /usr/lib/libaom.so.3.14.1
7f6bea401000-7f6bea458000 rw-p 00000000 00:00 0 
7f6bea458000-7f6bea459000 r--p 00000000 103:02 9220058                   /usr/lib/libsharpyuv.so.0.1.2
7f6bea459000-7f6bea461000 r-xp 00001000 103:02 9220058                   /usr/lib/libsharpyuv.so.0.1.2
7f6bea461000-7f6bea462000 r--p 00009000 103:02 9220058                   /usr/lib/libsharpyuv.so.0.1.2
7f6bea462000-7f6bea463000 r--p 00009000 103:02 9220058                   /usr/lib/libsharpyuv.so.0.1.2
7f6bea463000-7f6bea464000 rw-p 0000a000 103:02 9220058                   /usr/lib/libsharpyuv.so.0.1.2
7f6bea464000-7f6bea465000 rw-p 00000000 00:00 0 
7f6bea465000-7f6bea467000 r--p 00000000 103:02 9218012                   /usr/lib/libunwind.so.8.2.0
7f6bea467000-7f6bea474000 r-xp 00002000 103:02 9218012                   /usr/lib/libunwind.so.8.2.0
7f6bea474000-7f6bea476000 r--p 0000f000 103:02 9218012                   /usr/lib/libunwind.so.8.2.0
7f6bea476000-7f6bea477000 r--p 00011000 103:02 9218012                   /usr/lib/libunwind.so.8.2.0
7f6bea477000-7f6bea478000 rw-p 00012000 103:02 9218012                   /usr/lib/libunwind.so.8.2.0
7f6bea478000-7f6bea482000 rw-p 00000000 00:00 0 
7f6bea482000-7f6bea485000 r--p 00000000 103:02 9220061                   /usr/lib/libwebp.so.7.2.0
7f6bea485000-7f6bea551000 r-xp 00003000 103:02 9220061                   /usr/lib/libwebp.so.7.2.0
7f6bea551000-7f6bea563000 r--p 000cf000 103:02 9220061                   /usr/lib/libwebp.so.7.2.0
7f6bea563000-7f6bea564000 r--p 000e0000 103:02 9220061                   /usr/lib/libwebp.so.7.2.0
7f6bea564000-7f6bea565000 rw-p 000e1000 103:02 9220061                   /usr/lib/libwebp.so.7.2.0
7f6bea565000-7f6bea566000 rw-p 00000000 00:00 0 
7f6bea566000-7f6bea567000 r--p 00000000 103:02 9226099                   /usr/lib/libvorbisenc.so.2.0.12
7f6bea567000-7f6bea56c000 r-xp 00001000 103:02 9226099                   /usr/lib/libvorbisenc.so.2.0.12
7f6bea56c000-7f6bea5e3000 r--p 00006000 103:02 9226099                   /usr/lib/libvorbisenc.so.2.0.12
7f6bea5e3000-7f6bea5ff000 r--p 0007c000 103:02 9226099                   /usr/lib/libvorbisenc.so.2.0.12
7f6bea5ff000-7f6bea600000 rw-p 00098000 103:02 9226099                   /usr/lib/libvorbisenc.so.2.0.12
7f6bea600000-7f6bea609000 r--p 00000000 103:02 9220224                   /usr/lib/librsvg-2.so.2.62.3
7f6bea609000-7f6bea913000 r-xp 00009000 103:02 9220224                   /usr/lib/librsvg-2.so.2.62.3
7f6bea913000-7f6beaa2f000 r--p 00313000 103:02 9220224                   /usr/lib/librsvg-2.so.2.62.3
7f6beaa2f000-7f6beaaa0000 r--p 0042f000 103:02 9220224                   /usr/lib/librsvg-2.so.2.62.3
7f6beaaa0000-7f6beaaa1000 rw-p 004a0000 103:02 9220224                   /usr/lib/librsvg-2.so.2.62.3
7f6beaaa3000-7f6beaaa8000 r--p 00000000 103:02 9226922                   /usr/lib/libvidstab.so.1.2
7f6beaaa8000-7f6beaab6000 r-xp 00005000 103:02 9226922                   /usr/lib/libvidstab.so.1.2
7f6beaab6000-7f6beaaba000 r--p 00013000 103:02 9226922                   /usr/lib/libvidstab.so.1.2
7f6beaaba000-7f6beaabb000 r--p 00016000 103:02 9226922                   /usr/lib/libvidstab.so.1.2
7f6beaabb000-7f6beaabc000 rw-p 00017000 103:02 9226922                   /usr/lib/libvidstab.so.1.2
7f6beaabc000-7f6beaac0000 r--p 00000000 103:02 9226291                   /usr/lib/libvpl.so.2.17
7f6beaac0000-7f6beab19000 r-xp 00004000 103:02 9226291                   /usr/lib/libvpl.so.2.17
7f6beab19000-7f6beab2c000 r--p 0005d000 103:02 9226291                   /usr/lib/libvpl.so.2.17
7f6beab2c000-7f6beab2e000 r--p 0006f000 103:02 9226291                   /usr/lib/libvpl.so.2.17
7f6beab2e000-7f6beab2f000 rw-p 00071000 103:02 9226291                   /usr/lib/libvpl.so.2.17
7f6beab2f000-7f6beab33000 r--p 00000000 103:02 9226096                   /usr/lib/libvorbis.so.0.4.9
7f6beab33000-7f6beab64000 r-xp 00004000 103:02 9226096                   /usr/lib/libvorbis.so.0.4.9
7f6beab64000-7f6beab76000 r--p 00035000 103:02 9226096                   /usr/lib/libvorbis.so.0.4.9
7f6beab76000-7f6beab77000 r--p 00046000 103:02 9226096                   /usr/lib/libvorbis.so.0.4.9
7f6beab77000-7f6beab78000 rw-p 00047000 103:02 9226096                   /usr/lib/libvorbis.so.0.4.9
7f6beab78000-7f6beab7f000 r--p 00000000 103:02 9226307                   /usr/lib/libopenjp2.so.2.5.4
7f6beab7f000-7f6beabe9000 r-xp 00007000 103:02 9226307                   /usr/lib/libopenjp2.so.2.5.4
7f6beabe9000-7f6beabfd000 r--p 00071000 103:02 9226307                   /usr/lib/libopenjp2.so.2.5.4
7f6beabfd000-7f6beabff000 r--p 00084000 103:02 9226307                   /usr/lib/libopenjp2.so.2.5.4
7f6beabff000-7f6beac00000 rw-p 00086000 103:02 9226307                   /usr/lib/libopenjp2.so.2.5.4
7f6beac00000-7f6beac02000 r--p 00000000 103:02 9220216                   /usr/lib/libdav1d.so.7.0.0
7f6beac02000-7f6beadd1000 r-xp 00002000 103:02 9220216                   /usr/lib/libdav1d.so.7.0.0
7f6beadd1000-7f6beae0c000 r--p 001d1000 103:02 9220216                   /usr/lib/libdav1d.so.7.0.0
7f6beae0c000-7f6beae10000 r--p 0020b000 103:02 9220216                   /usr/lib/libdav1d.so.7.0.0
7f6beae10000-7f6beae11000 rw-p 0020f000 103:02 9220216                   /usr/lib/libdav1d.so.7.0.0
7f6beae11000-7f6beae35000 rw-p 00000000 00:00 0 
7f6beae37000-7f6beae38000 r--p 00000000 103:02 9226264                   /usr/lib/libtheoraenc.so.2.2.1
7f6beae38000-7f6beae63000 r-xp 00001000 103:02 9226264                   /usr/lib/libtheoraenc.so.2.2.1
7f6beae63000-7f6beae6f000 r--p 0002c000 103:02 9226264                   /usr/lib/libtheoraenc.so.2.2.1
7f6beae6f000-7f6beae70000 r--p 00037000 103:02 9226264                   /usr/lib/libtheoraenc.so.2.2.1
7f6beae70000-7f6beae71000 rw-p 00038000 103:02 9226264                   /usr/lib/libtheoraenc.so.2.2.1
7f6beae71000-7f6beae7f000 r--p 00000000 103:02 9217323                   /usr/lib/libcairo.so.2.11804.4
7f6beae7f000-7f6beafbd000 r-xp 0000e000 103:02 9217323                   /usr/lib/libcairo.so.2.11804.4
7f6beafbd000-7f6beaff9000 r--p 0014c000 103:02 9217323                   /usr/lib/libcairo.so.2.11804.4
7f6beaff9000-7f6beaffd000 r--p 00188000 103:02 9217323                   /usr/lib/libcairo.so.2.11804.4
7f6beaffd000-7f6beafff000 rw-p 0018c000 103:02 9217323                   /usr/lib/libcairo.so.2.11804.4
7f6beafff000-7f6beb000000 rw-p 00000000 00:00 0 
7f6beb000000-7f6beb002000 r--p 00000000 103:02 9226277                   /usr/lib/libvpx.so.12.0.0
7f6beb002000-7f6beb2e3000 r-xp 00002000 103:02 9226277                   /usr/lib/libvpx.so.12.0.0
7f6beb2e3000-7f6beb323000 r--p 002e3000 103:02 9226277                   /usr/lib/libvpx.so.12.0.0
7f6beb323000-7f6beb326000 r--p 00323000 103:02 9226277                   /usr/lib/libvpx.so.12.0.0
7f6beb326000-7f6beb327000 rw-p 00326000 103:02 9226277                   /usr/lib/libvpx.so.12.0.0
7f6beb327000-7f6beb32e000 rw-p 00000000 00:00 0 
7f6beb330000-7f6beb332000 r--p 00000000 103:02 9226077                   /usr/lib/libogg.so.0.8.6
7f6beb332000-7f6beb336000 r-xp 00002000 103:02 9226077                   /usr/lib/libogg.so.0.8.6
7f6beb336000-7f6beb339000 r--p 00006000 103:02 9226077                   /usr/lib/libogg.so.0.8.6
7f6beb339000-7f6beb33a000 r--p 00009000 103:02 9226077                   /usr/lib/libogg.so.0.8.6
7f6beb33a000-7f6beb33b000 rw-p 0000a000 103:02 9226077                   /usr/lib/libogg.so.0.8.6
7f6beb33b000-7f6beb33d000 r--p 00000000 103:02 9226261                   /usr/lib/libtheoradec.so.2.1.1
7f6beb33d000-7f6beb355000 r-xp 00002000 103:02 9226261                   /usr/lib/libtheoradec.so.2.1.1
7f6beb355000-7f6beb357000 r--p 0001a000 103:02 9226261                   /usr/lib/libtheoradec.so.2.1.1
7f6beb357000-7f6beb358000 r--p 0001b000 103:02 9226261                   /usr/lib/libtheoradec.so.2.1.1
7f6beb358000-7f6beb359000 rw-p 0001c000 103:02 9226261                   /usr/lib/libtheoradec.so.2.1.1
7f6beb359000-7f6beb35b000 r--p 00000000 103:02 9226809                   /usr/lib/libspeex.so.1.5.2
7f6beb35b000-7f6beb381000 r-xp 00002000 103:02 9226809                   /usr/lib/libspeex.so.1.5.2
7f6beb381000-7f6beb387000 r--p 00028000 103:02 9226809                   /usr/lib/libspeex.so.1.5.2
7f6beb387000-7f6beb388000 r--p 0002d000 103:02 9226809                   /usr/lib/libspeex.so.1.5.2
7f6beb388000-7f6beb389000 rw-p 0002e000 103:02 9226809                   /usr/lib/libspeex.so.1.5.2
7f6beb389000-7f6beb38a000 r--p 00000000 103:02 9226297                   /usr/lib/libopencore-amrnb.so.0.0.5
7f6beb38a000-7f6beb3c9000 r-xp 00001000 103:02 9226297                   /usr/lib/libopencore-amrnb.so.0.0.5
7f6beb3c9000-7f6beb3d3000 r--p 00040000 103:02 9226297                   /usr/lib/libopencore-amrnb.so.0.0.5
7f6beb3d3000-7f6beb3d4000 r--p 00049000 103:02 9226297                   /usr/lib/libopencore-amrnb.so.0.0.5
7f6beb3d4000-7f6beb3d5000 rw-p 0004a000 103:02 9226297                   /usr/lib/libopencore-amrnb.so.0.0.5
7f6beb3d5000-7f6beb3da000 r--p 00000000 103:02 9220018                   /usr/lib/libmp3lame.so.0.0.0
7f6beb3da000-7f6beb41e000 r-xp 00005000 103:02 9220018                   /usr/lib/libmp3lame.so.0.0.0
7f6beb41e000-7f6beb42b000 r--p 00049000 103:02 9220018                   /usr/lib/libmp3lame.so.0.0.0
7f6beb42b000-7f6beb42c000 r--p 00056000 103:02 9220018                   /usr/lib/libmp3lame.so.0.0.0
7f6beb42c000-7f6beb42d000 rw-p 00057000 103:02 9220018                   /usr/lib/libmp3lame.so.0.0.0
7f6beb42d000-7f6beb43e000 rw-p 00000000 00:00 0 
7f6beb43e000-7f6beb43f000 r--p 00000000 103:02 9226300                   /usr/lib/libopencore-amrwb.so.0.0.5
7f6beb43f000-7f6beb457000 r-xp 00001000 103:02 9226300                   /usr/lib/libopencore-amrwb.so.0.0.5
7f6beb457000-7f6beb45e000 r--p 00019000 103:02 9226300                   /usr/lib/libopencore-amrwb.so.0.0.5
7f6beb45e000-7f6beb45f000 r--p 0001f000 103:02 9226300                   /usr/lib/libopencore-amrwb.so.0.0.5
7f6beb45f000-7f6beb460000 rw-p 00020000 103:02 9226300                   /usr/lib/libopencore-amrwb.so.0.0.5
7f6beb460000-7f6beb46d000 r--p 00000000 103:02 9217564                   /usr/lib/libharfbuzz.so.0.61430.0
7f6beb46d000-7f6beb58e000 r-xp 0000d000 103:02 9217564                   /usr/lib/libharfbuzz.so.0.61430.0
7f6beb58e000-7f6beb5c2000 r--p 0012e000 103:02 9217564                   /usr/lib/libharfbuzz.so.0.61430.0
7f6beb5c2000-7f6beb5c4000 r--p 00161000 103:02 9217564                   /usr/lib/libharfbuzz.so.0.61430.0
7f6beb5c4000-7f6beb5c5000 rw-p 00163000 103:02 9217564                   /usr/lib/libharfbuzz.so.0.61430.0
7f6beb5c5000-7f6beb5c8000 r--p 00000000 103:02 9270675                   /usr/lib/libva.so.2.2400.0
7f6beb5c8000-7f6beb5ea000 r-xp 00003000 103:02 9270675                   /usr/lib/libva.so.2.2400.0
7f6beb5ea000-7f6beb5fe000 r--p 00025000 103:02 9270675                   /usr/lib/libva.so.2.2400.0
7f6beb5fe000-7f6beb5ff000 r--p 00038000 103:02 9270675                   /usr/lib/libva.so.2.2400.0
7f6beb5ff000-7f6beb600000 rw-p 00039000 103:02 9270675                   /usr/lib/libva.so.2.2400.0
7f6beb600000-7f6beb609000 r--p 00000000 103:02 9262302                   /usr/lib/libopenal.so.1.25.2
7f6beb609000-7f6beb77c000 r-xp 00009000 103:02 9262302                   /usr/lib/libopenal.so.1.25.2
7f6beb77c000-7f6beb7d7000 r--p 0017c000 103:02 9262302                   /usr/lib/libopenal.so.1.25.2
7f6beb7d7000-7f6beb7e1000 r--p 001d6000 103:02 9262302                   /usr/lib/libopenal.so.1.25.2
7f6beb7e1000-7f6beb809000 rw-p 001e0000 103:02 9262302                   /usr/lib/libopenal.so.1.25.2
7f6beb809000-7f6beb8ea000 rw-p 00000000 00:00 0 
7f6beb8ec000-7f6beb8ee000 r--p 00000000 103:02 9225930                   /usr/lib/libglslang-default-resource-limits.so.16.4.0
7f6beb8ee000-7f6beb8f2000 r-xp 00002000 103:02 9225930                   /usr/lib/libglslang-default-resource-limits.so.16.4.0
7f6beb8f2000-7f6beb8f4000 r--p 00006000 103:02 9225930                   /usr/lib/libglslang-default-resource-limits.so.16.4.0
7f6beb8f4000-7f6beb8f5000 r--p 00008000 103:02 9225930                   /usr/lib/libglslang-default-resource-limits.so.16.4.0
7f6beb8f5000-7f6beb8f6000 rw-p 00009000 103:02 9225930                   /usr/lib/libglslang-default-resource-limits.so.16.4.0
7f6beb8f6000-7f6beb92b000 r--p 00000000 103:02 28594856                  /home/arcady/.gradle/jdks/jetbrains_s_r_o_-21-amd64-linux.2/lib/libvulkan.so.1
7f6beb92b000-7f6beb98c000 r-xp 00034000 103:02 28594856                  /home/arcady/.gradle/jdks/jetbrains_s_r_o_-21-amd64-linux.2/lib/libvulkan.so.1
7f6beb98c000-7f6beb990000 r--p 00094000 103:02 28594856                  /home/arcady/.gradle/jdks/jetbrains_s_r_o_-21-amd64-linux.2/lib/libvulkan.so.1
7f6beb990000-7f6beb991000 rw-p 00097000 103:02 28594856                  /home/arcady/.gradle/jdks/jetbrains_s_r_o_-21-amd64-linux.2/lib/libvulkan.so.1
7f6beb991000-7f6beb993000 rw-p 00000000 00:00 0 
7f6beb993000-7f6beb997000 r--p 00000000 103:02 9217488                   /usr/lib/libxkbcommon.so.0.13.2
7f6beb997000-7f6beb9d3000 r-xp 00004000 103:02 9217488                   /usr/lib/libxkbcommon.so.0.13.2
7f6beb9d3000-7f6beb9fd000 r--p 00040000 103:02 9217488                   /usr/lib/libxkbcommon.so.0.13.2
7f6beb9fd000-7f6beb9ff000 r--p 00069000 103:02 9217488                   /usr/lib/libxkbcommon.so.0.13.2
7f6beb9ff000-7f6beba00000 rw-p 0006b000 103:02 9217488                   /usr/lib/libxkbcommon.so.0.13.2
7f6beba00000-7f6beba04000 r--p 00000000 103:02 9262181                   /usr/lib/libswscale.so.9.5.102
7f6beba04000-7f6bebc56000 r-xp 00004000 103:02 9262181                   /usr/lib/libswscale.so.9.5.102
7f6bebc56000-7f6bebc7b000 r--p 00256000 103:02 9262181                   /usr/lib/libswscale.so.9.5.102
7f6bebc7b000-7f6bebc8a000 r--p 0027a000 103:02 9262181                   /usr/lib/libswscale.so.9.5.102
7f6bebc8a000-7f6bebc8b000 rw-p 00289000 103:02 9262181                   /usr/lib/libswscale.so.9.5.102
7f6bebc8b000-7f6bebccf000 rw-p 00000000 00:00 0 
7f6bebccf000-7f6bebcd4000 rw-s 180dc9000 00:07 525                       /dev/dri/renderD128
7f6bebcd4000-7f6bebcd8000 r--p 00000000 103:02 9182655                   /usr/lib/liblzma.so.5.8.3
7f6bebcd8000-7f6bebcfa000 r-xp 00004000 103:02 9182655                   /usr/lib/liblzma.so.5.8.3
7f6bebcfa000-7f6bebd07000 r--p 00026000 103:02 9182655                   /usr/lib/liblzma.so.5.8.3
7f6bebd07000-7f6bebd08000 r--p 00033000 103:02 9182655                   /usr/lib/liblzma.so.5.8.3
7f6bebd08000-7f6bebd09000 rw-p 00034000 103:02 9182655                   /usr/lib/liblzma.so.5.8.3
7f6bebd09000-7f6bebd16000 r--p 00000000 103:02 9225594                   /usr/lib/libpipewire-0.3.so.0.1608.0
7f6bebd16000-7f6bebdb3000 r-xp 0000d000 103:02 9225594                   /usr/lib/libpipewire-0.3.so.0.1608.0
7f6bebdb3000-7f6bebdd5000 r--p 000aa000 103:02 9225594                   /usr/lib/libpipewire-0.3.so.0.1608.0
7f6bebdd5000-7f6bebdfe000 r--p 000cc000 103:02 9225594                   /usr/lib/libpipewire-0.3.so.0.1608.0
7f6bebdfe000-7f6bebdff000 rw-p 000f5000 103:02 9225594                   /usr/lib/libpipewire-0.3.so.0.1608.0
7f6bebdff000-7f6bebe00000 rw-p 00000000 00:00 0 
7f6bebe00000-7f6bebe0d000 r--p 00000000 103:02 9226999                   /usr/lib/libavutil.so.60.26.102
7f6bebe0d000-7f6bebf04000 r-xp 0000d000 103:02 9226999                   /usr/lib/libavutil.so.60.26.102
7f6bebf04000-7f6bebf2d000 r--p 00104000 103:02 9226999                   /usr/lib/libavutil.so.60.26.102
7f6bebf2d000-7f6bebf43000 r--p 0012d000 103:02 9226999                   /usr/lib/libavutil.so.60.26.102
7f6bebf43000-7f6bebf44000 rw-p 00143000 103:02 9226999                   /usr/lib/libavutil.so.60.26.102
7f6bebf44000-7f6bec053000 rw-p 00000000 00:00 0 
7f6bec054000-7f6bec055000 r--p 00000000 103:02 9226063                   /usr/lib/librom1394.so.0.3.0
7f6bec055000-7f6bec058000 r-xp 00001000 103:02 9226063                   /usr/lib/librom1394.so.0.3.0
7f6bec058000-7f6bec059000 r--p 00004000 103:02 9226063                   /usr/lib/librom1394.so.0.3.0
7f6bec059000-7f6bec05a000 r--p 00004000 103:02 9226063                   /usr/lib/librom1394.so.0.3.0
7f6bec05a000-7f6bec05b000 rw-p 00005000 103:02 9226063                   /usr/lib/librom1394.so.0.3.0
7f6bec05b000-7f6bec05d000 r--p 00000000 103:02 9225938                   /usr/lib/libgsm.so.1.0.22
7f6bec05d000-7f6bec06d000 r-xp 00002000 103:02 9225938                   /usr/lib/libgsm.so.1.0.22
7f6bec06d000-7f6bec06f000 r--p 00012000 103:02 9225938                   /usr/lib/libgsm.so.1.0.22
7f6bec06f000-7f6bec070000 r--p 00013000 103:02 9225938                   /usr/lib/libgsm.so.1.0.22
7f6bec070000-7f6bec071000 rw-p 00014000 103:02 9225938                   /usr/lib/libgsm.so.1.0.22
7f6bec071000-7f6bec077000 r--p 00000000 103:02 9238181                   /usr/lib/libsixel.so.1.0.0
7f6bec077000-7f6bec0bc000 r-xp 00006000 103:02 9238181                   /usr/lib/libsixel.so.1.0.0
7f6bec0bc000-7f6bec0c7000 r--p 0004b000 103:02 9238181                   /usr/lib/libsixel.so.1.0.0
7f6bec0c7000-7f6bec0de000 r--p 00055000 103:02 9238181                   /usr/lib/libsixel.so.1.0.0
7f6bec0de000-7f6bec0df000 rw-p 0006c000 103:02 9238181                   /usr/lib/libsixel.so.1.0.0
7f6bec0df000-7f6bec101000 r--p 00000000 103:02 9220223                   /usr/lib/libasound.so.2.0.0
7f6bec101000-7f6bec1c4000 r-xp 00022000 103:02 9220223                   /usr/lib/libasound.so.2.0.0
7f6bec1c4000-7f6bec1f7000 r--p 000e5000 103:02 9220223                   /usr/lib/libasound.so.2.0.0
7f6bec1f7000-7f6bec1ff000 r--p 00117000 103:02 9220223                   /usr/lib/libasound.so.2.0.0
7f6bec1ff000-7f6bec200000 rw-p 0011f000 103:02 9220223                   /usr/lib/libasound.so.2.0.0
7f6bec200000-7f6bec211000 r--p 00000000 103:02 9226993                   /usr/lib/libavformat.so.62.12.102
7f6bec211000-7f6bec45c000 r-xp 00011000 103:02 9226993                   /usr/lib/libavformat.so.62.12.102
7f6bec45c000-7f6bec4e5000 r--p 0025c000 103:02 9226993                   /usr/lib/libavformat.so.62.12.102
7f6bec4e5000-7f6bec51e000 r--p 002e5000 103:02 9226993                   /usr/lib/libavformat.so.62.12.102
7f6bec51e000-7f6bec51f000 rw-p 0031e000 103:02 9226993                   /usr/lib/libavformat.so.62.12.102
7f6bec51f000-7f6bec523000 rw-s 143d75000 00:07 525                       /dev/dri/renderD128
7f6bec523000-7f6bec526000 r--p 00000000 103:02 9226414                   /usr/lib/libsnappy.so.1.2.2
7f6bec526000-7f6bec530000 r-xp 00003000 103:02 9226414                   /usr/lib/libsnappy.so.1.2.2
7f6bec530000-7f6bec533000 r--p 0000d000 103:02 9226414                   /usr/lib/libsnappy.so.1.2.2
7f6bec533000-7f6bec534000 r--p 0000f000 103:02 9226414                   /usr/lib/libsnappy.so.1.2.2
7f6bec534000-7f6bec535000 rw-p 00010000 103:02 9226414                   /usr/lib/libsnappy.so.1.2.2
7f6bec535000-7f6bec536000 r--p 00000000 103:02 9226038                   /usr/lib/libunibreak.so.7.0.0
7f6bec536000-7f6bec539000 r-xp 00001000 103:02 9226038                   /usr/lib/libunibreak.so.7.0.0
7f6bec539000-7f6bec556000 r--p 00004000 103:02 9226038                   /usr/lib/libunibreak.so.7.0.0
7f6bec556000-7f6bec557000 r--p 00020000 103:02 9226038                   /usr/lib/libunibreak.so.7.0.0
7f6bec557000-7f6bec558000 rw-p 00021000 103:02 9226038                   /usr/lib/libunibreak.so.7.0.0
7f6bec558000-7f6bec55d000 r--p 00000000 103:02 9219086                   /usr/lib/libjpeg.so.8.3.2
7f6bec55d000-7f6bec5d7000 r-xp 00005000 103:02 9219086                   /usr/lib/libjpeg.so.8.3.2
7f6bec5d7000-7f6bec5fe000 r--p 0007f000 103:02 9219086                   /usr/lib/libjpeg.so.8.3.2
7f6bec5fe000-7f6bec5ff000 r--p 000a6000 103:02 9219086                   /usr/lib/libjpeg.so.8.3.2
7f6bec5ff000-7f6bec600000 rw-p 000a7000 103:02 9219086                   /usr/lib/libjpeg.so.8.3.2
7f6bec600000-7f6bec614000 r--p 00000000 103:02 9226984                   /usr/lib/libavfilter.so.11.14.102
7f6bec614000-7f6becb80000 r-xp 00014000 103:02 9226984                   /usr/lib/libavfilter.so.11.14.102
7f6becb80000-7f6becc69000 r--p 00580000 103:02 9226984                   /usr/lib/libavfilter.so.11.14.102
7f6becc69000-7f6becd03000 r--p 00669000 103:02 9226984                   /usr/lib/libavfilter.so.11.14.102
7f6becd03000-7f6becd04000 rw-p 00703000 103:02 9226984                   /usr/lib/libavfilter.so.11.14.102
7f6becd04000-7f6becd08000 rw-p 00000000 00:00 0 
7f6becd09000-7f6becd0b000 r--p 00000000 103:02 9226142                   /usr/lib/libbs2b.so.0.0.0
7f6becd0b000-7f6becd0e000 r-xp 00002000 103:02 9226142                   /usr/lib/libbs2b.so.0.0.0
7f6becd0e000-7f6becd0f000 r--p 00005000 103:02 9226142                   /usr/lib/libbs2b.so.0.0.0
7f6becd0f000-7f6becd10000 r--p 00005000 103:02 9226142                   /usr/lib/libbs2b.so.0.0.0
7f6becd10000-7f6becd11000 rw-p 00006000 103:02 9226142                   /usr/lib/libbs2b.so.0.0.0
7f6becd11000-7f6becd13000 r--p 00000000 103:02 9220070                   /usr/lib/libwebpmux.so.3.1.2
7f6becd13000-7f6becd1b000 r-xp 00002000 103:02 9220070                   /usr/lib/libwebpmux.so.3.1.2
7f6becd1b000-7f6becd1c000 r--p 0000a000 103:02 9220070                   /usr/lib/libwebpmux.so.3.1.2
7f6becd1c000-7f6becd1d000 r--p 0000b000 103:02 9220070                   /usr/lib/libwebpmux.so.3.1.2
7f6becd1d000-7f6becd1e000 rw-p 0000c000 103:02 9220070                   /usr/lib/libwebpmux.so.3.1.2
7f6becd1e000-7f6becd20000 r--p 00000000 103:02 9217505                   /usr/lib/libfribidi.so.0.4.0
7f6becd20000-7f6becd28000 r-xp 00002000 103:02 9217505                   /usr/lib/libfribidi.so.0.4.0
7f6becd28000-7f6becd3f000 r--p 0000a000 103:02 9217505                   /usr/lib/libfribidi.so.0.4.0
7f6becd3f000-7f6becd40000 r--p 00021000 103:02 9217505                   /usr/lib/libfribidi.so.0.4.0
7f6becd40000-7f6becd41000 rw-p 00022000 103:02 9217505                   /usr/lib/libfribidi.so.0.4.0
7f6becd41000-7f6becd43000 r--p 00000000 103:02 9217800                   /usr/lib/libEGL.so.1.1.0
7f6becd43000-7f6becd4d000 r-xp 00002000 103:02 9217800                   /usr/lib/libEGL.so.1.1.0
7f6becd4d000-7f6becd51000 r--p 0000c000 103:02 9217800                   /usr/lib/libEGL.so.1.1.0
7f6becd51000-7f6becd52000 r--p 0000f000 103:02 9217800                   /usr/lib/libEGL.so.1.1.0
7f6becd52000-7f6becd53000 rw-p 00010000 103:02 9217800                   /usr/lib/libEGL.so.1.1.0
7f6becd53000-7f6becd56000 r--p 00000000 103:02 9226909                   /usr/lib/libzimg.so.2.0.0
7f6becd56000-7f6becde9000 r-xp 00003000 103:02 9226909                   /usr/lib/libzimg.so.2.0.0
7f6becde9000-7f6becdfb000 r--p 00096000 103:02 9226909                   /usr/lib/libzimg.so.2.0.0
7f6becdfb000-7f6becdff000 r--p 000a7000 103:02 9226909                   /usr/lib/libzimg.so.2.0.0
7f6becdff000-7f6bece00000 rw-p 000ab000 103:02 9226909                   /usr/lib/libzimg.so.2.0.0
7f6bece00000-7f6bece15000 r--p 00000000 103:02 9226969                   /usr/lib/libavcodec.so.62.28.102
7f6bece15000-7f6bededd000 r-xp 00015000 103:02 9226969                   /usr/lib/libavcodec.so.62.28.102
7f6bededd000-7f6bee25c000 r--p 010dd000 103:02 9226969                   /usr/lib/libavcodec.so.62.28.102
7f6bee25c000-7f6bee2e3000 r--p 0145b000 103:02 9226969                   /usr/lib/libavcodec.so.62.28.102
7f6bee2e3000-7f6bee2e5000 rw-p 014e2000 103:02 9226969                   /usr/lib/libavcodec.so.62.28.102
7f6bee2e5000-7f6bee989000 rw-p 00000000 00:00 0 
7f6bee989000-7f6bee98b000 r--p 00000000 103:02 9226060                   /usr/lib/libavc1394.so.0.3.0
7f6bee98b000-7f6bee98d000 r-xp 00002000 103:02 9226060                   /usr/lib/libavc1394.so.0.3.0
7f6bee98d000-7f6bee98e000 r--p 00004000 103:02 9226060                   /usr/lib/libavc1394.so.0.3.0
7f6bee98e000-7f6bee98f000 r--p 00004000 103:02 9226060                   /usr/lib/libavc1394.so.0.3.0
7f6bee98f000-7f6bee990000 rw-p 00005000 103:02 9226060                   /usr/lib/libavc1394.so.0.3.0
7f6bee990000-7f6bee992000 r--p 00000000 103:02 9219592                   /usr/lib/libva-x11.so.2.2400.0
7f6bee992000-7f6bee996000 r-xp 00002000 103:02 9219592                   /usr/lib/libva-x11.so.2.2400.0
7f6bee996000-7f6bee997000 r--p 00006000 103:02 9219592                   /usr/lib/libva-x11.so.2.2400.0
7f6bee997000-7f6bee998000 r--p 00006000 103:02 9219592                   /usr/lib/libva-x11.so.2.2400.0
7f6bee998000-7f6bee999000 rw-p 00007000 103:02 9219592                   /usr/lib/libva-x11.so.2.2400.0
7f6bee999000-7f6bee99c000 r--p 00000000 103:02 9217974                   /usr/lib/libdisplay-info.so.0.3.0
7f6bee99c000-7f6bee9b5000 r-xp 00003000 103:02 9217974                   /usr/lib/libdisplay-info.so.0.3.0
7f6bee9b5000-7f6bee9d1000 r--p 0001c000 103:02 9217974                   /usr/lib/libdisplay-info.so.0.3.0
7f6bee9d1000-7f6bee9d2000 r--p 00037000 103:02 9217974                   /usr/lib/libdisplay-info.so.0.3.0
7f6bee9d2000-7f6bee9d3000 rw-p 00038000 103:02 9217974                   /usr/lib/libdisplay-info.so.0.3.0
7f6bee9d3000-7f6bee9e0000 r--p 00000000 103:02 9226403                   /usr/lib/libSDL2-2.0.so.0.3200.70
7f6bee9e0000-7f6beea1c000 r-xp 0000d000 103:02 9226403                   /usr/lib/libSDL2-2.0.so.0.3200.70
7f6beea1c000-7f6beea3a000 r--p 00049000 103:02 9226403                   /usr/lib/libSDL2-2.0.so.0.3200.70
7f6beea3a000-7f6beea3c000 r--p 00066000 103:02 9226403                   /usr/lib/libSDL2-2.0.so.0.3200.70
7f6beea3c000-7f6beea3e000 rw-p 00068000 103:02 9226403                   /usr/lib/libSDL2-2.0.so.0.3200.70
7f6beea3e000-7f6bef22b000 rw-p 00000000 00:00 0 
7f6bef22b000-7f6befa2c000 rw-p 00000000 00:00 0 
7f6befa2c000-7f6befa2e000 r--p 00000000 103:02 9214054                   /usr/lib/libxcb-shape.so.0.0.0
7f6befa2e000-7f6befa2f000 r-xp 00002000 103:02 9214054                   /usr/lib/libxcb-shape.so.0.0.0
7f6befa2f000-7f6befa30000 r--p 00003000 103:02 9214054                   /usr/lib/libxcb-shape.so.0.0.0
7f6befa30000-7f6befa31000 r--p 00003000 103:02 9214054                   /usr/lib/libxcb-shape.so.0.0.0
7f6befa31000-7f6befa32000 rw-p 00004000 103:02 9214054                   /usr/lib/libxcb-shape.so.0.0.0
7f6befa32000-7f6befa34000 r--p 00000000 103:02 9219586                   /usr/lib/libva-wayland.so.2.2400.0
7f6befa34000-7f6befa36000 r-xp 00002000 103:02 9219586                   /usr/lib/libva-wayland.so.2.2400.0
7f6befa36000-7f6befa37000 r--p 00004000 103:02 9219586                   /usr/lib/libva-wayland.so.2.2400.0
7f6befa37000-7f6befa38000 r--p 00005000 103:02 9219586                   /usr/lib/libva-wayland.so.2.2400.0
7f6befa38000-7f6befa39000 rw-p 00006000 103:02 9219586                   /usr/lib/libva-wayland.so.2.2400.0
7f6befa39000-7f6befa3c000 r--p 00000000 103:02 9226759                   /usr/lib/libsndio.so.7.3
7f6befa3c000-7f6befa45000 r-xp 00003000 103:02 9226759                   /usr/lib/libsndio.so.7.3
7f6befa45000-7f6befa48000 r--p 0000c000 103:02 9226759                   /usr/lib/libsndio.so.7.3
7f6befa48000-7f6befa49000 r--p 0000f000 103:02 9226759                   /usr/lib/libsndio.so.7.3
7f6befa49000-7f6befa4a000 rw-p 00010000 103:02 9226759                   /usr/lib/libsndio.so.7.3
7f6befa4a000-7f6befa4c000 rw-p 00000000 00:00 0 
7f6befa4c000-7f6befa5c000 r--p 00000000 103:02 9226382                   /usr/lib/librubberband.so.3.0.0
7f6befa5c000-7f6befaad000 r-xp 00010000 103:02 9226382                   /usr/lib/librubberband.so.3.0.0
7f6befaad000-7f6befabf000 r--p 00061000 103:02 9226382                   /usr/lib/librubberband.so.3.0.0
7f6befabf000-7f6befac1000 r--p 00072000 103:02 9226382                   /usr/lib/librubberband.so.3.0.0
7f6befac1000-7f6befac2000 rw-p 00074000 103:02 9226382                   /usr/lib/librubberband.so.3.0.0
7f6befac2000-7f6befac7000 r--p 00000000 103:02 9238221                   /usr/lib/libluajit-5.1.so.2.1.1785763465
7f6befac7000-7f6befb7a000 r-xp 00005000 103:02 9238221                   /usr/lib/libluajit-5.1.so.2.1.1785763465
7f6befb7a000-7f6befb94000 r--p 000b8000 103:02 9238221                   /usr/lib/libluajit-5.1.so.2.1.1785763465
7f6befb94000-7f6befb97000 r--p 000d1000 103:02 9238221                   /usr/lib/libluajit-5.1.so.2.1.1785763465
7f6befb97000-7f6befb98000 rw-p 000d4000 103:02 9238221                   /usr/lib/libluajit-5.1.so.2.1.1785763465
7f6befb98000-7f6befb9b000 r--p 00000000 103:02 9226073                   /usr/lib/libbluray.so.3.1.0
7f6befb9b000-7f6befbec000 r-xp 00003000 103:02 9226073                   /usr/lib/libbluray.so.3.1.0
7f6befbec000-7f6befbfd000 r--p 00054000 103:02 9226073                   /usr/lib/libbluray.so.3.1.0
7f6befbfd000-7f6befbff000 r--p 00064000 103:02 9226073                   /usr/lib/libbluray.so.3.1.0
7f6befbff000-7f6befc00000 rw-p 00066000 103:02 9226073                   /usr/lib/libbluray.so.3.1.0
7f6befc00000-7f6befc1d000 r--p 00000000 103:02 9238236                   /usr/lib/libmpv.so.2.5.0
7f6befc1d000-7f6befe1f000 r-xp 0001d000 103:02 9238236                   /usr/lib/libmpv.so.2.5.0
7f6befe1f000-7f6beff0b000 r--p 0021f000 103:02 9238236                   /usr/lib/libmpv.so.2.5.0
7f6beff0b000-7f6beff57000 r--p 0030b000 103:02 9238236                   /usr/lib/libmpv.so.2.5.0
7f6beff57000-7f6beff59000 rw-p 00357000 103:02 9238236                   /usr/lib/libmpv.so.2.5.0
7f6beff59000-7f6beff5a000 rw-p 00000000 00:00 0 
7f6beff5a000-7f6beff66000 r--p 00000000 103:02 9226184                   /usr/lib/libpulse.so.0.24.3
7f6beff66000-7f6beff9a000 r-xp 0000c000 103:02 9226184                   /usr/lib/libpulse.so.0.24.3
7f6beff9a000-7f6beffb0000 r--p 00040000 103:02 9226184                   /usr/lib/libpulse.so.0.24.3
7f6beffb0000-7f6beffb2000 r--p 00055000 103:02 9226184                   /usr/lib/libpulse.so.0.24.3
7f6beffb2000-7f6beffb3000 rw-p 00057000 103:02 9226184                   /usr/lib/libpulse.so.0.24.3
7f6beffb3000-7f6beffc2000 r--p 00000000 103:02 9199717                   /usr/lib/libarchive.so.13.8.9
7f6beffc2000-7f6bf00b3000 r-xp 0000f000 103:02 9199717                   /usr/lib/libarchive.so.13.8.9
7f6bf00b3000-7f6bf00de000 r--p 00100000 103:02 9199717                   /usr/lib/libarchive.so.13.8.9
7f6bf00de000-7f6bf00e3000 r--p 0012a000 103:02 9199717                   /usr/lib/libarchive.so.13.8.9
7f6bf00e3000-7f6bf00e4000 rw-p 0012f000 103:02 9199717                   /usr/lib/libarchive.so.13.8.9
7f6bf00e4000-7f6bf00e5000 rw-p 00000000 00:00 0 
7f6bf00e5000-7f6bf00e9000 ---p 00000000 00:00 0 
7f6bf00e9000-7f6bf01e6000 rw-p 00000000 00:00 0 
7f6bf01e6000-7f6bf01ea000 ---p 00000000 00:00 0 
7f6bf01ea000-7f6bf2aec000 rw-p 00000000 00:00 0 
7f6bf2aec000-7f6bf2af0000 ---p 00000000 00:00 0 
7f6bf2af0000-7f6bf2bec000 rw-p 00000000 00:00 0 
7f6bf2bec000-7f6bf2bf0000 rw-s 198c80000 00:07 525                       /dev/dri/renderD128
7f6bf2bf0000-7f6bf2bf5000 rw-s 1b15bb000 00:07 525                       /dev/dri/renderD128
7f6bf2bf5000-7f6bf2c09000 rw-s 16d1e1000 00:07 525                       /dev/dri/renderD128
7f6bf2c09000-7f6bf2c1d000 rw-s 3523d9000 00:07 525                       /dev/dri/renderD128
7f6bf2c1d000-7f6bf2c31000 rw-s 1b12ab000 00:07 525                       /dev/dri/renderD128
7f6bf2c31000-7f6bf2c45000 rw-s 179642000 00:07 525                       /dev/dri/renderD128
7f6bf2c45000-7f6bf2c59000 rw-s 370f39000 00:07 525                       /dev/dri/renderD128
7f6bf2c59000-7f6bf2c6d000 rw-s 158cd3000 00:07 525                       /dev/dri/renderD128
7f6bf2c6d000-7f6bf2c81000 rw-s 184d96000 00:07 525                       /dev/dri/renderD128
7f6bf2c81000-7f6bf2c95000 rw-s 15a30b000 00:07 525                       /dev/dri/renderD128
7f6bf2c95000-7f6bf2ca9000 rw-s 13aad7000 00:07 525                       /dev/dri/renderD128
7f6bf2ca9000-7f6bf2cbd000 rw-s 18149a000 00:07 525                       /dev/dri/renderD128
7f6bf2cbd000-7f6bf2d3d000 rw-s 11a419000 00:07 525                       /dev/dri/renderD128
7f6bf2d3d000-7f6bf2d7d000 rw-s 1a21d0000 00:07 525                       /dev/dri/renderD128
7f6bf2d7d000-7f6bf2d80000 r--p 00000000 103:02 9252814                   /usr/lib/libVkLayer_MESA_device_select.so
7f6bf2d80000-7f6bf2d8e000 r-xp 00003000 103:02 9252814                   /usr/lib/libVkLayer_MESA_device_select.so
7f6bf2d8e000-7f6bf2d93000 r--p 00011000 103:02 9252814                   /usr/lib/libVkLayer_MESA_device_select.so
7f6bf2d93000-7f6bf2d94000 r--p 00015000 103:02 9252814                   /usr/lib/libVkLayer_MESA_device_select.so
7f6bf2d94000-7f6bf2d95000 rw-p 00016000 103:02 9252814                   /usr/lib/libVkLayer_MESA_device_select.so
7f6bf2d95000-7f6bf2d97000 rw-p 00000000 00:00 0 
7f6bf2d97000-7f6bf2d9c000 r--p 00000000 103:02 9190690                   /usr/lib/libudev.so.1.7.14
7f6bf2d9c000-7f6bf2dca000 r-xp 00005000 103:02 9190690                   /usr/lib/libudev.so.1.7.14
7f6bf2dca000-7f6bf2de1000 r--p 00033000 103:02 9190690                   /usr/lib/libudev.so.1.7.14
7f6bf2de1000-7f6bf2de6000 r--p 0004a000 103:02 9190690                   /usr/lib/libudev.so.1.7.14
7f6bf2de6000-7f6bf2de7000 rw-p 0004f000 103:02 9190690                   /usr/lib/libudev.so.1.7.14
7f6bf2de7000-7f6bf2de8000 r--p 00000000 103:02 9217985                   /usr/lib/libxcb-keysyms.so.1.0.0
7f6bf2de8000-7f6bf2de9000 r-xp 00001000 103:02 9217985                   /usr/lib/libxcb-keysyms.so.1.0.0
7f6bf2de9000-7f6bf2dea000 r--p 00002000 103:02 9217985                   /usr/lib/libxcb-keysyms.so.1.0.0
7f6bf2dea000-7f6bf2deb000 r--p 00002000 103:02 9217985                   /usr/lib/libxcb-keysyms.so.1.0.0
7f6bf2deb000-7f6bf2dec000 rw-p 00003000 103:02 9217985                   /usr/lib/libxcb-keysyms.so.1.0.0
7f6bf2dec000-7f6bf2fec000 rw-s 125685000 00:07 525                       /dev/dri/renderD128
7f6bf2fec000-7f6bf31ec000 rw-s 151f69000 00:07 525                       /dev/dri/renderD128
7f6bf31ec000-7f6bf33ec000 rw-s 13451f000 00:07 525                       /dev/dri/renderD128
7f6bf33ed000-7f6bf33f3000 r--p 00000000 103:02 9225992                   /usr/lib/libjack.so.0.0.28
7f6bf33f3000-7f6bf3400000 r-xp 00006000 103:02 9225992                   /usr/lib/libjack.so.0.0.28
7f6bf3400000-7f6bf3405000 r--p 00013000 103:02 9225992                   /usr/lib/libjack.so.0.0.28
7f6bf3405000-7f6bf3406000 r--p 00017000 103:02 9225992                   /usr/lib/libjack.so.0.0.28
7f6bf3406000-7f6bf3407000 rw-p 00018000 103:02 9225992                   /usr/lib/libjack.so.0.0.28
7f6bf3407000-7f6bf3411000 rw-p 00000000 00:00 0 
7f6bf3411000-7f6bf3412000 r--p 00000000 103:02 9238231                   /usr/lib/libuchardet.so.0.0.8
7f6bf3412000-7f6bf3419000 r-xp 00001000 103:02 9238231                   /usr/lib/libuchardet.so.0.0.8
7f6bf3419000-7f6bf343c000 r--p 00008000 103:02 9238231                   /usr/lib/libuchardet.so.0.0.8
7f6bf343c000-7f6bf343f000 r--p 0002a000 103:02 9238231                   /usr/lib/libuchardet.so.0.0.8
7f6bf343f000-7f6bf3440000 rw-p 0002d000 103:02 9238231                   /usr/lib/libuchardet.so.0.0.8
7f6bf3440000-7f6bf3441000 rw-p 00000000 00:00 0 
7f6bf3441000-7f6bf3445000 ---p 00000000 00:00 0 
7f6bf3445000-7f6bf3541000 rw-p 00000000 00:00 0 
7f6bf3541000-7f6bf3741000 rw-s 1117f7000 00:07 525                       /dev/dri/renderD128
7f6bf3741000-7f6bf3742000 r--p 00000000 103:02 9220208                   /usr/lib/libjxl_threads.so.0.12.0
7f6bf3742000-7f6bf3744000 r-xp 00001000 103:02 9220208                   /usr/lib/libjxl_threads.so.0.12.0
7f6bf3744000-7f6bf3745000 r--p 00003000 103:02 9220208                   /usr/lib/libjxl_threads.so.0.12.0
7f6bf3745000-7f6bf3746000 r--p 00003000 103:02 9220208                   /usr/lib/libjxl_threads.so.0.12.0
7f6bf3746000-7f6bf3747000 rw-p 00004000 103:02 9220208                   /usr/lib/libjxl_threads.so.0.12.0
7f6bf3747000-7f6bf374f000 r--p 00000000 103:02 9226979                   /usr/lib/libavdevice.so.62.3.102
7f6bf374f000-7f6bf3760000 r-xp 00008000 103:02 9226979                   /usr/lib/libavdevice.so.62.3.102
7f6bf3760000-7f6bf3767000 r--p 00019000 103:02 9226979                   /usr/lib/libavdevice.so.62.3.102
7f6bf3767000-7f6bf376b000 r--p 0001f000 103:02 9226979                   /usr/lib/libavdevice.so.62.3.102
7f6bf376b000-7f6bf376c000 rw-p 00023000 103:02 9226979                   /usr/lib/libavdevice.so.62.3.102
7f6bf376c000-7f6bf3775000 r--p 00000000 103:02 9220123                   /usr/lib/liblcms2.so.2.0.19
7f6bf3775000-7f6bf37e4000 r-xp 00009000 103:02 9220123                   /usr/lib/liblcms2.so.2.0.19
7f6bf37e4000-7f6bf37f9000 r--p 00078000 103:02 9220123                   /usr/lib/liblcms2.so.2.0.19
7f6bf37f9000-7f6bf37fc000 r--p 0008c000 103:02 9220123                   /usr/lib/liblcms2.so.2.0.19
7f6bf37fc000-7f6bf37ff000 rw-p 0008f000 103:02 9220123                   /usr/lib/liblcms2.so.2.0.19
7f6bf37ff000-7f6bf3800000 rw-p 00000000 00:00 0 
7f6bf3800000-7f6bf381e000 r-xp 00000000 103:02 1179927                   /home/arcady/.cache/JNA/temp/jna16023362478532251863.tmp (deleted)
7f6bf381e000-7f6bf3a1d000 ---p 0001e000 103:02 1179927                   /home/arcady/.cache/JNA/temp/jna16023362478532251863.tmp (deleted)
7f6bf3a1d000-7f6bf3a1e000 rw-p 0001d000 103:02 1179927                   /home/arcady/.cache/JNA/temp/jna16023362478532251863.tmp (deleted)
7f6bf3a1e000-7f6bf3a1f000 rw-p 00000000 00:00 0 
7f6bf3a20000-7f6bf3a21000 r--p 00000000 103:02 9226270                   /usr/lib/libvdpau.so.1.0.0
7f6bf3a21000-7f6bf3a22000 r-xp 00001000 103:02 9226270                   /usr/lib/libvdpau.so.1.0.0
7f6bf3a22000-7f6bf3a23000 r--p 00002000 103:02 9226270                   /usr/lib/libvdpau.so.1.0.0
7f6bf3a23000-7f6bf3a24000 r--p 00002000 103:02 9226270                   /usr/lib/libvdpau.so.1.0.0
7f6bf3a24000-7f6bf3a25000 rw-p 00003000 103:02 9226270                   /usr/lib/libvdpau.so.1.0.0
7f6bf3a25000-7f6bf3a26000 r--p 00000000 103:02 9219580                   /usr/lib/libva-drm.so.2.2400.0
7f6bf3a26000-7f6bf3a27000 r-xp 00001000 103:02 9219580                   /usr/lib/libva-drm.so.2.2400.0
7f6bf3a27000-7f6bf3a28000 r--p 00002000 103:02 9219580                   /usr/lib/libva-drm.so.2.2400.0
7f6bf3a28000-7f6bf3a29000 r--p 00002000 103:02 9219580                   /usr/lib/libva-drm.so.2.2400.0
7f6bf3a29000-7f6bf3a2a000 rw-p 00003000 103:02 9219580                   /usr/lib/libva-drm.so.2.2400.0
7f6bf3a2a000-7f6bf3a2b000 r--p 00000000 103:02 9217923                   /usr/lib/libwayland-egl.so.1.25.0
7f6bf3a2b000-7f6bf3a2c000 r-xp 00001000 103:02 9217923                   /usr/lib/libwayland-egl.so.1.25.0
7f6bf3a2c000-7f6bf3a2d000 r--p 00002000 103:02 9217923                   /usr/lib/libwayland-egl.so.1.25.0
7f6bf3a2d000-7f6bf3a2e000 r--p 00002000 103:02 9217923                   /usr/lib/libwayland-egl.so.1.25.0
7f6bf3a2e000-7f6bf3a2f000 rw-p 00003000 103:02 9217923                   /usr/lib/libwayland-egl.so.1.25.0
7f6bf3a2f000-7f6bf3a3e000 r--p 00000000 103:02 9263244                   /usr/lib/libplacebo.so.360
7f6bf3a3e000-7f6bf3b10000 r-xp 0000f000 103:02 9263244                   /usr/lib/libplacebo.so.360
7f6bf3b10000-7f6bf3b56000 r--p 000e1000 103:02 9263244                   /usr/lib/libplacebo.so.360
7f6bf3b56000-7f6bf3b6b000 r--p 00126000 103:02 9263244                   /usr/lib/libplacebo.so.360
7f6bf3b6b000-7f6bf3b71000 rw-p 0013b000 103:02 9263244                   /usr/lib/libplacebo.so.360
7f6bf3b71000-7f6bf3c6f000 r--p 00000000 103:02 263747                    /usr/share/fonts/arial/ARIAL.TTF
7f6bf3c6f000-7f6bf3d07000 r--p 00000000 103:02 9723237                   /usr/share/fonts/noto/NotoSans-Regular.ttf
7f6bf3d07000-7f6bf3dc1000 r--p 00000000 103:02 9729157                   /usr/share/fonts/TTF/DejaVuSans.ttf
7f6bf3dc1000-7f6bf3e59000 r--p 00000000 103:02 9723234                   /usr/share/fonts/noto/NotoSans-Medium.ttf
7f6bf3e59000-7f6bf3f49000 r--p 00000000 103:02 263754                    /usr/share/fonts/arial/ARIALBD 1.TTF
7f6bf3f49000-7f6bf3ff7000 r--p 00000000 103:02 9729153                   /usr/share/fonts/TTF/DejaVuSans-Bold.ttf
7f6bf3ff7000-7f6bf41f7000 rw-s 175e7f000 00:07 525                       /dev/dri/renderD128
7f6bf41f7000-7f6bf43f7000 rw-s 1408b9000 00:07 525                       /dev/dri/renderD128
7f6bf43f7000-7f6bf73fd000 rw-p 00000000 00:00 0 
7f6bf73fd000-7f6bf75fd000 rw-s 15c0d3000 00:07 525                       /dev/dri/renderD128
7f6bf75fd000-7f6bf77fd000 rw-s 11242b000 00:07 525                       /dev/dri/renderD128
7f6bf77fd000-7f6bf9000000 rw-p 00000000 00:00 0 
7f6bf9000000-7f6bf9201000 rw-s 00000000 103:02 26345691                  /home/arcady/.cache/mesa_shader_cache/index
7f6bf9204000-7f6bf9206000 r--p 00000000 103:02 9219181                   /usr/lib/libXv.so.1.0.0
7f6bf9206000-7f6bf920a000 r-xp 00002000 103:02 9219181                   /usr/lib/libXv.so.1.0.0
7f6bf920a000-7f6bf920b000 r--p 00006000 103:02 9219181                   /usr/lib/libXv.so.1.0.0
7f6bf920b000-7f6bf920c000 r--p 00006000 103:02 9219181                   /usr/lib/libXv.so.1.0.0
7f6bf920c000-7f6bf920d000 rw-p 00007000 103:02 9219181                   /usr/lib/libXv.so.1.0.0
7f6bf920d000-7f6bf9213000 r--p 00000000 103:02 9238226                   /usr/lib/libmujs.so
7f6bf9213000-7f6bf924e000 r-xp 00006000 103:02 9238226                   /usr/lib/libmujs.so
7f6bf924e000-7f6bf9260000 r--p 00041000 103:02 9238226                   /usr/lib/libmujs.so
7f6bf9260000-7f6bf9262000 r--p 00053000 103:02 9238226                   /usr/lib/libmujs.so
7f6bf9262000-7f6bf9263000 rw-p 00055000 103:02 9238226                   /usr/lib/libmujs.so
7f6bf9263000-7f6bf92fe000 r--p 00000000 103:02 9723224                   /usr/share/fonts/noto/NotoSans-Bold.ttf
7f6bf92fe000-7f6bf92ff000 rw-p 00000000 00:00 0 
7f6bf92ff000-7f6bf9303000 ---p 00000000 00:00 0 
7f6bf9303000-7f6bf9c00000 rw-p 00000000 00:00 0 
7f6bf9c00000-7f6bfbb94000 r--p 00000000 103:02 9196245                   /usr/lib/libicudata.so.78.3
7f6bfbb94000-7f6bfbb95000 r--p 01f93000 103:02 9196245                   /usr/lib/libicudata.so.78.3
7f6bfbb95000-7f6bfbb98000 r--p 00000000 103:02 9996542                   /usr/lib/python3.14/site-packages/vapoursynth/libvsscript.so
7f6bfbb98000-7f6bfbb9e000 r-xp 00003000 103:02 9996542                   /usr/lib/python3.14/site-packages/vapoursynth/libvsscript.so
7f6bfbb9e000-7f6bfbba0000 r--p 00009000 103:02 9996542                   /usr/lib/python3.14/site-packages/vapoursynth/libvsscript.so
7f6bfbba0000-7f6bfbba1000 r--p 0000a000 103:02 9996542                   /usr/lib/python3.14/site-packages/vapoursynth/libvsscript.so
7f6bfbba1000-7f6bfbba2000 rw-p 0000b000 103:02 9996542                   /usr/lib/python3.14/site-packages/vapoursynth/libvsscript.so
7f6bfbba2000-7f6bfbba5000 r--p 00000000 103:02 9226150                   /usr/lib/libdvdnav.so.4.4.0
7f6bfbba5000-7f6bfbbb7000 r-xp 00003000 103:02 9226150                   /usr/lib/libdvdnav.so.4.4.0
7f6bfbbb7000-7f6bfbbbb000 r--p 00015000 103:02 9226150                   /usr/lib/libdvdnav.so.4.4.0
7f6bfbbbb000-7f6bfbbbc000 r--p 00018000 103:02 9226150                   /usr/lib/libdvdnav.so.4.4.0
7f6bfbbbc000-7f6bfbbbd000 rw-p 00019000 103:02 9226150                   /usr/lib/libdvdnav.so.4.4.0
7f6bfbbbd000-7f6bfbbc3000 r--p 00000000 103:02 9227885                   /usr/lib/libcdio.so.19.1.0
7f6bfbbc3000-7f6bfbbd8000 r-xp 00006000 103:02 9227885                   /usr/lib/libcdio.so.19.1.0
7f6bfbbd8000-7f6bfbbe2000 r--p 0001b000 103:02 9227885                   /usr/lib/libcdio.so.19.1.0
7f6bfbbe2000-7f6bfbbe4000 r--p 00024000 103:02 9227885                   /usr/lib/libcdio.so.19.1.0
7f6bfbbe4000-7f6bfbbe5000 rw-p 00026000 103:02 9227885                   /usr/lib/libcdio.so.19.1.0
7f6bfbbe5000-7f6bfbbe8000 rw-p 00000000 00:00 0 
7f6bfbbe8000-7f6bfbbea000 r--p 00000000 103:02 9238167                   /usr/lib/libcdio_cdda.so.2.0.0
7f6bfbbea000-7f6bfbbf0000 r-xp 00002000 103:02 9238167                   /usr/lib/libcdio_cdda.so.2.0.0
7f6bfbbf0000-7f6bfbbf2000 r--p 00008000 103:02 9238167                   /usr/lib/libcdio_cdda.so.2.0.0
7f6bfbbf2000-7f6bfbbf3000 r--p 00009000 103:02 9238167                   /usr/lib/libcdio_cdda.so.2.0.0
7f6bfbbf3000-7f6bfbbf4000 rw-p 0000a000 103:02 9238167                   /usr/lib/libcdio_cdda.so.2.0.0
7f6bfbbf4000-7f6bfbbf5000 r--p 00000000 103:02 9238170                   /usr/lib/libcdio_paranoia.so.2.0.0
7f6bfbbf5000-7f6bfbbfd000 r-xp 00001000 103:02 9238170                   /usr/lib/libcdio_paranoia.so.2.0.0
7f6bfbbfd000-7f6bfbbfe000 r--p 00009000 103:02 9238170                   /usr/lib/libcdio_paranoia.so.2.0.0
7f6bfbbfe000-7f6bfbbff000 r--p 00009000 103:02 9238170                   /usr/lib/libcdio_paranoia.so.2.0.0
7f6bfbbff000-7f6bfbc00000 rw-p 0000a000 103:02 9238170                   /usr/lib/libcdio_paranoia.so.2.0.0
7f6bfbc00000-7f6bfbc48000 r--p 00000000 103:02 9196260                   /usr/lib/libicuuc.so.78.3
7f6bfbc48000-7f6bfbd9e000 r-xp 00048000 103:02 9196260                   /usr/lib/libicuuc.so.78.3
7f6bfbd9e000-7f6bfbe38000 r--p 0019e000 103:02 9196260                   /usr/lib/libicuuc.so.78.3
7f6bfbe38000-7f6bfbe4b000 r--p 00238000 103:02 9196260                   /usr/lib/libicuuc.so.78.3
7f6bfbe4b000-7f6bfbe4c000 rw-p 0024b000 103:02 9196260                   /usr/lib/libicuuc.so.78.3
7f6bfbe4c000-7f6bfbe4e000 rw-p 00000000 00:00 0 
7f6bfbe4e000-7f6bfbe4f000 rw-s 00000000 00:01 712876                     /memfd:xshmfence (deleted)
7f6bfbe50000-7f6bfbe51000 r-xp 00000000 00:31 98738                      /tmp/ffi9iJyiF (deleted)
7f6bfbe51000-7f6bfbe52000 rw-p 00000000 00:00 0 
7f6bfbe52000-7f6bfbe53000 r--p 00000000 103:02 9238202                   /usr/lib/libXss.so.1.0.0
7f6bfbe53000-7f6bfbe55000 r-xp 00001000 103:02 9238202                   /usr/lib/libXss.so.1.0.0
7f6bfbe55000-7f6bfbe56000 r--p 00003000 103:02 9238202                   /usr/lib/libXss.so.1.0.0
7f6bfbe56000-7f6bfbe57000 r--p 00003000 103:02 9238202                   /usr/lib/libXss.so.1.0.0
7f6bfbe57000-7f6bfbe58000 rw-p 00004000 103:02 9238202                   /usr/lib/libXss.so.1.0.0
7f6bfbe58000-7f6bfbe5c000 r--p 00000000 103:02 9226043                   /usr/lib/libass.so.9.4.2
7f6bfbe5c000-7f6bfbe9f000 r-xp 00004000 103:02 9226043                   /usr/lib/libass.so.9.4.2
7f6bfbe9f000-7f6bfbea7000 r--p 00047000 103:02 9226043                   /usr/lib/libass.so.9.4.2
7f6bfbea7000-7f6bfbea8000 r--p 0004f000 103:02 9226043                   /usr/lib/libass.so.9.4.2
7f6bfbea8000-7f6bfbea9000 rw-p 00050000 103:02 9226043                   /usr/lib/libass.so.9.4.2
7f6bfbea9000-7f6bfbec3000 r--p 00000000 103:02 9196343                   /usr/lib/libxml2.so.16.1.3
7f6bfbec3000-7f6bfbfc1000 r-xp 0001a000 103:02 9196343                   /usr/lib/libxml2.so.16.1.3
7f6bfbfc1000-7f6bfc008000 r--p 00118000 103:02 9196343                   /usr/lib/libxml2.so.16.1.3
7f6bfc008000-7f6bfc011000 r--p 0015f000 103:02 9196343                   /usr/lib/libxml2.so.16.1.3
7f6bfc011000-7f6bfc012000 rw-p 00168000 103:02 9196343                   /usr/lib/libxml2.so.16.1.3
7f6bfc012000-7f6bfc013000 rw-p 00000000 00:00 0 
7f6bfc013000-7f6bfc02c000 r--p 00000000 103:02 9233260                   /usr/lib/libSPIRV-Tools.so
7f6bfc02c000-7f6bfc175000 r-xp 00019000 103:02 9233260                   /usr/lib/libSPIRV-Tools.so
7f6bfc175000-7f6bfc1fc000 r--p 00162000 103:02 9233260                   /usr/lib/libSPIRV-Tools.so
7f6bfc1fc000-7f6bfc1ff000 r--p 001e9000 103:02 9233260                   /usr/lib/libSPIRV-Tools.so
7f6bfc1ff000-7f6bfc200000 rw-p 001ec000 103:02 9233260                   /usr/lib/libSPIRV-Tools.so
7f6bfc200000-7f6c00530000 r--p 00000000 103:02 9209811                   /usr/lib/libLLVM.so.22.1
7f6c00530000-7f6c04df2000 r-xp 0432f000 103:02 9209811                   /usr/lib/libLLVM.so.22.1
7f6c04df2000-7f6c0501a000 r--p 08bf0000 103:02 9209811                   /usr/lib/libLLVM.so.22.1
7f6c0501a000-7f6c05024000 rw-p 08e17000 103:02 9209811                   /usr/lib/libLLVM.so.22.1
7f6c05024000-7f6c050d0000 rw-p 00000000 00:00 0 
7f6c050d0000-7f6c050d1000 rw-s 00000000 00:01 10329                      /memfd:pipewire-memfd:flags=0x0000000f,type=2,size=2312 (deleted)
7f6c050d1000-7f6c050d2000 r--p 00000000 103:02 9217920                   /usr/lib/libwayland-cursor.so.0.25.0
7f6c050d2000-7f6c050d4000 r-xp 00001000 103:02 9217920                   /usr/lib/libwayland-cursor.so.0.25.0
7f6c050d4000-7f6c050d5000 r--p 00003000 103:02 9217920                   /usr/lib/libwayland-cursor.so.0.25.0
7f6c050d5000-7f6c050d6000 r--p 00003000 103:02 9217920                   /usr/lib/libwayland-cursor.so.0.25.0
7f6c050d6000-7f6c050da000 rw-p 00004000 103:02 9217920                   /usr/lib/libwayland-cursor.so.0.25.0
7f6c050da000-7f6c050dc000 r--p 00000000 103:02 9227003                   /usr/lib/libswresample.so.6.3.102
7f6c050dc000-7f6c050ff000 r-xp 00002000 103:02 9227003                   /usr/lib/libswresample.so.6.3.102
7f6c050ff000-7f6c05104000 r--p 00025000 103:02 9227003                   /usr/lib/libswresample.so.6.3.102
7f6c05104000-7f6c05106000 r--p 00029000 103:02 9227003                   /usr/lib/libswresample.so.6.3.102
7f6c05106000-7f6c05107000 rw-p 0002b000 103:02 9227003                   /usr/lib/libswresample.so.6.3.102
7f6c05107000-7f6c05114000 r--p 00000000 103:02 9179034                   /usr/lib/libncursesw.so.6.6
7f6c05114000-7f6c0516c000 r-xp 0000d000 103:02 9179034                   /usr/lib/libncursesw.so.6.6
7f6c0516c000-7f6c05184000 r--p 00065000 103:02 9179034                   /usr/lib/libncursesw.so.6.6
7f6c05184000-7f6c05189000 r--p 0007c000 103:02 9179034                   /usr/lib/libncursesw.so.6.6
7f6c05189000-7f6c0518a000 rw-p 00081000 103:02 9179034                   /usr/lib/libncursesw.so.6.6
7f6c0518a000-7f6c05190000 r--p 00000000 103:02 9209760                   /usr/lib/libedit.so.0.0.78
7f6c05190000-7f6c051c1000 r-xp 00006000 103:02 9209760                   /usr/lib/libedit.so.0.0.78
7f6c051c1000-7f6c051cf000 r--p 00037000 103:02 9209760                   /usr/lib/libedit.so.0.0.78
7f6c051cf000-7f6c051d2000 r--p 00044000 103:02 9209760                   /usr/lib/libedit.so.0.0.78
7f6c051d2000-7f6c051d3000 rw-p 00047000 103:02 9209760                   /usr/lib/libedit.so.0.0.78
7f6c051d3000-7f6c051d6000 rw-p 00000000 00:00 0 
7f6c051d6000-7f6c051d9000 r--p 00000000 103:02 9217367                   /usr/lib/libdrm_intel.so.1.134.0
7f6c051d9000-7f6c051f4000 r-xp 00003000 103:02 9217367                   /usr/lib/libdrm_intel.so.1.134.0
7f6c051f4000-7f6c051fe000 r--p 0001e000 103:02 9217367                   /usr/lib/libdrm_intel.so.1.134.0
7f6c051fe000-7f6c051ff000 r--p 00028000 103:02 9217367                   /usr/lib/libdrm_intel.so.1.134.0
7f6c051ff000-7f6c05200000 rw-p 00029000 103:02 9217367                   /usr/lib/libdrm_intel.so.1.134.0
7f6c05200000-7f6c0521a000 r--p 00000000 103:02 9265456                   /usr/lib/libgallium-26.1.6-arch3.1.so
7f6c0521a000-7f6c071e3000 r-xp 0001a000 103:02 9265456                   /usr/lib/libgallium-26.1.6-arch3.1.so
7f6c071e3000-7f6c08425000 r--p 01fe3000 103:02 9265456                   /usr/lib/libgallium-26.1.6-arch3.1.so
7f6c08425000-7f6c08599000 r--p 03225000 103:02 9265456                   /usr/lib/libgallium-26.1.6-arch3.1.so
7f6c08599000-7f6c085cf000 rw-p 03399000 103:02 9265456                   /usr/lib/libgallium-26.1.6-arch3.1.so
7f6c085cf000-7f6c0879c000 rw-p 00000000 00:00 0 
7f6c0879c000-7f6c0879d000 r--p 00000000 103:02 9238189                   /usr/lib/libXpresent.so.1.0.0
7f6c0879d000-7f6c0879e000 r-xp 00001000 103:02 9238189                   /usr/lib/libXpresent.so.1.0.0
7f6c0879e000-7f6c0879f000 r--p 00002000 103:02 9238189                   /usr/lib/libXpresent.so.1.0.0
7f6c0879f000-7f6c087a0000 r--p 00002000 103:02 9238189                   /usr/lib/libXpresent.so.1.0.0
7f6c087a0000-7f6c087a1000 rw-p 00003000 103:02 9238189                   /usr/lib/libXpresent.so.1.0.0
7f6c087a1000-7f6c087a3000 r--p 00000000 103:02 9265459                   /usr/lib/libgbm.so.1.0.0
7f6c087a3000-7f6c087a4000 r-xp 00002000 103:02 9265459                   /usr/lib/libgbm.so.1.0.0
7f6c087a4000-7f6c087a5000 r--p 00003000 103:02 9265459                   /usr/lib/libgbm.so.1.0.0
7f6c087a5000-7f6c087a6000 r--p 00003000 103:02 9265459                   /usr/lib/libgbm.so.1.0.0
7f6c087a6000-7f6c087a7000 rw-p 00004000 103:02 9265459                   /usr/lib/libgbm.so.1.0.0
7f6c087a7000-7f6c087ad000 r--p 00000000 103:02 263752                    /usr/share/fonts/arial/ArialMdm.ttf
7f6c087ad000-7f6c087b4000 r--s 00000000 103:02 9266633                   /usr/lib/gconv/gconv-modules.cache
7f6c087b4000-7f6c087b6000 r--p 00000000 103:02 9217342                   /usr/lib/libpciaccess.so.0.11.1
7f6c087b6000-7f6c087bb000 r-xp 00002000 103:02 9217342                   /usr/lib/libpciaccess.so.0.11.1
7f6c087bb000-7f6c087bd000 r--p 00007000 103:02 9217342                   /usr/lib/libpciaccess.so.0.11.1
7f6c087bd000-7f6c087be000 r--p 00008000 103:02 9217342                   /usr/lib/libpciaccess.so.0.11.1
7f6c087be000-7f6c087bf000 rw-p 00009000 103:02 9217342                   /usr/lib/libpciaccess.so.0.11.1
7f6c087bf000-7f6c087c2000 r--p 00000000 103:02 9217363                   /usr/lib/libdrm_amdgpu.so.1.134.0
7f6c087c2000-7f6c087c9000 r-xp 00003000 103:02 9217363                   /usr/lib/libdrm_amdgpu.so.1.134.0
7f6c087c9000-7f6c087cb000 r--p 0000a000 103:02 9217363                   /usr/lib/libdrm_amdgpu.so.1.134.0
7f6c087cb000-7f6c087cc000 r--p 0000c000 103:02 9217363                   /usr/lib/libdrm_amdgpu.so.1.134.0
7f6c087cc000-7f6c087cd000 rw-p 0000d000 103:02 9217363                   /usr/lib/libdrm_amdgpu.so.1.134.0
7f6c087cd000-7f6c087d0000 r--p 00000000 103:02 9200800                   /usr/lib/libelf-0.195.so
7f6c087d0000-7f6c087e4000 r-xp 00003000 103:02 9200800                   /usr/lib/libelf-0.195.so
7f6c087e4000-7f6c087e8000 r--p 00017000 103:02 9200800                   /usr/lib/libelf-0.195.so
7f6c087e8000-7f6c087e9000 r--p 0001b000 103:02 9200800                   /usr/lib/libelf-0.195.so
7f6c087e9000-7f6c087ea000 rw-p 0001c000 103:02 9200800                   /usr/lib/libelf-0.195.so
7f6c087ea000-7f6c087eb000 r--p 00000000 103:02 9217824                   /usr/lib/libxshmfence.so.1.0.0
7f6c087eb000-7f6c087ec000 r-xp 00001000 103:02 9217824                   /usr/lib/libxshmfence.so.1.0.0
7f6c087ec000-7f6c087ed000 r--p 00002000 103:02 9217824                   /usr/lib/libxshmfence.so.1.0.0
7f6c087ed000-7f6c087ee000 r--p 00002000 103:02 9217824                   /usr/lib/libxshmfence.so.1.0.0
7f6c087ee000-7f6c087ef000 rw-p 00003000 103:02 9217824                   /usr/lib/libxshmfence.so.1.0.0
7f6c087ef000-7f6c087f2000 r--p 00000000 103:02 9214060                   /usr/lib/libxcb-sync.so.1.0.0
7f6c087f2000-7f6c087f5000 r-xp 00003000 103:02 9214060                   /usr/lib/libxcb-sync.so.1.0.0
7f6c087f5000-7f6c087f6000 r--p 00006000 103:02 9214060                   /usr/lib/libxcb-sync.so.1.0.0
7f6c087f6000-7f6c087f7000 r--p 00007000 103:02 9214060                   /usr/lib/libxcb-sync.so.1.0.0
7f6c087f7000-7f6c087f8000 rw-p 00008000 103:02 9214060                   /usr/lib/libxcb-sync.so.1.0.0
7f6c087f8000-7f6c087ff000 r--p 00000000 103:02 9214039                   /usr/lib/libxcb-randr.so.0.1.0
7f6c087ff000-7f6c08805000 r-xp 00007000 103:02 9214039                   /usr/lib/libxcb-randr.so.0.1.0
7f6c08805000-7f6c08808000 r--p 0000d000 103:02 9214039                   /usr/lib/libxcb-randr.so.0.1.0
7f6c08808000-7f6c08809000 r--p 00010000 103:02 9214039                   /usr/lib/libxcb-randr.so.0.1.0
7f6c08809000-7f6c0880a000 rw-p 00011000 103:02 9214039                   /usr/lib/libxcb-randr.so.0.1.0
7f6c0880a000-7f6c0880c000 r--p 00000000 103:02 9217864                   /usr/lib/libsensors.so.5.0.0
7f6c0880c000-7f6c08816000 r-xp 00002000 103:02 9217864                   /usr/lib/libsensors.so.5.0.0
7f6c08816000-7f6c0881a000 r--p 0000c000 103:02 9217864                   /usr/lib/libsensors.so.5.0.0
7f6c0881a000-7f6c0881b000 r--p 00010000 103:02 9217864                   /usr/lib/libsensors.so.5.0.0
7f6c0881b000-7f6c0881c000 rw-p 00011000 103:02 9217864                   /usr/lib/libsensors.so.5.0.0
7f6c0881c000-7f6c08827000 r--p 00000000 103:02 9182986                   /usr/lib/libzstd.so.1.5.7
7f6c08827000-7f6c08917000 r-xp 0000b000 103:02 9182986                   /usr/lib/libzstd.so.1.5.7
7f6c08917000-7f6c0892d000 r--p 000fb000 103:02 9182986                   /usr/lib/libzstd.so.1.5.7
7f6c0892d000-7f6c0892e000 r--p 00110000 103:02 9182986                   /usr/lib/libzstd.so.1.5.7
7f6c0892e000-7f6c0892f000 rw-p 00111000 103:02 9182986                   /usr/lib/libzstd.so.1.5.7
7f6c0892f000-7f6c08932000 r--p 00000000 103:02 9214066                   /usr/lib/libxcb-xfixes.so.0.0.0
7f6c08932000-7f6c08935000 r-xp 00003000 103:02 9214066                   /usr/lib/libxcb-xfixes.so.0.0.0
7f6c08935000-7f6c08936000 r--p 00006000 103:02 9214066                   /usr/lib/libxcb-xfixes.so.0.0.0
7f6c08936000-7f6c08937000 r--p 00007000 103:02 9214066                   /usr/lib/libxcb-xfixes.so.0.0.0
7f6c08937000-7f6c08938000 rw-p 00008000 103:02 9214066                   /usr/lib/libxcb-xfixes.so.0.0.0
7f6c08938000-7f6c08939000 r--p 00000000 103:02 9214036                   /usr/lib/libxcb-present.so.0.0.0
7f6c08939000-7f6c0893a000 r-xp 00001000 103:02 9214036                   /usr/lib/libxcb-present.so.0.0.0
7f6c0893a000-7f6c0893b000 r--p 00002000 103:02 9214036                   /usr/lib/libxcb-present.so.0.0.0
7f6c0893b000-7f6c0893c000 r--p 00002000 103:02 9214036                   /usr/lib/libxcb-present.so.0.0.0
7f6c0893c000-7f6c0893d000 rw-p 00003000 103:02 9214036                   /usr/lib/libxcb-present.so.0.0.0
7f6c0893d000-7f6c0893f000 r--p 00000000 103:02 9214030                   /usr/lib/libxcb-dri3.so.0.1.0
7f6c0893f000-7f6c08941000 r-xp 00002000 103:02 9214030                   /usr/lib/libxcb-dri3.so.0.1.0
7f6c08941000-7f6c08942000 r--p 00004000 103:02 9214030                   /usr/lib/libxcb-dri3.so.0.1.0
7f6c08942000-7f6c08943000 r--p 00004000 103:02 9214030                   /usr/lib/libxcb-dri3.so.0.1.0
7f6c08943000-7f6c08944000 rw-p 00005000 103:02 9214030                   /usr/lib/libxcb-dri3.so.0.1.0
7f6c08944000-7f6c08945000 r--p 00000000 103:02 9214057                   /usr/lib/libxcb-shm.so.0.0.0
7f6c08945000-7f6c08946000 r-xp 00001000 103:02 9214057                   /usr/lib/libxcb-shm.so.0.0.0
7f6c08946000-7f6c08947000 r--p 00002000 103:02 9214057                   /usr/lib/libxcb-shm.so.0.0.0
7f6c08947000-7f6c08948000 r--p 00002000 103:02 9214057                   /usr/lib/libxcb-shm.so.0.0.0
7f6c08948000-7f6c08949000 rw-p 00003000 103:02 9214057                   /usr/lib/libxcb-shm.so.0.0.0
7f6c08949000-7f6c08955000 r--p 00000000 103:02 9214033                   /usr/lib/libxcb-glx.so.0.0.0
7f6c08955000-7f6c0895e000 r-xp 0000c000 103:02 9214033                   /usr/lib/libxcb-glx.so.0.0.0
7f6c0895e000-7f6c08963000 r--p 00015000 103:02 9214033                   /usr/lib/libxcb-glx.so.0.0.0
7f6c08963000-7f6c08965000 r--p 0001a000 103:02 9214033                   /usr/lib/libxcb-glx.so.0.0.0
7f6c08965000-7f6c08966000 rw-p 0001c000 103:02 9214033                   /usr/lib/libxcb-glx.so.0.0.0
7f6c08966000-7f6c0896b000 r--p 00000000 103:02 9217357                   /usr/lib/libdrm.so.2.134.0
7f6c0896b000-7f6c08979000 r-xp 00005000 103:02 9217357                   /usr/lib/libdrm.so.2.134.0
7f6c08979000-7f6c0897d000 r--p 00013000 103:02 9217357                   /usr/lib/libdrm.so.2.134.0
7f6c0897d000-7f6c0897e000 r--p 00017000 103:02 9217357                   /usr/lib/libdrm.so.2.134.0
7f6c0897e000-7f6c0897f000 rw-p 00018000 103:02 9217357                   /usr/lib/libdrm.so.2.134.0
7f6c0897f000-7f6c08984000 r--p 00000000 103:02 9265455                   /usr/lib/libGLX_mesa.so.0.0.0
7f6c08984000-7f6c089c5000 r-xp 00005000 103:02 9265455                   /usr/lib/libGLX_mesa.so.0.0.0
7f6c089c5000-7f6c089d6000 r--p 00046000 103:02 9265455                   /usr/lib/libGLX_mesa.so.0.0.0
7f6c089d6000-7f6c089da000 r--p 00056000 103:02 9265455                   /usr/lib/libGLX_mesa.so.0.0.0
7f6c089da000-7f6c089db000 rw-p 0005a000 103:02 9265455                   /usr/lib/libGLX_mesa.so.0.0.0
7f6c089db000-7f6c089e7000 r--s 00000000 103:02 17436335                  /var/cache/fontconfig/7d660be5d4eca970fa91d6ca176f5ce2-le64.cache-12
7f6c089e7000-7f6c08aff000 r--s 00000000 103:02 17439173                  /var/cache/fontconfig/923e285e415b1073c8df160bee08820f-le64.cache-12
7f6c08aff000-7f6c08b00000 rw-p 00000000 00:00 0 
7f6c08b00000-7f6c08b04000 ---p 00000000 00:00 0 
7f6c08b04000-7f6c08c00000 rw-p 00000000 00:00 0 
7f6c08c00000-7f6c08c9a000 r--p 00000000 103:02 9178936                   /usr/lib/libstdc++.so.6.0.36
7f6c08c9a000-7f6c08e77000 r-xp 0009a000 103:02 9178936                   /usr/lib/libstdc++.so.6.0.36
7f6c08e77000-7f6c08f16000 r--p 00277000 103:02 9178936                   /usr/lib/libstdc++.so.6.0.36
7f6c08f16000-7f6c08f27000 r--p 00316000 103:02 9178936                   /usr/lib/libstdc++.so.6.0.36
7f6c08f27000-7f6c08f28000 rw-p 00327000 103:02 9178936                   /usr/lib/libstdc++.so.6.0.36
7f6c08f28000-7f6c08f2c000 rw-p 00000000 00:00 0 
7f6c08f2c000-7f6c08f2d000 rw-s 00000000 00:01 707542                     /memfd:pipewire-memfd:flags=0x0000000f,type=2,size=4096 (deleted)
7f6c08f2d000-7f6c08f2e000 r--p 00000000 103:02 9217828                   /usr/lib/libXxf86vm.so.1.0.0
7f6c08f2e000-7f6c08f32000 r-xp 00001000 103:02 9217828                   /usr/lib/libXxf86vm.so.1.0.0
7f6c08f32000-7f6c08f33000 r--p 00005000 103:02 9217828                   /usr/lib/libXxf86vm.so.1.0.0
7f6c08f33000-7f6c08f34000 r--p 00005000 103:02 9217828                   /usr/lib/libXxf86vm.so.1.0.0
7f6c08f34000-7f6c08f35000 rw-p 00006000 103:02 9217828                   /usr/lib/libXxf86vm.so.1.0.0
7f6c08f35000-7f6c08f5e000 r--s 00000000 103:02 17436334                  /var/cache/fontconfig/f2e43df3287529323e79e7929dc44cc9-le64.cache-12
7f6c08f5e000-7f6c09000000 r--s 00000000 103:02 17439172                  /var/cache/fontconfig/f6b893a7224233d96cb72fd88691c0b4-le64.cache-12
7f6c09000000-7f6c0a91a000 r-xp 00000000 103:02 26488011                  /home/arcady/.skiko/skiko-linux-x64-434f7633c843870c0839a1137b128f6c3db3c5d58dcad3545e90827e3e341afb/libskiko-linux-x64.so
7f6c0a91a000-7f6c0a952000 r--p 01919000 103:02 26488011                  /home/arcady/.skiko/skiko-linux-x64-434f7633c843870c0839a1137b128f6c3db3c5d58dcad3545e90827e3e341afb/libskiko-linux-x64.so
7f6c0a952000-7f6c0a955000 rw-p 01951000 103:02 26488011                  /home/arcady/.skiko/skiko-linux-x64-434f7633c843870c0839a1137b128f6c3db3c5d58dcad3545e90827e3e341afb/libskiko-linux-x64.so
7f6c0a955000-7f6c0a95e000 rw-p 00000000 00:00 0 
7f6c0a95e000-7f6c0a95f000 rw-s 00000000 00:01 707541                     /memfd:pipewire-memfd:flags=0x0000000f,type=2,size=2312 (deleted)
7f6c0a95f000-7f6c0a960000 r--p 00000000 103:02 9216426                   /usr/lib/libX11-xcb.so.1.0.0
7f6c0a960000-7f6c0a961000 r-xp 00001000 103:02 9216426                   /usr/lib/libX11-xcb.so.1.0.0
7f6c0a961000-7f6c0a962000 r--p 00002000 103:02 9216426                   /usr/lib/libX11-xcb.so.1.0.0
7f6c0a962000-7f6c0a963000 r--p 00002000 103:02 9216426                   /usr/lib/libX11-xcb.so.1.0.0
7f6c0a963000-7f6c0a964000 rw-p 00003000 103:02 9216426                   /usr/lib/libX11-xcb.so.1.0.0
7f6c0a964000-7f6c0a978000 r--s 00000000 103:02 17436327                  /var/cache/fontconfig/9ca6e536950a5e9260f4a55525eb84c7-le64.cache-12
7f6c0a978000-7f6c0a97a000 r--p 00000000 103:02 9217812                   /usr/lib/libGLdispatch.so.0.0.0
7f6c0a97a000-7f6c0a9b9000 r-xp 00002000 103:02 9217812                   /usr/lib/libGLdispatch.so.0.0.0
7f6c0a9b9000-7f6c0a9cc000 r--p 00041000 103:02 9217812                   /usr/lib/libGLdispatch.so.0.0.0
7f6c0a9cc000-7f6c0a9e8000 r--p 00054000 103:02 9217812                   /usr/lib/libGLdispatch.so.0.0.0
7f6c0a9e8000-7f6c0a9e9000 rw-p 00070000 103:02 9217812                   /usr/lib/libGLdispatch.so.0.0.0
7f6c0a9e9000-7f6c0a9f1000 rw-p 00000000 00:00 0 
7f6c0a9f1000-7f6c0a9f2000 rw-p 00000000 00:00 0 
7f6c0a9f2000-7f6c0a9f6000 ---p 00000000 00:00 0 
7f6c0a9f6000-7f6c0aaf3000 rw-p 00000000 00:00 0 
7f6c0aaf3000-7f6c0aaf7000 ---p 00000000 00:00 0 
7f6c0aaf7000-7f6c0abf4000 rw-p 00000000 00:00 0 
7f6c0abf4000-7f6c0abf8000 ---p 00000000 00:00 0 
7f6c0abf8000-7f6c0acf5000 rw-p 00000000 00:00 0 
7f6c0acf5000-7f6c0acf9000 ---p 00000000 00:00 0 
7f6c0acf9000-7f6c0adf6000 rw-p 00000000 00:00 0 
7f6c0adf6000-7f6c0adfa000 ---p 00000000 00:00 0 
7f6c0adfa000-7f6c0aef7000 rw-p 00000000 00:00 0 
7f6c0aef7000-7f6c0aefb000 ---p 00000000 00:00 0 
7f6c0aefb000-7f6c0aff8000 rw-p 00000000 00:00 0 
7f6c0aff8000-7f6c0affc000 ---p 00000000 00:00 0 
7f6c0affc000-7f6c0b0f9000 rw-p 00000000 00:00 0 
7f6c0b0f9000-7f6c0b0fd000 ---p 00000000 00:00 0 
7f6c0b0fd000-7f6c0b1fa000 rw-p 00000000 00:00 0 
7f6c0b1fa000-7f6c0b1fe000 ---p 00000000 00:00 0 
7f6c0b1fe000-7f6c0b2fb000 rw-p 00000000 00:00 0 
7f6c0b2fb000-7f6c0b2ff000 ---p 00000000 00:00 0 
7f6c0b2ff000-7f6c0b3fc000 rw-p 00000000 00:00 0 
7f6c0b3fc000-7f6c0b400000 ---p 00000000 00:00 0 
7f6c0b400000-7f6c0b4fd000 rw-p 00000000 00:00 0 
7f6c0b4fd000-7f6c0b501000 ---p 00000000 00:00 0 
7f6c0b501000-7f6c0b5fe000 rw-p 00000000 00:00 0 
7f6c0b5fe000-7f6c0b602000 ---p 00000000 00:00 0 
7f6c0b602000-7f6c0b6ff000 rw-p 00000000 00:00 0 
7f6c0b6ff000-7f6c0b703000 ---p 00000000 00:00 0 
7f6c0b703000-7f6c0c000000 rw-p 00000000 00:00 0 
7f6c0c000000-7f6c0ff8b000 rw-p 00000000 00:00 0 
7f6c0ff8b000-7f6c10000000 ---p 00000000 00:00 0 
7f6c10000000-7f6c12c2a000 rw-p 00000000 00:00 0 
7f6c12c2a000-7f6c14000000 ---p 00000000 00:00 0 
7f6c14000000-7f6c1718a000 rw-p 00000000 00:00 0 
7f6c1718a000-7f6c18000000 ---p 00000000 00:00 0 
7f6c18000000-7f6c1ab42000 rw-p 00000000 00:00 0 
7f6c1ab42000-7f6c1c000000 ---p 00000000 00:00 0 
7f6c1c000000-7f6c1c400000 rw-p 00000000 00:00 0 
7f6c1c400000-7f6c1d380000 rw-p 00000000 00:00 0 
7f6c1d380000-7f6c1d400000 rw-p 00000000 00:00 0 
7f6c1d400000-7f6c1d800000 rw-p 00000000 00:00 0 
7f6c1d800000-7f6c1dd00000 rw-p 00000000 00:00 0 
7f6c1dd00000-7f6c1de00000 rw-p 00000000 00:00 0 
7f6c1de00000-7f6c1df00000 rw-p 00000000 00:00 0 
7f6c1df00000-7f6c1e000000 rw-p 00000000 00:00 0 
7f6c1e000000-7f6c1e500000 rw-p 00000000 00:00 0 
7f6c1e500000-7f6c1eb00000 rw-p 00000000 00:00 0 
7f6c1eb00000-7f6c1ec00000 rw-p 00000000 00:00 0 
7f6c1ec00000-7f6c1f500000 rw-p 00000000 00:00 0 
7f6c1f500000-7f6c1f600000 rw-p 00000000 00:00 0 
7f6c1f600000-7f6c1fd00000 rw-p 00000000 00:00 0 
7f6c1fd00000-7f6c1fdb0000 rw-p 00000000 00:00 0 
7f6c1fdb0000-7f6c1fe00000 ---p 00000000 00:00 0 
7f6c1fe00000-7f6c1ff10000 rw-p 00000000 00:00 0 
7f6c1ff10000-7f6c20000000 ---p 00000000 00:00 0 
7f6c20000000-7f6c21673000 rw-p 00000000 00:00 0 
7f6c21673000-7f6c24000000 ---p 00000000 00:00 0 
7f6c24000000-7f6c24001000 rw-s 00000000 00:01 711047                     /memfd:pipewire-memfd:flags=0x0000000f,type=2,size=2312 (deleted)
7f6c24001000-7f6c24002000 rw-s 15de68000 00:07 525                       /dev/dri/renderD128
7f6c24002000-7f6c24003000 r--p 00000000 103:02 28594824                  /home/arcady/.gradle/jdks/jetbrains_s_r_o_-21-amd64-linux.2/lib/libjawt.so
7f6c24003000-7f6c24004000 r-xp 00001000 103:02 28594824                  /home/arcady/.gradle/jdks/jetbrains_s_r_o_-21-amd64-linux.2/lib/libjawt.so
7f6c24004000-7f6c24005000 r--p 00002000 103:02 28594824                  /home/arcady/.gradle/jdks/jetbrains_s_r_o_-21-amd64-linux.2/lib/libjawt.so
7f6c24005000-7f6c24006000 r--p 00002000 103:02 28594824                  /home/arcady/.gradle/jdks/jetbrains_s_r_o_-21-amd64-linux.2/lib/libjawt.so
7f6c24006000-7f6c24007000 rw-p 00000000 00:00 0 
7f6c24007000-7f6c2400d000 r--s 00000000 103:02 17436332                  /var/cache/fontconfig/b67b32625a2bb51b023d3814a918f351-le64.cache-12
7f6c2400d000-7f6c24019000 r--s 00000000 103:02 17436324                  /var/cache/fontconfig/4b31aef11cb0687b6d280d34cbe23592-le64.cache-12
7f6c24019000-7f6c2401b000 r--p 00000000 103:02 9217809                   /usr/lib/libGLX.so.0.0.0
7f6c2401b000-7f6c24036000 r-xp 00002000 103:02 9217809                   /usr/lib/libGLX.so.0.0.0
7f6c24036000-7f6c24039000 r--p 0001d000 103:02 9217809                   /usr/lib/libGLX.so.0.0.0
7f6c24039000-7f6c2403a000 r--p 00020000 103:02 9217809                   /usr/lib/libGLX.so.0.0.0
7f6c2403a000-7f6c2403b000 rw-p 00021000 103:02 9217809                   /usr/lib/libGLX.so.0.0.0
7f6c2403b000-7f6c2404b000 rw-p 00000000 00:00 0 
7f6c2404b000-7f6c2407a000 r--p 00000000 103:02 9217803                   /usr/lib/libGL.so.1.7.0
7f6c2407a000-7f6c24099000 r-xp 0002f000 103:02 9217803                   /usr/lib/libGL.so.1.7.0
7f6c24099000-7f6c240ae000 r--p 0004e000 103:02 9217803                   /usr/lib/libGL.so.1.7.0
7f6c240ae000-7f6c240bc000 r--p 00062000 103:02 9217803                   /usr/lib/libGL.so.1.7.0
7f6c240bc000-7f6c240bd000 rw-p 00070000 103:02 9217803                   /usr/lib/libGL.so.1.7.0
7f6c240bd000-7f6c240be000 rw-p 00000000 00:00 0 
7f6c240be000-7f6c242c0000 rw-p 00000000 00:00 0 
7f6c242c0000-7f6c242c1000 rw-s 00000000 00:01 5413                       /memfd:pipewire-memfd:flags=0x0000000f,type=2,size=2312 (deleted)
7f6c242c1000-7f6c242c2000 rw-s 00000000 00:01 710401                     /memfd:xshmfence (deleted)
7f6c242c2000-7f6c242c5000 r--s 00000000 103:02 17436340                  /var/cache/fontconfig/1876b2dcf508980ebba421dbe8e808d3-le64.cache-12
7f6c242c5000-7f6c242ce000 r--s 00000000 103:02 26488700                  /home/arcady/.cache/fontconfig/72dd03ea2de15255d6d5b020e424504a-le64.cache-12
7f6c242ce000-7f6c242dc000 r--p 00000000 103:02 9199964                   /usr/lib/libdbus-1.so.3.38.3
7f6c242dc000-7f6c24312000 r-xp 0000e000 103:02 9199964                   /usr/lib/libdbus-1.so.3.38.3
7f6c24312000-7f6c24324000 r--p 00044000 103:02 9199964                   /usr/lib/libdbus-1.so.3.38.3
7f6c24324000-7f6c24326000 r--p 00055000 103:02 9199964                   /usr/lib/libdbus-1.so.3.38.3
7f6c24326000-7f6c24327000 rw-p 00057000 103:02 9199964                   /usr/lib/libdbus-1.so.3.38.3
7f6c24327000-7f6c24329000 r--p 00000000 103:02 28594838                  /home/arcady/.gradle/jdks/jetbrains_s_r_o_-21-amd64-linux.2/lib/libmanagement_ext.so
7f6c24329000-7f6c2432c000 r-xp 00002000 103:02 28594838                  /home/arcady/.gradle/jdks/jetbrains_s_r_o_-21-amd64-linux.2/lib/libmanagement_ext.so
7f6c2432c000-7f6c2432d000 r--p 00005000 103:02 28594838                  /home/arcady/.gradle/jdks/jetbrains_s_r_o_-21-amd64-linux.2/lib/libmanagement_ext.so
7f6c2432d000-7f6c2432e000 ---p 00006000 103:02 28594838                  /home/arcady/.gradle/jdks/jetbrains_s_r_o_-21-amd64-linux.2/lib/libmanagement_ext.so
7f6c2432e000-7f6c2432f000 r--p 00006000 103:02 28594838                  /home/arcady/.gradle/jdks/jetbrains_s_r_o_-21-amd64-linux.2/lib/libmanagement_ext.so
7f6c2432f000-7f6c24330000 rw-p 00000000 00:00 0 
7f6c24330000-7f6c24331000 rw-p 00000000 00:00 0 
7f6c24331000-7f6c24335000 ---p 00000000 00:00 0 
7f6c24335000-7f6c24432000 rw-p 00000000 00:00 0 
7f6c24432000-7f6c24436000 ---p 00000000 00:00 0 
7f6c24436000-7f6c24532000 rw-p 00000000 00:00 0 
7f6c24532000-7f6c24535000 r--p 00000000 103:02 9190682                   /usr/lib/libnss_resolve.so.2
7f6c24535000-7f6c24568000 r-xp 00003000 103:02 9190682                   /usr/lib/libnss_resolve.so.2
7f6c24568000-7f6c24580000 r--p 00036000 103:02 9190682                   /usr/lib/libnss_resolve.so.2
7f6c24580000-7f6c24587000 r--p 0004e000 103:02 9190682                   /usr/lib/libnss_resolve.so.2
7f6c24587000-7f6c24588000 rw-p 00055000 103:02 9190682                   /usr/lib/libnss_resolve.so.2
7f6c24588000-7f6c2458c000 r--p 00000000 103:02 9190680                   /usr/lib/libnss_mymachines.so.2
7f6c2458c000-7f6c245dd000 r-xp 00004000 103:02 9190680                   /usr/lib/libnss_mymachines.so.2
7f6c245dd000-7f6c245f7000 r--p 00055000 103:02 9190680                   /usr/lib/libnss_mymachines.so.2
7f6c245f7000-7f6c245fa000 r--p 0006f000 103:02 9190680                   /usr/lib/libnss_mymachines.so.2
7f6c245fa000-7f6c245fb000 rw-p 00072000 103:02 9190680                   /usr/lib/libnss_mymachines.so.2
7f6c245fb000-7f6c245fc000 rw-p 00000000 00:00 0 
7f6c245fc000-7f6c24600000 ---p 00000000 00:00 0 
7f6c24600000-7f6c246fd000 rw-p 00000000 00:00 0 
7f6c246fd000-7f6c24701000 ---p 00000000 00:00 0 
7f6c24701000-7f6c26000000 rw-p 00000000 00:00 0 
7f6c26000000-7f6c27c96000 rw-p 00001000 103:02 28594925                  /home/arcady/.gradle/jdks/jetbrains_s_r_o_-21-amd64-linux.2/lib/server/classes.jsa
7f6c27c96000-7f6c28000000 ---p 00000000 00:00 0 
7f6c28000000-7f6c28040000 rw-p 00000000 00:00 0 
7f6c28040000-7f6c28080000 rw-p 00000000 00:00 0 
7f6c28080000-7f6c28240000 rw-p 00000000 00:00 0 
7f6c28240000-7f6c28280000 rw-p 00000000 00:00 0 
7f6c28280000-7f6c283e0000 rw-p 00000000 00:00 0 
7f6c283e0000-7f6c284c0000 rw-p 00000000 00:00 0 
7f6c284c0000-7f6c28500000 rw-p 00000000 00:00 0 
7f6c28500000-7f6c28780000 rw-p 00000000 00:00 0 
7f6c28780000-7f6c68000000 ---p 00000000 00:00 0 
7f6c68000000-7f6c6bd37000 rw-p 00000000 00:00 0 
7f6c6bd37000-7f6c6c000000 ---p 00000000 00:00 0 
7f6c6c000000-7f6c6ccbc000 rw-p 00000000 00:00 0 
7f6c6ccbc000-7f6c70000000 ---p 00000000 00:00 0 
7f6c70000000-7f6c70001000 rw-p 00000000 00:00 0 
7f6c70001000-7f6c70002000 rw-s 1815ff000 00:07 525                       /dev/dri/renderD128
7f6c70002000-7f6c70003000 rw-p 00000000 00:00 0 
7f6c70003000-7f6c70007000 ---p 00000000 00:00 0 
7f6c70007000-7f6c70104000 rw-p 00000000 00:00 0 
7f6c70104000-7f6c70108000 ---p 00000000 00:00 0 
7f6c70108000-7f6c70204000 rw-p 00000000 00:00 0 
7f6c70204000-7f6c70207000 r--p 00000000 103:02 9220619                   /usr/lib/libXcursor.so.1.0.2
7f6c70207000-7f6c7020e000 r-xp 00003000 103:02 9220619                   /usr/lib/libXcursor.so.1.0.2
7f6c7020e000-7f6c70210000 r--p 0000a000 103:02 9220619                   /usr/lib/libXcursor.so.1.0.2
7f6c70210000-7f6c70211000 r--p 0000b000 103:02 9220619                   /usr/lib/libXcursor.so.1.0.2
7f6c70211000-7f6c70212000 rw-p 0000c000 103:02 9220619                   /usr/lib/libXcursor.so.1.0.2
7f6c70212000-7f6c70216000 r--p 00000000 103:02 9219348                   /usr/lib/gio/modules/libdconfsettings.so
7f6c70216000-7f6c7021d000 r-xp 00004000 103:02 9219348                   /usr/lib/gio/modules/libdconfsettings.so
7f6c7021d000-7f6c70220000 r--p 0000b000 103:02 9219348                   /usr/lib/gio/modules/libdconfsettings.so
7f6c70220000-7f6c70221000 r--p 0000d000 103:02 9219348                   /usr/lib/gio/modules/libdconfsettings.so
7f6c70221000-7f6c70222000 rw-p 0000e000 103:02 9219348                   /usr/lib/gio/modules/libdconfsettings.so
7f6c70222000-7f6c70224000 r--p 00000000 103:02 9220696                   /usr/lib/libXrandr.so.2.2.0
7f6c70224000-7f6c7022d000 r-xp 00002000 103:02 9220696                   /usr/lib/libXrandr.so.2.2.0
7f6c7022d000-7f6c7022f000 r--p 0000b000 103:02 9220696                   /usr/lib/libXrandr.so.2.2.0
7f6c7022f000-7f6c70230000 r--p 0000c000 103:02 9220696                   /usr/lib/libXrandr.so.2.2.0
7f6c70230000-7f6c70231000 rw-p 0000d000 103:02 9220696                   /usr/lib/libXrandr.so.2.2.0
7f6c70231000-7f6c7023f000 r--p 00000000 103:02 9201637                   /usr/share/glib-2.0/schemas/gschemas.compiled
7f6c7023f000-7f6c70240000 rw-p 00000000 00:00 0 
7f6c70240000-7f6c70244000 ---p 00000000 00:00 0 
7f6c70244000-7f6c70340000 rw-p 00000000 00:00 0 
7f6c70340000-7f6c70344000 r--p 00000000 103:02 9201625                   /usr/lib/libgcc_s.so.1
7f6c70344000-7f6c70370000 r-xp 00004000 103:02 9201625                   /usr/lib/libgcc_s.so.1
7f6c70370000-7f6c70374000 r--p 00030000 103:02 9201625                   /usr/lib/libgcc_s.so.1
7f6c70374000-7f6c70375000 r--p 00034000 103:02 9201625                   /usr/lib/libgcc_s.so.1
7f6c70375000-7f6c70376000 rw-p 00035000 103:02 9201625                   /usr/lib/libgcc_s.so.1
7f6c70376000-7f6c7038b000 r--p 00000000 103:02 9190687                   /usr/lib/libsystemd.so.0.44.0
7f6c7038b000-7f6c70464000 r-xp 00015000 103:02 9190687                   /usr/lib/libsystemd.so.0.44.0
7f6c70464000-7f6c704b3000 r--p 000ee000 103:02 9190687                   /usr/lib/libsystemd.so.0.44.0
7f6c704b3000-7f6c704bc000 r--p 0013c000 103:02 9190687                   /usr/lib/libsystemd.so.0.44.0
7f6c704bc000-7f6c704bd000 rw-p 00145000 103:02 9190687                   /usr/lib/libsystemd.so.0.44.0
7f6c704bd000-7f6c704be000 rw-p 00000000 00:00 0 
7f6c704be000-7f6c704c1000 r--p 00000000 103:02 9192715                   /usr/lib/libpcre2-8.so.0.15.0
7f6c704c1000-7f6c70555000 r-xp 00003000 103:02 9192715                   /usr/lib/libpcre2-8.so.0.15.0
7f6c70555000-7f6c70584000 r--p 00097000 103:02 9192715                   /usr/lib/libpcre2-8.so.0.15.0
7f6c70584000-7f6c70585000 r--p 000c5000 103:02 9192715                   /usr/lib/libpcre2-8.so.0.15.0
7f6c70585000-7f6c70586000 rw-p 000c6000 103:02 9192715                   /usr/lib/libpcre2-8.so.0.15.0
7f6c70586000-7f6c705a4000 r--p 00000000 103:02 9198934                   /usr/lib/libglib-2.0.so.0.8800.3
7f6c705a4000-7f6c70672000 r-xp 0001e000 103:02 9198934                   /usr/lib/libglib-2.0.so.0.8800.3
7f6c70672000-7f6c70706000 r--p 000ec000 103:02 9198934                   /usr/lib/libglib-2.0.so.0.8800.3
7f6c70706000-7f6c70707000 r--p 00180000 103:02 9198934                   /usr/lib/libglib-2.0.so.0.8800.3
7f6c70707000-7f6c70708000 rw-p 00181000 103:02 9198934                   /usr/lib/libglib-2.0.so.0.8800.3
7f6c70708000-7f6c70709000 rw-p 00000000 00:00 0 
7f6c70709000-7f6c7073b000 r--p 00000000 103:02 9198920                   /usr/lib/libgio-2.0.so.0.8800.3
7f6c7073b000-7f6c70879000 r-xp 00032000 103:02 9198920                   /usr/lib/libgio-2.0.so.0.8800.3
7f6c70879000-7f6c708f8000 r--p 00170000 103:02 9198920                   /usr/lib/libgio-2.0.so.0.8800.3
7f6c708f8000-7f6c70901000 r--p 001ee000 103:02 9198920                   /usr/lib/libgio-2.0.so.0.8800.3
7f6c70901000-7f6c70902000 rw-p 001f7000 103:02 9198920                   /usr/lib/libgio-2.0.so.0.8800.3
7f6c70902000-7f6c70904000 rw-p 00000000 00:00 0 
7f6c70904000-7f6c7090a000 r--p 00000000 103:02 28594814                  /home/arcady/.gradle/jdks/jetbrains_s_r_o_-21-amd64-linux.2/lib/libfontmanager.so
7f6c7090a000-7f6c70a88000 r-xp 00006000 103:02 28594814                  /home/arcady/.gradle/jdks/jetbrains_s_r_o_-21-amd64-linux.2/lib/libfontmanager.so
7f6c70a88000-7f6c70ac5000 r--p 00184000 103:02 28594814                  /home/arcady/.gradle/jdks/jetbrains_s_r_o_-21-amd64-linux.2/lib/libfontmanager.so
7f6c70ac5000-7f6c70ac7000 r--p 001c0000 103:02 28594814                  /home/arcady/.gradle/jdks/jetbrains_s_r_o_-21-amd64-linux.2/lib/libfontmanager.so
7f6c70ac7000-7f6c70ac8000 rw-p 001c2000 103:02 28594814                  /home/arcady/.gradle/jdks/jetbrains_s_r_o_-21-amd64-linux.2/lib/libfontmanager.so
7f6c70ac8000-7f6c70ac9000 rw-p 00000000 00:00 0 
7f6c70ac9000-7f6c70acc000 r--s 00000000 103:02 17436336                  /var/cache/fontconfig/e552019f4ed2e530c25d313cf4ffa813-le64.cache-12
7f6c70acc000-7f6c70ad6000 r--p 00000000 103:02 9182319                   /usr/lib/libmount.so.1.1.0
7f6c70ad6000-7f6c70b1f000 r-xp 0000a000 103:02 9182319                   /usr/lib/libmount.so.1.1.0
7f6c70b1f000-7f6c70b31000 r--p 00053000 103:02 9182319                   /usr/lib/libmount.so.1.1.0
7f6c70b31000-7f6c70b33000 r--p 00065000 103:02 9182319                   /usr/lib/libmount.so.1.1.0
7f6c70b33000-7f6c70b34000 rw-p 00067000 103:02 9182319                   /usr/lib/libmount.so.1.1.0
7f6c70b34000-7f6c70b40000 r--p 00000000 103:02 9198945                   /usr/lib/libgobject-2.0.so.0.8800.3
7f6c70b40000-7f6c70b89000 r-xp 0000c000 103:02 9198945                   /usr/lib/libgobject-2.0.so.0.8800.3
7f6c70b89000-7f6c70ba3000 r--p 00055000 103:02 9198945                   /usr/lib/libgobject-2.0.so.0.8800.3
7f6c70ba3000-7f6c70ba6000 r--p 0006e000 103:02 9198945                   /usr/lib/libgobject-2.0.so.0.8800.3
7f6c70ba6000-7f6c70ba7000 rw-p 00071000 103:02 9198945                   /usr/lib/libgobject-2.0.so.0.8800.3
7f6c70ba7000-7f6c70ba8000 rw-p 00000000 00:00 0 
7f6c70ba8000-7f6c70bac000 ---p 00000000 00:00 0 
7f6c70bac000-7f6c70ca9000 rw-p 00000000 00:00 0 
7f6c70ca9000-7f6c70cad000 ---p 00000000 00:00 0 
7f6c70cad000-7f6c70da9000 rw-p 00000000 00:00 0 
7f6c70da9000-7f6c70dab000 r--p 00000000 103:02 9193364                   /usr/lib/libffi.so.8.4.1
7f6c70dab000-7f6c70db3000 r-xp 00002000 103:02 9193364                   /usr/lib/libffi.so.8.4.1
7f6c70db3000-7f6c70db5000 r--p 0000a000 103:02 9193364                   /usr/lib/libffi.so.8.4.1
7f6c70db5000-7f6c70db6000 r--p 0000b000 103:02 9193364                   /usr/lib/libffi.so.8.4.1
7f6c70db6000-7f6c70db7000 rw-p 0000c000 103:02 9193364                   /usr/lib/libffi.so.8.4.1
7f6c70db7000-7f6c70dba000 r--p 00000000 103:02 9217917                   /usr/lib/libwayland-client.so.0.25.0
7f6c70dba000-7f6c70dc2000 r-xp 00003000 103:02 9217917                   /usr/lib/libwayland-client.so.0.25.0
7f6c70dc2000-7f6c70dc5000 r--p 0000b000 103:02 9217917                   /usr/lib/libwayland-client.so.0.25.0
7f6c70dc5000-7f6c70dc7000 r--p 0000d000 103:02 9217917                   /usr/lib/libwayland-client.so.0.25.0
7f6c70dc7000-7f6c70dc8000 rw-p 0000f000 103:02 9217917                   /usr/lib/libwayland-client.so.0.25.0
7f6c70dc8000-7f6c70dc9000 rw-s 187b92000 00:07 525                       /dev/dri/renderD128
7f6c70dc9000-7f6c70dcb000 r--p 00000000 103:02 28594836                  /home/arcady/.gradle/jdks/jetbrains_s_r_o_-21-amd64-linux.2/lib/libmanagement.so
7f6c70dcb000-7f6c70dcc000 r-xp 00002000 103:02 28594836                  /home/arcady/.gradle/jdks/jetbrains_s_r_o_-21-amd64-linux.2/lib/libmanagement.so
7f6c70dcc000-7f6c70dcd000 r--p 00003000 103:02 28594836                  /home/arcady/.gradle/jdks/jetbrains_s_r_o_-21-amd64-linux.2/lib/libmanagement.so
7f6c70dcd000-7f6c70dce000 r--p 00003000 103:02 28594836                  /home/arcady/.gradle/jdks/jetbrains_s_r_o_-21-amd64-linux.2/lib/libmanagement.so
7f6c70dce000-7f6c70dcf000 rw-p 00000000 00:00 0 
7f6c70dcf000-7f6c70ddd000 r--p 00000000 103:02 9201637                   /usr/share/glib-2.0/schemas/gschemas.compiled
7f6c70ddd000-7f6c70de2000 r--p 00000000 103:02 9182303                   /usr/lib/libblkid.so.1.1.0
7f6c70de2000-7f6c70e15000 r-xp 00005000 103:02 9182303                   /usr/lib/libblkid.so.1.1.0
7f6c70e15000-7f6c70e20000 r--p 00038000 103:02 9182303                   /usr/lib/libblkid.so.1.1.0
7f6c70e20000-7f6c70e26000 r--p 00042000 103:02 9182303                   /usr/lib/libblkid.so.1.1.0
7f6c70e26000-7f6c70e27000 rw-p 00048000 103:02 9182303                   /usr/lib/libblkid.so.1.1.0
7f6c70e27000-7f6c70e28000 rw-p 00000000 00:00 0 
7f6c70e28000-7f6c70e2c000 ---p 00000000 00:00 0 
7f6c70e2c000-7f6c70f28000 rw-p 00000000 00:00 0 
7f6c70f28000-7f6c70f34000 r--p 00000000 103:02 9214087                   /usr/lib/libxcb.so.1.1.0
7f6c70f34000-7f6c70f4a000 r-xp 0000c000 103:02 9214087                   /usr/lib/libxcb.so.1.1.0
7f6c70f4a000-7f6c70f53000 r--p 00022000 103:02 9214087                   /usr/lib/libxcb.so.1.1.0
7f6c70f53000-7f6c70f54000 r--p 0002a000 103:02 9214087                   /usr/lib/libxcb.so.1.1.0
7f6c70f54000-7f6c70f55000 rw-p 0002b000 103:02 9214087                   /usr/lib/libxcb.so.1.1.0
7f6c70f55000-7f6c70f58000 r--p 00000000 103:02 9219104                   /usr/lib/libXi.so.6.1.0
7f6c70f58000-7f6c70f67000 r-xp 00003000 103:02 9219104                   /usr/lib/libXi.so.6.1.0
7f6c70f67000-7f6c70f6a000 r--p 00012000 103:02 9219104                   /usr/lib/libXi.so.6.1.0
7f6c70f6a000-7f6c70f6b000 r--p 00014000 103:02 9219104                   /usr/lib/libXi.so.6.1.0
7f6c70f6b000-7f6c70f6c000 rw-p 00015000 103:02 9219104                   /usr/lib/libXi.so.6.1.0
7f6c70f6c000-7f6c70f83000 r--p 00000000 103:02 9216429                   /usr/lib/libX11.so.6.4.0
7f6c70f83000-7f6c71035000 r-xp 00017000 103:02 9216429                   /usr/lib/libX11.so.6.4.0
7f6c71035000-7f6c710c9000 r--p 000c9000 103:02 9216429                   /usr/lib/libX11.so.6.4.0
7f6c710c9000-7f6c710cc000 r--p 0015d000 103:02 9216429                   /usr/lib/libX11.so.6.4.0
7f6c710cc000-7f6c710cf000 rw-p 00160000 103:02 9216429                   /usr/lib/libX11.so.6.4.0
7f6c710cf000-7f6c710d0000 rw-p 00000000 00:00 0 
7f6c710d0000-7f6c710e4000 r--p 00000000 103:02 28594810                  /home/arcady/.gradle/jdks/jetbrains_s_r_o_-21-amd64-linux.2/lib/libawt_xawt.so
7f6c710e4000-7f6c71130000 r-xp 00014000 103:02 28594810                  /home/arcady/.gradle/jdks/jetbrains_s_r_o_-21-amd64-linux.2/lib/libawt_xawt.so
7f6c71130000-7f6c7114b000 r--p 00060000 103:02 28594810                  /home/arcady/.gradle/jdks/jetbrains_s_r_o_-21-amd64-linux.2/lib/libawt_xawt.so
7f6c7114b000-7f6c71151000 r--p 0007a000 103:02 28594810                  /home/arcady/.gradle/jdks/jetbrains_s_r_o_-21-amd64-linux.2/lib/libawt_xawt.so
7f6c71151000-7f6c71153000 rw-p 00080000 103:02 28594810                  /home/arcady/.gradle/jdks/jetbrains_s_r_o_-21-amd64-linux.2/lib/libawt_xawt.so
7f6c71153000-7f6c71155000 rw-p 00000000 00:00 0 
7f6c71155000-7f6c7115b000 r--p 00000000 103:02 9213706                   /usr/lib/libfreetype.so.6.20.6
7f6c7115b000-7f6c71230000 r-xp 00006000 103:02 9213706                   /usr/lib/libfreetype.so.6.20.6
7f6c71230000-7f6c7125b000 r--p 000db000 103:02 9213706                   /usr/lib/libfreetype.so.6.20.6
7f6c7125b000-7f6c71263000 r--p 00106000 103:02 9213706                   /usr/lib/libfreetype.so.6.20.6
7f6c71263000-7f6c71264000 rw-p 0010e000 103:02 9213706                   /usr/lib/libfreetype.so.6.20.6
7f6c71264000-7f6c7126a000 r--p 00000000 103:02 9213725                   /usr/lib/libfontconfig.so.1.17.0
7f6c7126a000-7f6c712aa000 r-xp 00006000 103:02 9213725                   /usr/lib/libfontconfig.so.1.17.0
7f6c712aa000-7f6c712df000 r--p 00046000 103:02 9213725                   /usr/lib/libfontconfig.so.1.17.0
7f6c712df000-7f6c712e8000 r--p 0007b000 103:02 9213725                   /usr/lib/libfontconfig.so.1.17.0
7f6c712e8000-7f6c712e9000 rw-p 00084000 103:02 9213725                   /usr/lib/libfontconfig.so.1.17.0
7f6c712e9000-7f6c71308000 r--p 00000000 103:02 28594807                  /home/arcady/.gradle/jdks/jetbrains_s_r_o_-21-amd64-linux.2/lib/libawt.so
7f6c71308000-7f6c713a8000 r-xp 0001f000 103:02 28594807                  /home/arcady/.gradle/jdks/jetbrains_s_r_o_-21-amd64-linux.2/lib/libawt.so
7f6c713a8000-7f6c713c1000 r--p 000bf000 103:02 28594807                  /home/arcady/.gradle/jdks/jetbrains_s_r_o_-21-amd64-linux.2/lib/libawt.so
7f6c713c1000-7f6c713c2000 ---p 000d8000 103:02 28594807                  /home/arcady/.gradle/jdks/jetbrains_s_r_o_-21-amd64-linux.2/lib/libawt.so
7f6c713c2000-7f6c713c3000 r--p 000d8000 103:02 28594807                  /home/arcady/.gradle/jdks/jetbrains_s_r_o_-21-amd64-linux.2/lib/libawt.so
7f6c713c3000-7f6c713d7000 rw-p 000d9000 103:02 28594807                  /home/arcady/.gradle/jdks/jetbrains_s_r_o_-21-amd64-linux.2/lib/libawt.so
7f6c713d7000-7f6c713fc000 rw-p 00000000 00:00 0 
7f6c713fc000-7f6c713fd000 rw-p 00000000 00:00 0 
7f6c713fd000-7f6c71401000 ---p 00000000 00:00 0 
7f6c71401000-7f6c714fe000 rw-p 00000000 00:00 0 
7f6c714fe000-7f6c71502000 ---p 00000000 00:00 0 
7f6c71502000-7f6c715ff000 rw-p 00000000 00:00 0 
7f6c715ff000-7f6c71603000 ---p 00000000 00:00 0 
7f6c71603000-7f6c71700000 rw-p 00000000 00:00 0 
7f6c71700000-7f6c71704000 ---p 00000000 00:00 0 
7f6c71704000-7f6c71800000 rw-p 00000000 00:00 0 
7f6c71800000-7f6c71901000 r-xp 00000000 00:31 98732                      /tmp/sqlite-3.51.3.0-125513b3-ba01-48c7-a065-3c5972280418-libsqlitejdbc.so
7f6c71901000-7f6c71b00000 ---p 00101000 00:31 98732                      /tmp/sqlite-3.51.3.0-125513b3-ba01-48c7-a065-3c5972280418-libsqlitejdbc.so
7f6c71b00000-7f6c71b08000 rw-p 00100000 00:31 98732                      /tmp/sqlite-3.51.3.0-125513b3-ba01-48c7-a065-3c5972280418-libsqlitejdbc.so
7f6c71b08000-7f6c71b09000 rw-s 369a5d000 00:07 525                       /dev/dri/renderD128
7f6c71b09000-7f6c71b0a000 rw-s 353dfc000 00:07 525                       /dev/dri/renderD128
7f6c71b0a000-7f6c71b0d000 r--s 00000000 103:02 17436329                  /var/cache/fontconfig/6ba42ae0000f58711b5caaf10d690066-le64.cache-12
7f6c71b0d000-7f6c71b0f000 r--p 00000000 103:02 9219098                   /usr/lib/libXfixes.so.3.1.0
7f6c71b0f000-7f6c71b12000 r-xp 00002000 103:02 9219098                   /usr/lib/libXfixes.so.3.1.0
7f6c71b12000-7f6c71b13000 r--p 00005000 103:02 9219098                   /usr/lib/libXfixes.so.3.1.0
7f6c71b13000-7f6c71b14000 r--p 00006000 103:02 9219098                   /usr/lib/libXfixes.so.3.1.0
7f6c71b14000-7f6c71b15000 rw-p 00007000 103:02 9219098                   /usr/lib/libXfixes.so.3.1.0
7f6c71b15000-7f6c71b16000 rw-p 00000000 00:00 0 
7f6c71b16000-7f6c71b1a000 ---p 00000000 00:00 0 
7f6c71b1a000-7f6c71c17000 rw-p 00000000 00:00 0 
7f6c71c17000-7f6c71c1b000 ---p 00000000 00:00 0 
7f6c71c1b000-7f6c71d18000 rw-p 00000000 00:00 0 
7f6c71d18000-7f6c71d1c000 ---p 00000000 00:00 0 
7f6c71d1c000-7f6c71e19000 rw-p 00000000 00:00 0 
7f6c71e19000-7f6c71e1d000 ---p 00000000 00:00 0 
7f6c71e1d000-7f6c71f1a000 rw-p 00000000 00:00 0 
7f6c71f1a000-7f6c71f1e000 ---p 00000000 00:00 0 
7f6c71f1e000-7f6c72924000 rw-p 00000000 00:00 0 
7f6c72924000-7f6c72928000 ---p 00000000 00:00 0 
7f6c72928000-7f6c72a25000 rw-p 00000000 00:00 0 
7f6c72a25000-7f6c72a29000 ---p 00000000 00:00 0 
7f6c72a29000-7f6c72b26000 rw-p 00000000 00:00 0 
7f6c72b26000-7f6c72b2a000 ---p 00000000 00:00 0 
7f6c72b2a000-7f6c72c27000 rw-p 00000000 00:00 0 
7f6c72c27000-7f6c72c2b000 ---p 00000000 00:00 0 
7f6c72c2b000-7f6c72d28000 rw-p 00000000 00:00 0 
7f6c72d28000-7f6c72d2c000 ---p 00000000 00:00 0 
7f6c72d2c000-7f6c72e28000 rw-p 00000000 00:00 0 
7f6c72e28000-7f6c72e2d000 r--p 00000000 103:02 28594833                  /home/arcady/.gradle/jdks/jetbrains_s_r_o_-21-amd64-linux.2/lib/libjsvml.so
7f6c72e2d000-7f6c72e6e000 r-xp 00005000 103:02 28594833                  /home/arcady/.gradle/jdks/jetbrains_s_r_o_-21-amd64-linux.2/lib/libjsvml.so
7f6c72e6e000-7f6c72ef7000 r--p 00046000 103:02 28594833                  /home/arcady/.gradle/jdks/jetbrains_s_r_o_-21-amd64-linux.2/lib/libjsvml.so
7f6c72ef7000-7f6c72ef8000 r--p 000ce000 103:02 28594833                  /home/arcady/.gradle/jdks/jetbrains_s_r_o_-21-amd64-linux.2/lib/libjsvml.so
7f6c72ef8000-7f6c72ef9000 rw-p 000cf000 103:02 28594833                  /home/arcady/.gradle/jdks/jetbrains_s_r_o_-21-amd64-linux.2/lib/libjsvml.so
7f6c72ef9000-7f6c72efa000 rw-p 00000000 00:00 0 
7f6c72efa000-7f6c72efe000 ---p 00000000 00:00 0 
7f6c72efe000-7f6c72ffb000 rw-p 00000000 00:00 0 
7f6c72ffb000-7f6c72fff000 ---p 00000000 00:00 0 
7f6c72fff000-7f6c730fc000 rw-p 00000000 00:00 0 
7f6c730fc000-7f6c73100000 ---p 00000000 00:00 0 
7f6c73100000-7f6c731fd000 rw-p 00000000 00:00 0 
7f6c731fd000-7f6c73201000 ---p 00000000 00:00 0 
7f6c73201000-7f6c732fe000 rw-p 00000000 00:00 0 
7f6c732fe000-7f6c73302000 ---p 00000000 00:00 0 
7f6c73302000-7f6c733ff000 rw-p 00000000 00:00 0 
7f6c733ff000-7f6c73403000 ---p 00000000 00:00 0 
7f6c73403000-7f6c73500000 rw-p 00000000 00:00 0 
7f6c73500000-7f6c73504000 ---p 00000000 00:00 0 
7f6c73504000-7f6c73600000 rw-p 00000000 00:00 0 
7f6c73600000-7f6c73b9e000 r--p 00000000 103:02 9266632                   /usr/lib/locale/locale-archive
7f6c73b9e000-7f6c73ba0000 r--p 00000000 103:02 9198940                   /usr/lib/libgmodule-2.0.so.0.8800.3
7f6c73ba0000-7f6c73ba2000 r-xp 00002000 103:02 9198940                   /usr/lib/libgmodule-2.0.so.0.8800.3
7f6c73ba2000-7f6c73ba3000 r--p 00004000 103:02 9198940                   /usr/lib/libgmodule-2.0.so.0.8800.3
7f6c73ba3000-7f6c73ba4000 r--p 00004000 103:02 9198940                   /usr/lib/libgmodule-2.0.so.0.8800.3
7f6c73ba4000-7f6c73ba5000 rw-p 00005000 103:02 9198940                   /usr/lib/libgmodule-2.0.so.0.8800.3
7f6c73ba5000-7f6c73ba6000 r--p 00000000 103:02 28594815                  /home/arcady/.gradle/jdks/jetbrains_s_r_o_-21-amd64-linux.2/lib/libfontmanager_xawt.so
7f6c73ba6000-7f6c73ba7000 r-xp 00001000 103:02 28594815                  /home/arcady/.gradle/jdks/jetbrains_s_r_o_-21-amd64-linux.2/lib/libfontmanager_xawt.so
7f6c73ba7000-7f6c73ba8000 r--p 00002000 103:02 28594815                  /home/arcady/.gradle/jdks/jetbrains_s_r_o_-21-amd64-linux.2/lib/libfontmanager_xawt.so
7f6c73ba8000-7f6c73ba9000 r--p 00002000 103:02 28594815                  /home/arcady/.gradle/jdks/jetbrains_s_r_o_-21-amd64-linux.2/lib/libfontmanager_xawt.so
7f6c73ba9000-7f6c73baa000 rw-p 00000000 00:00 0 
7f6c73baa000-7f6c73bac000 r--p 00000000 103:02 9213998                   /usr/lib/libXdmcp.so.6.0.0
7f6c73bac000-7f6c73bae000 r-xp 00002000 103:02 9213998                   /usr/lib/libXdmcp.so.6.0.0
7f6c73bae000-7f6c73bb0000 r--p 00004000 103:02 9213998                   /usr/lib/libXdmcp.so.6.0.0
7f6c73bb0000-7f6c73bb1000 r--p 00005000 103:02 9213998                   /usr/lib/libXdmcp.so.6.0.0
7f6c73bb1000-7f6c73bb2000 rw-p 00006000 103:02 9213998                   /usr/lib/libXdmcp.so.6.0.0
7f6c73bb2000-7f6c73bb4000 r--p 00000000 103:02 9217308                   /usr/lib/libXrender.so.1.3.0
7f6c73bb4000-7f6c73bbc000 r-xp 00002000 103:02 9217308                   /usr/lib/libXrender.so.1.3.0
7f6c73bbc000-7f6c73bbe000 r--p 0000a000 103:02 9217308                   /usr/lib/libXrender.so.1.3.0
7f6c73bbe000-7f6c73bbf000 r--p 0000b000 103:02 9217308                   /usr/lib/libXrender.so.1.3.0
7f6c73bbf000-7f6c73bc0000 rw-p 0000c000 103:02 9217308                   /usr/lib/libXrender.so.1.3.0
7f6c73bc0000-7f6c73bc1000 r--p 00000000 103:02 9182597                   /usr/lib/libbrotlicommon.so.1.2.0
7f6c73bc1000-7f6c73bc2000 r-xp 00001000 103:02 9182597                   /usr/lib/libbrotlicommon.so.1.2.0
7f6c73bc2000-7f6c73be1000 r--p 00002000 103:02 9182597                   /usr/lib/libbrotlicommon.so.1.2.0
7f6c73be1000-7f6c73be2000 r--p 00021000 103:02 9182597                   /usr/lib/libbrotlicommon.so.1.2.0
7f6c73be2000-7f6c73be3000 rw-p 00022000 103:02 9182597                   /usr/lib/libbrotlicommon.so.1.2.0
7f6c73be3000-7f6c73de5000 rw-p 00000000 00:00 0 
7f6c73de5000-7f6c73eff000 rw-p 00000000 00:00 0 
7f6c73eff000-7f6c74000000 rw-p 00000000 00:00 0 
7f6c74000000-7f6c74725000 rw-p 00000000 00:00 0 
7f6c74725000-7f6c78000000 ---p 00000000 00:00 0 
7f6c78000000-7f6c79587000 rw-p 00000000 00:00 0 
7f6c79587000-7f6c7c000000 ---p 00000000 00:00 0 
7f6c7c000000-7f6c7cfc2000 rw-p 00000000 00:00 0 
7f6c7cfc2000-7f6c80000000 ---p 00000000 00:00 0 
7f6c80000000-7f6c80002000 r--s 00000000 103:02 17436330                  /var/cache/fontconfig/4c31730dec557ab86b580f3ca5555446-le64.cache-12
7f6c80002000-7f6c80003000 r--p 00000000 103:02 9220687                   /usr/lib/libXinerama.so.1.0.0
7f6c80003000-7f6c80004000 r-xp 00001000 103:02 9220687                   /usr/lib/libXinerama.so.1.0.0
7f6c80004000-7f6c80005000 r--p 00002000 103:02 9220687                   /usr/lib/libXinerama.so.1.0.0
7f6c80005000-7f6c80006000 r--p 00002000 103:02 9220687                   /usr/lib/libXinerama.so.1.0.0
7f6c80006000-7f6c80007000 rw-p 00003000 103:02 9220687                   /usr/lib/libXinerama.so.1.0.0
7f6c80007000-7f6c8000b000 r--p 00000000 103:02 9217243                   /usr/lib/libXext.so.6.4.0
7f6c8000b000-7f6c8001a000 r-xp 00004000 103:02 9217243                   /usr/lib/libXext.so.6.4.0
7f6c8001a000-7f6c8001d000 r--p 00013000 103:02 9217243                   /usr/lib/libXext.so.6.4.0
7f6c8001d000-7f6c8001e000 r--p 00016000 103:02 9217243                   /usr/lib/libXext.so.6.4.0
7f6c8001e000-7f6c8001f000 rw-p 00017000 103:02 9217243                   /usr/lib/libXext.so.6.4.0
7f6c8001f000-7f6c80025000 r--p 00000000 103:02 9213699                   /usr/lib/libpng16.so.16.58.0
7f6c80025000-7f6c80067000 r-xp 00006000 103:02 9213699                   /usr/lib/libpng16.so.16.58.0
7f6c80067000-7f6c80072000 r--p 00048000 103:02 9213699                   /usr/lib/libpng16.so.16.58.0
7f6c80072000-7f6c80073000 r--p 00053000 103:02 9213699                   /usr/lib/libpng16.so.16.58.0
7f6c80073000-7f6c80074000 rw-p 00054000 103:02 9213699                   /usr/lib/libpng16.so.16.58.0
7f6c80074000-7f6c800f5000 rw-p 00000000 00:00 0 
7f6c800f5000-7f6c801f6000 rw-p 00000000 00:00 0 
7f6c801f6000-7f6c82c00000 rw-p 00000000 00:00 0 
7f6c82c00000-7f6c82c01000 r--s 00000000 103:02 17436337                  /var/cache/fontconfig/787b69f04c7448ed6c581b040220c91f-le64.cache-12
7f6c82c01000-7f6c82c04000 r--s 00000000 103:02 17436325                  /var/cache/fontconfig/f349e9996a5320f6dd491cedd2b1f964-le64.cache-12
7f6c82c04000-7f6c82c05000 r--p 00000000 103:02 9214002                   /usr/lib/libXau.so.6.0.0
7f6c82c05000-7f6c82c06000 r-xp 00001000 103:02 9214002                   /usr/lib/libXau.so.6.0.0
7f6c82c06000-7f6c82c07000 r--p 00002000 103:02 9214002                   /usr/lib/libXau.so.6.0.0
7f6c82c07000-7f6c82c08000 r--p 00002000 103:02 9214002                   /usr/lib/libXau.so.6.0.0
7f6c82c08000-7f6c82c09000 rw-p 00003000 103:02 9214002                   /usr/lib/libXau.so.6.0.0
7f6c82c09000-7f6c82c0a000 r--p 00000000 103:02 9182600                   /usr/lib/libbrotlidec.so.1.2.0
7f6c82c0a000-7f6c82c14000 r-xp 00001000 103:02 9182600                   /usr/lib/libbrotlidec.so.1.2.0
7f6c82c14000-7f6c82c17000 r--p 0000b000 103:02 9182600                   /usr/lib/libbrotlidec.so.1.2.0
7f6c82c17000-7f6c82c18000 r--p 0000d000 103:02 9182600                   /usr/lib/libbrotlidec.so.1.2.0
7f6c82c18000-7f6c82c19000 rw-p 0000e000 103:02 9182600                   /usr/lib/libbrotlidec.so.1.2.0
7f6c82c19000-7f6c82c1b000 r--p 00000000 103:02 9199913                   /usr/lib/libexpat.so.1.12.2
7f6c82c1b000-7f6c82c44000 r-xp 00002000 103:02 9199913                   /usr/lib/libexpat.so.1.12.2
7f6c82c44000-7f6c82c4d000 r--p 0002b000 103:02 9199913                   /usr/lib/libexpat.so.1.12.2
7f6c82c4d000-7f6c82c4f000 r--p 00034000 103:02 9199913                   /usr/lib/libexpat.so.1.12.2
7f6c82c4f000-7f6c82c50000 rw-p 00036000 103:02 9199913                   /usr/lib/libexpat.so.1.12.2
7f6c82c50000-7f6c82cab000 rw-p 00000000 00:00 0 
7f6c82cab000-7f6c82dac000 rw-p 00000000 00:00 0 
7f6c82dac000-7f6c833bc000 rw-p 00000000 00:00 0 
7f6c833bc000-7f6c8aaac000 ---p 00000000 00:00 0 
7f6c8aaac000-7f6c8ab7e000 rw-p 00000000 00:00 0 
7f6c8ab7e000-7f6c8ba5c000 ---p 00000000 00:00 0 
7f6c8ba5c000-7f6c8bb20000 rw-p 00000000 00:00 0 
7f6c8bb20000-7f6c8c9fe000 ---p 00000000 00:00 0 
7f6c8c9fe000-7f6c8ca00000 rw-p 00000000 00:00 0 
7f6c8ca00000-7f6c8e3d0000 rwxp 00000000 00:00 0 
7f6c8e3d0000-7f6c93f37000 ---p 00000000 00:00 0 
7f6c93f37000-7f6c942c7000 rwxp 00000000 00:00 0 
7f6c942c7000-7f6c944c9000 ---p 00000000 00:00 0 
7f6c944c9000-7f6c94fd9000 rwxp 00000000 00:00 0 
7f6c94fd9000-7f6c9ba00000 ---p 00000000 00:00 0 
7f6c9ba00000-7f6c9feaf000 r--s 00000000 103:02 28594915                  /home/arcady/.gradle/jdks/jetbrains_s_r_o_-21-amd64-linux.2/lib/modules
7f6c9feaf000-7f6c9feb1000 r--s 00000000 103:02 17436328                  /var/cache/fontconfig/bfb830de4b3e0bf031b5adbbfd7ab8e8-le64.cache-12
7f6c9feb1000-7f6c9feb3000 r--p 00000000 103:02 9219889                   /usr/lib/libXtst.so.6.1.0
7f6c9feb3000-7f6c9feb6000 r-xp 00002000 103:02 9219889                   /usr/lib/libXtst.so.6.1.0
7f6c9feb6000-7f6c9feb7000 r--p 00005000 103:02 9219889                   /usr/lib/libXtst.so.6.1.0
7f6c9feb7000-7f6c9feb8000 r--p 00006000 103:02 9219889                   /usr/lib/libXtst.so.6.1.0
7f6c9feb8000-7f6c9feb9000 rw-p 00007000 103:02 9219889                   /usr/lib/libXtst.so.6.1.0
7f6c9feb9000-7f6c9feba000 rw-p 00000000 00:00 0 
7f6c9feba000-7f6c9febe000 ---p 00000000 00:00 0 
7f6c9febe000-7f6c9fedd000 rw-p 00000000 00:00 0 
7f6c9fedd000-7f6c9fee1000 ---p 00000000 00:00 0 
7f6c9fee1000-7f6ca0000000 rw-p 00000000 00:00 0 
7f6ca0000000-7f6ca17a3000 rw-p 00000000 00:00 0 
7f6ca17a3000-7f6ca4000000 ---p 00000000 00:00 0 
7f6ca4000000-7f6ca4002000 r--p 00000000 103:02 26397081                  /home/arcady/.config/dconf/user
7f6ca4002000-7f6ca4004000 r--p 00000000 103:02 9192467                   /usr/lib/libbz2.so.1.0.8
7f6ca4004000-7f6ca4011000 r-xp 00002000 103:02 9192467                   /usr/lib/libbz2.so.1.0.8
7f6ca4011000-7f6ca4013000 r--p 0000f000 103:02 9192467                   /usr/lib/libbz2.so.1.0.8
7f6ca4013000-7f6ca4014000 r--p 00010000 103:02 9192467                   /usr/lib/libbz2.so.1.0.8
7f6ca4014000-7f6ca4015000 rw-p 00011000 103:02 9192467                   /usr/lib/libbz2.so.1.0.8
7f6ca4015000-7f6ca4056000 rw-p 00000000 00:00 0 
7f6ca4056000-7f6ca4157000 rw-p 00000000 00:00 0 
7f6ca4157000-7f6ca4c39000 rw-p 00000000 00:00 0 
7f6ca4c39000-7f6ca4d0d000 ---p 00000000 00:00 0 
7f6ca4d0d000-7f6ca4d41000 rw-p 00000000 00:00 0 
7f6ca4d41000-7f6ca4df8000 ---p 00000000 00:00 0 
7f6ca4df8000-7f6ca4dfc000 ---p 00000000 00:00 0 
7f6ca4dfc000-7f6ca4ef8000 rw-p 00000000 00:00 0 
7f6ca4ef8000-7f6ca4f08000 r--p 00000000 103:02 9178136                   /usr/lib/libm.so.6
7f6ca4f08000-7f6ca4f9e000 r-xp 00010000 103:02 9178136                   /usr/lib/libm.so.6
7f6ca4f9e000-7f6ca4ffe000 r--p 000a6000 103:02 9178136                   /usr/lib/libm.so.6
7f6ca4ffe000-7f6ca4fff000 r--p 00105000 103:02 9178136                   /usr/lib/libm.so.6
7f6ca4fff000-7f6ca5000000 rw-p 00106000 103:02 9178136                   /usr/lib/libm.so.6
7f6ca5000000-7f6ca52a4000 r--p 00000000 103:02 28594928                  /home/arcady/.gradle/jdks/jetbrains_s_r_o_-21-amd64-linux.2/lib/server/libjvm.so
7f6ca52a4000-7f6ca6120000 r-xp 002a4000 103:02 28594928                  /home/arcady/.gradle/jdks/jetbrains_s_r_o_-21-amd64-linux.2/lib/server/libjvm.so
7f6ca6120000-7f6ca6408000 r--p 01120000 103:02 28594928                  /home/arcady/.gradle/jdks/jetbrains_s_r_o_-21-amd64-linux.2/lib/server/libjvm.so
7f6ca6408000-7f6ca64dd000 r--p 01407000 103:02 28594928                  /home/arcady/.gradle/jdks/jetbrains_s_r_o_-21-amd64-linux.2/lib/server/libjvm.so
7f6ca64dd000-7f6ca650d000 rw-p 014dc000 103:02 28594928                  /home/arcady/.gradle/jdks/jetbrains_s_r_o_-21-amd64-linux.2/lib/server/libjvm.so
7f6ca650d000-7f6ca6585000 rw-p 00000000 00:00 0 
7f6ca6585000-7f6ca6589000 r--p 00000000 103:02 28594854                  /home/arcady/.gradle/jdks/jetbrains_s_r_o_-21-amd64-linux.2/lib/libverify.so
7f6ca6589000-7f6ca6590000 r-xp 00004000 103:02 28594854                  /home/arcady/.gradle/jdks/jetbrains_s_r_o_-21-amd64-linux.2/lib/libverify.so
7f6ca6590000-7f6ca6592000 r--p 0000b000 103:02 28594854                  /home/arcady/.gradle/jdks/jetbrains_s_r_o_-21-amd64-linux.2/lib/libverify.so
7f6ca6592000-7f6ca6594000 r--p 0000c000 103:02 28594854                  /home/arcady/.gradle/jdks/jetbrains_s_r_o_-21-amd64-linux.2/lib/libverify.so
7f6ca6594000-7f6ca6595000 rw-p 00000000 00:00 0 
7f6ca6595000-7f6ca6596000 r--p 00000000 103:02 28594813                  /home/arcady/.gradle/jdks/jetbrains_s_r_o_-21-amd64-linux.2/lib/libextnet.so
7f6ca6596000-7f6ca6597000 r-xp 00001000 103:02 28594813                  /home/arcady/.gradle/jdks/jetbrains_s_r_o_-21-amd64-linux.2/lib/libextnet.so
7f6ca6597000-7f6ca6598000 r--p 00002000 103:02 28594813                  /home/arcady/.gradle/jdks/jetbrains_s_r_o_-21-amd64-linux.2/lib/libextnet.so
7f6ca6598000-7f6ca6599000 r--p 00002000 103:02 28594813                  /home/arcady/.gradle/jdks/jetbrains_s_r_o_-21-amd64-linux.2/lib/libextnet.so
7f6ca6599000-7f6ca659a000 rw-p 00000000 00:00 0 
7f6ca659a000-7f6ca659d000 r--p 00000000 103:02 28594843                  /home/arcady/.gradle/jdks/jetbrains_s_r_o_-21-amd64-linux.2/lib/libnet.so
7f6ca659d000-7f6ca65a5000 r-xp 00003000 103:02 28594843                  /home/arcady/.gradle/jdks/jetbrains_s_r_o_-21-amd64-linux.2/lib/libnet.so
7f6ca65a5000-7f6ca65a7000 r--p 0000b000 103:02 28594843                  /home/arcady/.gradle/jdks/jetbrains_s_r_o_-21-amd64-linux.2/lib/libnet.so
7f6ca65a7000-7f6ca65a8000 ---p 0000d000 103:02 28594843                  /home/arcady/.gradle/jdks/jetbrains_s_r_o_-21-amd64-linux.2/lib/libnet.so
7f6ca65a8000-7f6ca65a9000 r--p 0000d000 103:02 28594843                  /home/arcady/.gradle/jdks/jetbrains_s_r_o_-21-amd64-linux.2/lib/libnet.so
7f6ca65a9000-7f6ca65aa000 rw-p 00000000 00:00 0 
7f6ca65aa000-7f6ca65b1000 r--p 00000000 103:02 28594846                  /home/arcady/.gradle/jdks/jetbrains_s_r_o_-21-amd64-linux.2/lib/libnio.so
7f6ca65b1000-7f6ca65ba000 r-xp 00007000 103:02 28594846                  /home/arcady/.gradle/jdks/jetbrains_s_r_o_-21-amd64-linux.2/lib/libnio.so
7f6ca65ba000-7f6ca65be000 r--p 00010000 103:02 28594846                  /home/arcady/.gradle/jdks/jetbrains_s_r_o_-21-amd64-linux.2/lib/libnio.so
7f6ca65be000-7f6ca65bf000 ---p 00014000 103:02 28594846                  /home/arcady/.gradle/jdks/jetbrains_s_r_o_-21-amd64-linux.2/lib/libnio.so
7f6ca65bf000-7f6ca65c0000 r--p 00014000 103:02 28594846                  /home/arcady/.gradle/jdks/jetbrains_s_r_o_-21-amd64-linux.2/lib/libnio.so
7f6ca65c0000-7f6ca65c1000 rw-p 00015000 103:02 28594846                  /home/arcady/.gradle/jdks/jetbrains_s_r_o_-21-amd64-linux.2/lib/libnio.so
7f6ca65c1000-7f6ca6600000 rw-p 00000000 00:00 0 
7f6ca6600000-7f6ca6624000 r--p 00000000 103:02 9178120                   /usr/lib/libc.so.6
7f6ca6624000-7f6ca67d1000 r-xp 00024000 103:02 9178120                   /usr/lib/libc.so.6
7f6ca67d1000-7f6ca6849000 r--p 001d1000 103:02 9178120                   /usr/lib/libc.so.6
7f6ca6849000-7f6ca684d000 r--p 00248000 103:02 9178120                   /usr/lib/libc.so.6
7f6ca684d000-7f6ca684f000 rw-p 0024c000 103:02 9178120                   /usr/lib/libc.so.6
7f6ca684f000-7f6ca6857000 rw-p 00000000 00:00 0 
7f6ca6857000-7f6ca6858000 rw-p 00000000 00:00 0 
7f6ca6858000-7f6ca6859000 r--s 00000000 00:4c 214                        /run/user/1000/dconf/user
7f6ca6859000-7f6ca685b000 r--p 00000000 103:02 28594858                  /home/arcady/.gradle/jdks/jetbrains_s_r_o_-21-amd64-linux.2/lib/libzip.so
7f6ca685b000-7f6ca685f000 r-xp 00002000 103:02 28594858                  /home/arcady/.gradle/jdks/jetbrains_s_r_o_-21-amd64-linux.2/lib/libzip.so
7f6ca685f000-7f6ca6861000 r--p 00006000 103:02 28594858                  /home/arcady/.gradle/jdks/jetbrains_s_r_o_-21-amd64-linux.2/lib/libzip.so
7f6ca6861000-7f6ca6862000 r--p 00007000 103:02 28594858                  /home/arcady/.gradle/jdks/jetbrains_s_r_o_-21-amd64-linux.2/lib/libzip.so
7f6ca6862000-7f6ca686b000 rw-p 00000000 00:00 0 
7f6ca686b000-7f6ca686f000 ---p 00000000 00:00 0 
7f6ca686f000-7f6ca6877000 rw-s 00000000 00:31 98728                      /tmp/hsperfdata_arcady/3231226
7f6ca6877000-7f6ca6884000 r--p 00000000 103:02 28594822                  /home/arcady/.gradle/jdks/jetbrains_s_r_o_-21-amd64-linux.2/lib/libjava.so
7f6ca6884000-7f6ca6893000 r-xp 0000d000 103:02 28594822                  /home/arcady/.gradle/jdks/jetbrains_s_r_o_-21-amd64-linux.2/lib/libjava.so
7f6ca6893000-7f6ca6899000 r--p 0001c000 103:02 28594822                  /home/arcady/.gradle/jdks/jetbrains_s_r_o_-21-amd64-linux.2/lib/libjava.so
7f6ca6899000-7f6ca689a000 r--p 00021000 103:02 28594822                  /home/arcady/.gradle/jdks/jetbrains_s_r_o_-21-amd64-linux.2/lib/libjava.so
7f6ca689a000-7f6ca689b000 rw-p 00022000 103:02 28594822                  /home/arcady/.gradle/jdks/jetbrains_s_r_o_-21-amd64-linux.2/lib/libjava.so
7f6ca689b000-7f6ca689c000 rw-p 00000000 00:00 0 
7f6ca689c000-7f6ca689e000 r--p 00000000 103:02 28594817                  /home/arcady/.gradle/jdks/jetbrains_s_r_o_-21-amd64-linux.2/lib/libinstrument.so
7f6ca689e000-7f6ca68a4000 r-xp 00002000 103:02 28594817                  /home/arcady/.gradle/jdks/jetbrains_s_r_o_-21-amd64-linux.2/lib/libinstrument.so
7f6ca68a4000-7f6ca68a7000 r--p 00008000 103:02 28594817                  /home/arcady/.gradle/jdks/jetbrains_s_r_o_-21-amd64-linux.2/lib/libinstrument.so
7f6ca68a7000-7f6ca68a8000 r--p 0000a000 103:02 28594817                  /home/arcady/.gradle/jdks/jetbrains_s_r_o_-21-amd64-linux.2/lib/libinstrument.so
7f6ca68a8000-7f6ca68a9000 rw-p 0000b000 103:02 28594817                  /home/arcady/.gradle/jdks/jetbrains_s_r_o_-21-amd64-linux.2/lib/libinstrument.so
7f6ca68a9000-7f6ca68aa000 ---p 00000000 00:00 0 
7f6ca68aa000-7f6ca68ab000 r--p 00000000 00:00 0 
7f6ca68ab000-7f6ca68ac000 ---p 00000000 00:00 0 
7f6ca68ac000-7f6ca68af000 r--p 00000000 103:02 28594827                  /home/arcady/.gradle/jdks/jetbrains_s_r_o_-21-amd64-linux.2/lib/libjimage.so
7f6ca68af000-7f6ca68c3000 r-xp 00003000 103:02 28594827                  /home/arcady/.gradle/jdks/jetbrains_s_r_o_-21-amd64-linux.2/lib/libjimage.so
7f6ca68c3000-7f6ca68c9000 r--p 00017000 103:02 28594827                  /home/arcady/.gradle/jdks/jetbrains_s_r_o_-21-amd64-linux.2/lib/libjimage.so
7f6ca68c9000-7f6ca68ca000 ---p 0001d000 103:02 28594827                  /home/arcady/.gradle/jdks/jetbrains_s_r_o_-21-amd64-linux.2/lib/libjimage.so
7f6ca68ca000-7f6ca68cc000 r--p 0001d000 103:02 28594827                  /home/arcady/.gradle/jdks/jetbrains_s_r_o_-21-amd64-linux.2/lib/libjimage.so
7f6ca68cc000-7f6ca68cd000 rw-p 0001f000 103:02 28594827                  /home/arcady/.gradle/jdks/jetbrains_s_r_o_-21-amd64-linux.2/lib/libjimage.so
7f6ca68cd000-7f6ca68ce000 r--p 00000000 103:02 9178168                   /usr/lib/librt.so.1
7f6ca68ce000-7f6ca68cf000 r-xp 00001000 103:02 9178168                   /usr/lib/librt.so.1
7f6ca68cf000-7f6ca68d0000 r--p 00002000 103:02 9178168                   /usr/lib/librt.so.1
7f6ca68d0000-7f6ca68d1000 r--p 00002000 103:02 9178168                   /usr/lib/librt.so.1
7f6ca68d1000-7f6ca68d2000 rw-p 00003000 103:02 9178168                   /usr/lib/librt.so.1
7f6ca68d2000-7f6ca68d6000 rw-p 00000000 00:00 0 
7f6ca68d6000-7f6ca68d7000 r--p 00000000 103:02 9178129                   /usr/lib/libdl.so.2
7f6ca68d7000-7f6ca68d8000 r-xp 00001000 103:02 9178129                   /usr/lib/libdl.so.2
7f6ca68d8000-7f6ca68d9000 r--p 00002000 103:02 9178129                   /usr/lib/libdl.so.2
7f6ca68d9000-7f6ca68da000 r--p 00002000 103:02 9178129                   /usr/lib/libdl.so.2
7f6ca68da000-7f6ca68db000 rw-p 00003000 103:02 9178129                   /usr/lib/libdl.so.2
7f6ca68db000-7f6ca68dc000 r--p 00000000 103:02 9178162                   /usr/lib/libpthread.so.0
7f6ca68dc000-7f6ca68dd000 r-xp 00001000 103:02 9178162                   /usr/lib/libpthread.so.0
7f6ca68dd000-7f6ca68de000 r--p 00002000 103:02 9178162                   /usr/lib/libpthread.so.0
7f6ca68de000-7f6ca68df000 r--p 00002000 103:02 9178162                   /usr/lib/libpthread.so.0
7f6ca68df000-7f6ca68e0000 rw-p 00003000 103:02 9178162                   /usr/lib/libpthread.so.0
7f6ca68e0000-7f6ca68e2000 r--p 00000000 103:02 28594828                  /home/arcady/.gradle/jdks/jetbrains_s_r_o_-21-amd64-linux.2/lib/libjli.so
7f6ca68e2000-7f6ca68ec000 r-xp 00002000 103:02 28594828                  /home/arcady/.gradle/jdks/jetbrains_s_r_o_-21-amd64-linux.2/lib/libjli.so
7f6ca68ec000-7f6ca68ef000 r--p 0000c000 103:02 28594828                  /home/arcady/.gradle/jdks/jetbrains_s_r_o_-21-amd64-linux.2/lib/libjli.so
7f6ca68ef000-7f6ca68f0000 ---p 0000f000 103:02 28594828                  /home/arcady/.gradle/jdks/jetbrains_s_r_o_-21-amd64-linux.2/lib/libjli.so
7f6ca68f0000-7f6ca68f1000 r--p 0000f000 103:02 28594828                  /home/arcady/.gradle/jdks/jetbrains_s_r_o_-21-amd64-linux.2/lib/libjli.so
7f6ca68f1000-7f6ca68f2000 rw-p 00010000 103:02 28594828                  /home/arcady/.gradle/jdks/jetbrains_s_r_o_-21-amd64-linux.2/lib/libjli.so
7f6ca68f2000-7f6ca68f5000 r--p 00000000 103:02 9219791                   /usr/lib/libz.so.1.3.1.zlib-ng
7f6ca68f5000-7f6ca691f000 r-xp 00003000 103:02 9219791                   /usr/lib/libz.so.1.3.1.zlib-ng
7f6ca691f000-7f6ca6928000 r--p 0002d000 103:02 9219791                   /usr/lib/libz.so.1.3.1.zlib-ng
7f6ca6928000-7f6ca6929000 r--p 00035000 103:02 9219791                   /usr/lib/libz.so.1.3.1.zlib-ng
7f6ca6929000-7f6ca692a000 rw-p 00036000 103:02 9219791                   /usr/lib/libz.so.1.3.1.zlib-ng
7f6ca692a000-7f6ca692c000 rw-p 00000000 00:00 0 
7f6ca692c000-7f6ca6962000 r--p 00000000 103:02 8914261                   /etc/ld.so.cache
7f6ca6962000-7f6ca6966000 r--p 00000000 00:00 0                          [vvar]
7f6ca6966000-7f6ca6968000 r--p 00000000 00:00 0                          [vvar_vclock]
7f6ca6968000-7f6ca696a000 r-xp 00000000 00:00 0                          [vdso]
7f6ca696a000-7f6ca696b000 r--p 00000000 103:02 9178108                   /usr/lib/ld-linux-x86-64.so.2
7f6ca696b000-7f6ca699c000 r-xp 00001000 103:02 9178108                   /usr/lib/ld-linux-x86-64.so.2
7f6ca699c000-7f6ca69ac000 r--p 00032000 103:02 9178108                   /usr/lib/ld-linux-x86-64.so.2
7f6ca69ac000-7f6ca69ae000 r--p 00041000 103:02 9178108                   /usr/lib/ld-linux-x86-64.so.2
7f6ca69ae000-7f6ca69af000 rw-p 00043000 103:02 9178108                   /usr/lib/ld-linux-x86-64.so.2
7f6ca69af000-7f6ca69b0000 rw-p 00000000 00:00 0 
7fff9156a000-7fff91593000 rw-p 00000000 00:00 0                          [stack]
ffffffffff600000-ffffffffff601000 --xp 00000000 00:00 0                  [vsyscall]
Total number of mappings: 1810

JVMTI agents:
/home/arcady/.gradle/caches/modules-2/files-2.1/org.jetbrains.compose.hot-reload/hot-reload-agent/1.1.1/15bff959a6459c2786e055fba794266fade25ade/hot-reload-agent-1.1.1.jar path:none, loaded, initialized, instrumentlib options:none


VM Arguments:
jvm_args: -Dcompose.reload.argfile=/home/arcady/Documents/cove/app/desktop/build/run/main/main.argfile -Dcompose.reload.build.continuous=false -Dcompose.reload.build.warmup=true -Dcompose.reload.buildSystem=Gradle -Dcompose.reload.devToolsClasspath=/home/arcady/.gradle/caches/modules-2/files-2.1/org.jetbrains.compose.hot-reload/hot-reload-devtools/1.1.1/bc27016efe338fc35c213cac2349d477adc08095/hot-reload-devtools-1.1.1.jar:/home/arcady/.gradle/caches/modules-2/files-2.1/org.jetbrains.compose.hot-reload/hot-reload-devtools-api/1.1.1/78295e7e36c6e1258d87e238865978a1a980da99/hot-reload-devtools-api-1.1.1.jar:/home/arcady/.gradle/caches/modules-2/files-2.1/org.jetbrains.compose.hot-reload/hot-reload-orchestration/1.1.1/7b5f9ed6f49115dd0ab30a91bd22214f101d23f/hot-reload-orchestration-1.1.1.jar:/home/arcady/.gradle/caches/modules-2/files-2.1/org.jetbrains.compose.hot-reload/hot-reload-core/1.1.1/f31266b5813648696560864a541a2fe784a0a671/hot-reload-core-1.1.1.jar:/home/arcady/.gradle/caches/modules-2/files-2.1/org.jetbrains.compose.hot-reload/hot-reload-runtime-api-jvm/1.1.1/61c13a79480c55140cbd9fe1ca651d86efcbee7/hot-reload-runtime-api-jvm-1.1.1.jar:/home/arcady/.gradle/caches/modules-2/files-2.1/org.jetbrains.compose.desktop/desktop-jvm/1.10.0/42facd9840309ac4eb841a986c5d1b97d2780471/desktop-jvm-1.10.0.jar:/home/arcady/.gradle/caches/modules-2/files-2.1/org.jetbrains.compose.components/components-resources-desktop/1.10.0/c6115b607f77e9d033de360f989850d3824bf112/library-desktop-1.10.0.jar:/home/arcady/.gradle/caches/modules-2/files-2.1/io.sellmair/evas-compose-jvm/1.4.0/a89b78f345d4a21a29c295820e4aa931aec1b93b/evas-compose-jvm-1.4.0.jar:/home/arcady/.gradle/caches/modules-2/files-2.1/io.sellmair/evas-jvm/1.4.0/3c6955af5c56c65290575b2b998ec166c5079de4/evas-jvm-1.4.0.jar:/home/arcady/.gradle/caches/modules-2/files-2.1/org.jetbrains.skiko/skiko-awt-runtime-linux-x64/0.9.37.3/aa9d80683c4b8fd560e22eb53a70b335e8281b66/skiko-awt-runtime-linux-x64-0.9.37.3.jar:/home/arcady/.gradle/caches/modules-2/files-2.1/org.jetbrains.compose.material3/material3-desktop/1.9.0/19004c4eb3dc6618eb66a076bbe3d7e1a2e7b85/material3-desktop-1.9.0.jar:/home/arcady/.gradle/caches/modules-2/files-2.1/org.jetbrains-Dcompose.reload.devToolsDetached=false -Dcompose.reload.devToolsEnabled=true -Dcompose.reload.devToolsHeadless=false -Dcompose.reload.devToolsTransparencyEnabled=false -Dcompose.reload.dirtyResolveDepthLimit=5 -Dcompose.reload.effectsEnabled=true -Dcompose.reload.isActive=true -Dcompose.reload.launchMode=GradleBlocking -Dcompose.reload.logLevel=Info -Dcompose.reload.logStdout=false -Dcompose.reload.mainClass=com.coveninja.cove.desktop.MainKt -Dcompose.reload.pidFile=/home/arcady/Documents/cove/app/desktop/build/run/main/main.pid -Dcompose.reload.staticsReinitializeMode=AllDirty -Dcompose.reload.virtualMethodResolveEnabled=true -Dgradle.build.project=:desktop -Dgradle.build.root=/home/arcady/Documents/cove/app -Dgradle.build.task=hotReloadMain -Dgradle.offline.mode=false -Dorg.gradle.java.home=/home/arcady/.local/share/JetBrains/Toolbox/apps/intellij-idea/jbr -XX:+IgnoreUnrecognizedVMOptions -XX:+AllowEnhancedClassRedefinition -javaagent:/home/arcady/.gradle/caches/modules-2/files-2.1/org.jetbrains.compose.hot-reload/hot-reload-agent/1.1.1/15bff959a6459c2786e055fba794266fade25ade/hot-reload-agent-1.1.1.jar -Dfile.encoding=UTF-8 -Duser.country=US -Duser.language=en -Duser.variant -Dawt.toolkit.name=XToolkit 
java_command: com.coveninja.cove.desktop.MainKt
java_class_path (initial): /home/arcady/.gradle/caches/modules-2/files-2.1/org.jetbrains.compose.hot-reload/hot-reload-agent/1.1.1/15bff959a6459c2786e055fba794266fade25ade/hot-reload-agent-1.1.1.jar:/home/arcady/.gradle/caches/modules-2/files-2.1/org.jetbrains.compose.hot-reload/hot-reload-orchestration/1.1.1/7b5f9ed6f49115dd0ab30a91bd22214f101d23f/hot-reload-orchestration-1.1.1.jar:/home/arcady/.gradle/caches/modules-2/files-2.1/org.jetbrains.compose.hot-reload/hot-reload-analysis/1.1.1/b85d3c35d1e89e3328b734d164758535901fe4b5/hot-reload-analysis-1.1.1.jar:/home/arcady/.gradle/caches/modules-2/files-2.1/org.jetbrains.compose.hot-reload/hot-reload-core/1.1.1/f31266b5813648696560864a541a2fe784a0a671/hot-reload-core-1.1.1.jar:/home/arcady/.gradle/caches/modules-2/files-2.1/org.javassist/javassist/3.30.2-GA/284580b5e42dfa1b8267058566435d9e93fae7f7/javassist-3.30.2-GA.jar:/home/arcady/.gradle/caches/modules-2/files-2.1/org.ow2.asm/asm-tree/9.9.1/b6b1b3366296163b4b1f540731aad0a2baa484d8/asm-tree-9.9.1.jar:/home/arcady/.gradle/caches/modules-2/files-2.1/org.ow2.asm/asm/9.9.1/2ceea6ab43bcae1979b2a6d85fc0ca429877e5ab/asm-9.9.1.jar:/home/arcady/.gradle/caches/modules-2/files-2.1/org.jetbrains.compose.hot-reload/hot-reload-annotations-jvm/1.1.1/4c2dbc6fe7ff43481c1ef134b21219e0f76b66f9/hot-reload-annotations-jvm-1.1.1.jar:/home/arcady/Documents/cove/app/desktop/build/run/main/classpath/hot:/home/arcady/Documents/cove/app/desktop/build/run/main/classpath/classes:/home/arcady/Documents/cove/app/desktop/build/run/main/classpath/libs/backend/-3ga6dke/backend-desktop.jar:/home/arcady/Documents/cove/app/desktop/build/run/main/classpath/libs/ui/aic1m96/ui-desktop.jar:/home/arcady/Documents/cove/app/desktop/build/run/main/classpath/libs/shared/-4m2l5mk/shared-desktop.jar:/home/arcady/.gradle/caches/modules-2/files-2.1/org.jetbrains.compose.hot-reload/hot-reload-runtime-jvm/1.1.1/501822c4866027236f6b7e925f6b46e99136b560/hot-reload-runtime-jvm-1.1.1.jar:/home/arcady/.gradle/caches/modules-2/files-2.1/app.cash.sqldelight/coroutines-extensions-jvm/2.3.2/d173c66e5dac733184a7c23a7809f93330ffd3b7/sqldelight-coroutines-extensions-jvm-2.3.2.jar:/home/arcady/.gradle/caches/modules-2/files-2.1/io.ktor/ktor-client-content-negotiation-jvm/3.5.1/d8e8b3cbcd66160ecb0274eb5ef23cb12dbc431c/ktor-client-content-negotiation-jvm-3.5.1.jar:/home/arcady/.gradle/caches/modules-2/files-2.1/io.ktor/ktor-client-cio-jvm/3.5.1/573f85f4f30f07998fbc75c812f0ed2f8f2c27aa/ktor-client-cio-jvm-3.5.1.jar:/home/arcady/.gradle/caches/modules-2/files-2.1/io.ktor/ktor-client-okhttp-jvm/3.5.1/f3616f56c9354da06f4bc7d4f9b0a0850ac20ca1/ktor-client-okhttp-jvm-3.5.1.jar:/home/arcady/.gradle/caches/modules-2/files-2.1/io.coil-kt.coil3/coil-network-ktor3-jvm/3.5.0/d85dbeb646cf44c53a733fcb63cc82f6a6d54f16/coil-network-ktor3-jvm-3.5.0.jar:/home/arcady/.gradle/caches/modules-2/files-2.1/io.ktor/ktor-client-core-jvm/3.5.1/87b25b4cd59e949d0514ebc7f027510b35ff6d2f/ktor-client-core-jvm-3.5.1.jar:/home/arcady/.gradle/caches/modules-2/files-2.1/io.ktor/ktor-serialization-kotlinx-json-jvm/3.5.1/99dbf20f4082d37d8e7cfa9d956d0cf38881d8e8/ktor-serialization-kotlinx-json-jvm-3.5.1.jar:/home/arcady/.gradle/caches/modules-2/files-2.1/io.ktor/ktor-server-cio-jvm/3.5.1/32e77bcedfd525dd0037cfd7cfa1f4b927266681/ktor-server-cio-jvm-3.5.1.jar:/home/arcady/.gradle/caches/modules-2/files-2.1/io.ktor/ktor-server-content-negotiation-jvm/3.5.1/7eba258119a98b66a6407c8dda2dee9e3ead8359/ktor-server-content-negotiation-jvm-3.5.1.jar:/home/arcady/.gradle/caches/modules-2/files-2.1/io.ktor/ktor-server-cors-jvm/3.5.1/708ab69951e06ea64164ba3d91556b95d0c26ac/ktor-server-cors-jvm-3.5.1.jar:/home/arcady/.gradle/caches/modules-2/files-2.1/io.ktor/ktor-server-partial-content-jvm/3.5.1/6c8578424cfe06dff01e5e38226879bc039099d1/ktor-server-partial-content-jvm-3.5.1.jar:/home/arcady/.gradle/caches/modules-2/files-2.1/io.ktor/ktor-server-sse-jvm/3.5.1/3716b55aa493d0d6571111fba3c954d5de705866/ktor-server-sse-jvm-3.5.1.jar:/home/arcady/.gradle/caches/modules-2/files-2.1/io.ktor/ktor-server-status-pages-jvm/3.5.1/14941f6546db5e0a4bc4b0b7ae1fb750fcff2fa0/ktor-server-status-pages-jvm-3.5.1.jar:/home/arcady/.gradle/caches/modules-2/files-2.1/io.ktor/ktor-server-conditional-headers-jvm/3.5.1/23be1d505ff894503616920c91cb021c656dbb66/ktor-server-conditional-headers-jvm-3.5.1.jar:/home/arcady/.gradle/caches/modules-2/files-2.1/io.ktor/ktor-server-core-jvm/3.5.1/7acc00c03828a37686de8cb90e47e4a0ed7e8408/ktor-server-core-jvm-3.5.1.jar:/home/arcady/.gradle/caches/modules-2/files-2.1/org.jetbrains.compose.desktop/desktop-jvm/1.11.1/1fee826ff9d1fafd500b57a22facfc0236bc14c7/desktop-jvm-1.11.1.jar:/home/arcady/.gradle/caches/modules-2/files-2.1/org.jetbrains.skiko/skiko-awt-runtime-linux-x64/0.144.6/291f8626a2fecd06e9f585424360560189ab7303/skiko-awt-runtime-linux-x64-0.144.6.jar:/home/arcady/.gradle/caches/modules-2/files-2.1/org.jetbrains.compose.material3/material3-desktop/1.9.0/19004c4eb3dc6618eb66a076bbe3d7e1a2e7b85/material3-desktop-1.9.0.jar:/home/arcady/.gradle/caches/modules-2/files-2.1/org.jetbrains.compose.material/material-desktop/1.11.1/2891a6f3a62dc4c367636a521d1b680a7d6ff6d/material-desktop-1.11.1.jar:/home/arcady/.gradle/caches/modules-2/files-2.1/org.jetbrains.compose.animation/animation-core-desktop/1.11.1/1bf633ecd1a38a1cf7a41630bc56cba0da9cc25b/animation-core-desktop-1.11.1.jar:/home/arcady/.gradle/caches/modules-2/files-2.1/org.jetbrains.compose.material/material-ripple-desktop/1.11.1/ae97a5eeb23bc3f461bc3e16e2a9882175405d17/material-ripple-desktop-1.11.1.jar:/home/arcady/.gradle/caches/modules-2/files-2.1/org.jetbrains.compose.animation/animation-desktop/1.11.1/f873fb28f1a08d45a4dd20a0130b3da8cadf383c/animation-desktop-1.11.1.jar:/home/arcady/.gradle/caches/modules-2/files-2.1/org.jetbrains.compose.foundation/foundation-layout-desktop/1.11.1/853fc5d01388da6515ce40b719798914012f6469/foundation-layout-desktop-1.11.1.jar:/home/arcady/.gradle/caches/modules-2/files-2.1/io.coil-kt.coil3/coil-compose-jvm/3.5.0/820523ee39decd98eecdb61a7fc03412eedbbabc/coil-compose-jvm-3.5.0.jar:/home/arcady/.gradle/caches/modules-2/files-2.1/io.coil-kt.coil3/coil-compose-core-jvm/3.5.0/8ebdd416d1157820ca47dc6a7644c56716a9c8fa/coil-compose-core-jvm-3.5.0.jar:/home/arcady/.gradle/caches/modules-2/files-2.1/org.jetbrains.compose.foundation/foundation-desktop/1.11.1/6df316e7af2c0c97f200de289925f62ca8fce53d/foundation-desktop-1.11.1.jar:/home/arcady/.gradle/caches/modules-2/files-2.1/org.jetbrains.compose.ui/ui-backhandler-desktop/1.11.1/bd3540bb1d6abd60c5e58f32663b2f3e89406cd1/ui-backhandler-desktop-1.11.1.jar:/home/arcady/.gradle/caches/modules-2/files-2.1/org.jetbrains.compose.ui/ui-geometry-desktop/1.11.1/5e430152487375359973ac9874653d335dcc220/ui-geometry-desktop-1.11.1.jar:/home/arcady/.gradle/caches/modules-2/files-2.1/org.jetbrains.compose.ui/ui-graphics-desktop/1.11.1/6ea106d02adf29694eedf12fdfb621947d3621bf/ui-graphics-desktop-1.11.1.jar:/home/arcady/.gradle/caches/modules-2/files-2.1/org.jetbrains.compose.ui/ui-unit-desktop/1.11.1/f6c06f98da206d01dc40c1587c6bc4c40cbef623/ui-unit-desktop-1.11.1.jar:/home/arcady/.gradle/caches/modules-2/files-2.1/org.jetbrains.compose.ui/ui-tooling-preview-desktop/1.11.1/97ec578d33adc34adcaa63e9af7bb2328c6c29b7/ui-tooling-preview-desktop-1.11.1.jar:/home/arcady/.gradle/caches/modules-2/files-2.1/org.jetbrains.compose.ui/ui-desktop/1.11.1/24c40c0d60c77a6fb34f930f13bfa4a3ff62c0f/ui-desktop-1.11.1.jar:/home/arcady/.gradle/caches/modules-2/files-2.1/org.jetbrains.compose.ui/ui-util-desktop/1.11.1/4302c582878b82ab24e1f34e6e90f967f7b416ed/ui-util-desktop-1.11.1.jar:/home/arcady/.gradle/caches/modules-2/files-2.1/org.jetbrains.compose.ui/ui-text-desktop/1.11.1/6ded685e2601260d6231c859a849b96ee6c60368/ui-text-desktop-1.11.1.jar:/home/arcady/.gradle/caches/modules-2/files-2.1/io.coil-kt.coil3/coil-jvm/3.5.0/602087c06fa4b1795a1572a26b174516c4d932e5/coil-jvm-3.5.0.jar:/home/arcady/.gradle/caches/modules-2/files-2.1/io.coil-kt.coil3/coil-network-core-jvm/3.5.0/5a995a2262efe8e8569b40fee8ce223aaa5599d8/coil-network-core-jvm-3.5.0.jar:/home/arcady/.gradle/caches/modules-2/files-2.1/io.coil-kt.coil3/coil-core-jvm/3.5.0/5e82ee4827a88516057cb4ebd22871f6672643a8/coil-core-jvm-3.5.0.jar:/home/arcady/.gradle/caches/modules-2/files-2.1/org.jetbrains.skiko/skiko-awt/0.144.6/c9bec39e3c517ed5591c71c7db0cbbe64b6be849/skiko-awt-0.144.6.jar:/home/arcady/.gradle/caches/modules-2/files-2.1/org.jetbrains.kotlinx/kotlinx-coroutines-slf4j/1.11.0/556153d93573d016dd4e5df37e3d03d07d8d303/kotlinx-coroutines-slf4j-1.11.0.jar:/home/arcady/.gradle/caches/modules-2/files-2.1/app.cash.sqldelight/async-extensions-jvm/2.3.2/e5f111fd2538f59c6b7bf770edc9f05912ed95ae/sqldelight-async-extensions-jvm-2.3.2.jar:/home/arcady/.gradle/caches/modules-2/files-2.1/io.ktor/ktor-http-cio-jvm/3.5.1/1a16204a224f61963937735faec75b7f1853de5f/ktor-http-cio-jvm-3.5.1.jar:/home/arcady/.gradle/caches/modules-2/files-2.1/io.ktor/ktor-websocket-serialization-jvm/3.5.1/f26344135c92f3434f39262f9d6c3ac35aff7fd8/ktor-websocket-serialization-jvm-3.5.1.jar:/home/arcady/.gradle/caches/modules-2/files-2.1/io.ktor/ktor-serialization-kotlinx-jvm/3.5.1/a9d2d5091a5bd1e1218c59df1387c2533a5c8c8/ktor-serialization-kotlinx-jvm-3.5.1.jar:/home/arcady/.gradle/caches/modules-2/files-2.1/io.ktor/ktor-serialization-jvm/3.5.1/695550e97ab815bfae0aa4d837ffddcf05e2cfa0/ktor-serialization-jvm-3.5.1.jar:/home/arcady/.gradle/caches/modules-2/files-2.1/io.ktor/ktor-websockets-jvm/3.5.1/97dc5d4f5dc4b01b7116619e2ae99ab79a5a90ac/ktor-websockets-jvm-3.5.1.jar:/home/arcady/.gradle/caches/modules-2/files-2.1/io.ktor/ktor-network-tls-jvm/3.5.1/14035ff7dbd67931b2aaca4fb2c82a410a232683/ktor-network-tls-jvm-3.5.1.jar:/home/arcady/.gradle/caches/modules-2/files-2.1/io.ktor/ktor-http-jvm/3.5.1/514c40c2803e18de2cb04198aaf3874e66346c9e/ktor-http-jvm-3.5.1.jar:/home/arcady/.gradle/caches/modules-2/files-2.1/io.ktor/ktor-events-jvm/3.5.1/9e4bf00bd3d980098d60c62f5e33f2588279c593/ktor-events-jvm-3.5.1.jar:/home/arcady/.gradle/caches/modules-2/files-2.1/io.ktor/ktor-sse-jvm/3.5.1/537081aa4574a1228078acec7ffca808c74c8dd4/ktor-sse-jvm-3.5.1.jar:/home/arcady/.gradle/caches/modules-2/files-2.1/io.ktor/ktor-network-jvm/3.5.1/aeaad6929901bf7000ce744ef81ed0e94a4ee0be/ktor-network-jvm-3.5.1.jar:/home/arcady/.gradle/caches/modules-2/files-2.1/io.ktor/ktor-utils-jvm/3.5.1/662afab83c79a0b0fa6fea92f32841858145553b/ktor-utils-jvm-3.5.1.jar:/home/arcady/.gradle/caches/modules-2/files-2.1/androidx.navigationevent/navigationevent-desktop/1.0.1/ddb1e7fe97ed51c3d35bba493f97fcf12398719/navigationevent-desktop-1.0.1.jar:/home/arcady/.gradle/caches/modules-2/files-2.1/androidx.compose.runtime/runtime-retain-desktop/1.11.2/3aa3ec26ef2a3d26bc556b51b33d09efc1a198e8/runtime-retain-desktop-1.11.2.jar:/home/arcady/.gradle/caches/modules-2/files-2.1/androidx.compose.runtime/runtime-annotation-jvm/1.11.2/db4aa964627ac96331b72e231b9ad54318d112f4/runtime-annotation-jvm-1.11.2.jar:/home/arcady/.gradle/caches/modules-2/files-2.1/androidx.compose.runtime/runtime-saveable-desktop/1.11.2/1618fae89791692a224fe7aa79edbd7a8f5b7522/runtime-saveable-desktop-1.11.2.jar:/home/arcady/.gradle/caches/modules-2/files-2.1/org.jetbrains.compose.runtime/runtime-saveable-desktop/1.11.1/b7c8a8ed985a0f15b4d8d206de1fc6125b499388/runtime-saveable-desktop-1.11.1.jar:/home/arcady/.gradle/caches/modules-2/files-2.1/org.jetbrains.androidx.lifecycle/lifecycle-runtime-compose-desktop/2.9.6/7b6b6793f3c4c5996b20d1d99cf728e5fac00364/lifecycle-runtime-compose-desktop-2.9.6.jar:/home/arcady/.gradle/caches/modules-2/files-2.1/org.jetbrains.androidx.savedstate/savedstate-compose-desktop/1.3.6/63692375ffe667f12cb3ea8aa1e605d659ed2add/savedstate-compose-desktop-1.3.6.jar:/home/arcady/.gradle/caches/modules-2/files-2.1/org.jetbrains.compose.runtime/runtime-desktop/1.11.1/1941336b045aac4b87cc3be81d9fdb9977c88c61/runtime-desktop-1.11.1.jar:/home/arcady/.gradle/caches/modules-2/files-2.1/androidx.lifecycle/lifecycle-runtime-desktop/2.9.4/1cc820319ec0139e76b8a2fe4be0b356b4e624c4/lifecycle-runtime-desktop-2.9.4.jar:/home/arcady/.gradle/caches/modules-2/files-2.1/androidx.lifecycle/lifecycle-common-jvm/2.9.4/ab739bccdb3541983385af169565c7c035d897e7/lifecycle-common-jvm-2.9.4.jar:/home/arcady/.gradle/caches/modules-2/files-2.1/androidx.lifecycle/lifecycle-runtime-compose-desktop/2.9.4/86a4ffec845d4e488078118a0b5095bd1fabcafe/lifecycle-runtime-compose-desktop-2.9.4.jar:/home/arcady/.gradle/caches/modules-2/files-2.1/androidx.lifecycle/lifecycle-viewmodel-desktop/2.9.4/93fee6d78f0df0e38f36e0fa2eff74f8da6d5481/lifecycle-viewmodel-desktop-2.9.4.jar:/home/arcady/.gradle/caches/modules-2/files-2.1/androidx.lifecycle/lifecycle-viewmodel-savedstate-desktop/2.9.4/72a1919b08c5a4da224d8a65ce1589aa69934e8a/lifecycle-viewmodel-savedstate-desktop-2.9.4.jar:/home/arcady/.gradle/caches/modules-2/files-2.1/androidx.savedstate/savedstate-desktop/1.4.0/3b049a0f81643d6b4b900de95bc23efc085c32d5/savedstate-desktop-1.4.0.jar:/home/arcady/.gradle/caches/modules-2/files-2.1/androidx.savedstate/savedstate-compose-desktop/1.4.0/d3d6e0e2108528eb6080dc250da925a572be4202/savedstate-compose-desktop-1.4.0.jar:/home/arcady/.gradle/caches/modules-2/files-2.1/androidx.compose.runtime/runtime-desktop/1.11.2/e93d95553cdd86c1cb8c02f50260cc1c8e341da8/runtime-desktop-1.11.2.jar:/home/arcady/.gradle/caches/modules-2/files-2.1/io.ktor/ktor-io-jvm/3.5.1/e9382eba8364609db5ce3d4e266557862e5b73fd/ktor-io-jvm-3.5.1.jar:/home/arcady/.gradle/caches/modules-2/files-2.1/org.jetbrains.kotlinx/kotlinx-coroutines-core-jvm/1.11.0/3d57dc678bd8d72a60e7adf0eca5c54e3f4f4b79/kotlinx-coroutines-core-jvm-1.11.0.jar:/home/arcady/.gradle/caches/modules-2/files-2.1/org.jetbrains.kotlinx/kotlinx-coroutines-swing/1.11.0/3cf134b8aefd813622edc37e60d66b939b55cb36/kotlinx-coroutines-swing-1.11.0.jar:/home/arcady/.gradle/caches/modules-2/files-2.1/org.jetbrains.compose.hot-reload/hot-reload-devtools-api/1.1.1/78295e7e36c6e1258d87e238865978a1a980da99/hot-reload-devtools-api-1.1.1.jar:/home/arcady/.gradle/caches/modules-2/files-2.1/app.cash.sqldelight/sqlite-driver/2.3.2/bba6319d69c46427650fd815d337e5de64b291d0/sqlite-driver-2.3.2.jar:/home/arcady/.gradle/caches/modules-2/files-2.1/org.jetbrains.kotlinx/kotlinx-serialization-json-io-jvm/1.11.0/645ed54ca9128fc217b30b3686a083141ebe635c/kotlinx-serialization-json-io-jvm-1.11.0.jar:/home/arcady/.gradle/caches/modules-2/files-2.1/org.jetbrains.kotlinx/kotlinx-serialization-core-jvm/1.11.0/c1905c9bf7452b045d5af9248835abe64ddad6bf/kotlinx-serialization-core-jvm-1.11.0.jar:/home/arcady/.gradle/caches/modules-2/files-2.1/org.jetbrains.kotlinx/kotlinx-serialization-json-jvm/1.11.0/e7e045e99e56f07599bb9ccb708c2190e2af0606/kotlinx-serialization-json-jvm-1.11.0.jar:/home/arcady/.gradle/caches/modules-2/files-2.1/app.cash.sqldelight/jdbc-driver/2.3.2/675c4cf8037ee6ea27336e752ba6ee6dca18ac55/jdbc-driver-2.3.2.jar:/home/arcady/.gradle/caches/modules-2/files-2.1/app.cash.sqldelight/runtime-jvm/2.3.2/ca2286f676b8a70bac0d71e7b7a95a89dfa4a859/runtime-jvm-2.3.2.jar:/home/arcady/.gradle/caches/modules-2/files-2.1/org.jetbrains.kotlin/kotlin-reflect/2.3.21/6acc55c52691ce3fd41b20a0472f3513106521a5/kotlin-reflect-2.3.21.jar:/home/arcady/.gradle/caches/modules-2/files-2.1/org.jetbrains.kotlinx/kotlinx-datetime-jvm/0.7.1/81c2e0246bd28cc2dcbdf0ab53628322e66a9de9/kotlinx-datetime-jvm-0.7.1.jar:/home/arcady/.gradle/caches/modules-2/files-2.1/com.squareup.okhttp3/okhttp-jvm/5.3.2/f31e8de27feebe1e56d6c9d354a0986b65be0e1d/okhttp-jvm-5.3.2.jar:/home/arcady/.gradle/caches/modules-2/files-2.1/com.squareup.okio/okio-jvm/3.17.0/a12d684ec0df9541b3869ae60a4a5257fd3613df/okio-jvm-3.17.0.jar:/home/arcady/.gradle/caches/modules-2/files-2.1/org.jetbrains.kotlinx/atomicfu-jvm/0.28.0/6a9ac536f4b2144e57c176fd4e26821eb12084f4/atomicfu-jvm-0.28.0.jar:/home/arcady/.gradle/caches/modules-2/files-2.1/androidx.collection/collection-jvm/1.5.0/7ba2c69414d46ebc2dd76598bdd0a75c54281a57/collection-jvm-1.5.0.jar:/home/arcady/.gradle/caches/modules-2/files-2.1/androidx.arch.core/core-common/2.2.0/5e1b8b81dfd5f52c56a8d53b18ca759c19a301f3/core-common-2.2.0.jar:/home/arcady/.gradle/caches/modules-2/files-2.1/androidx.annotation/annotation-jvm/1.9.1/b17951747e38bf3986a24431b9ba0d039958aa5f/annotation-jvm-1.9.1.jar:/home/arcady/.gradle/caches/modules-2/files-2.1/org.jetbrains.kotlinx/kotlinx-io-core-jvm/0.9.0/7f7536f8f057ffc7f79375714e9730c4b8bdd7c9/kotlinx-io-core-jvm-0.9.0.jar:/home/arcady/.gradle/caches/modules-2/files-2.1/org.jetbrains.kotlinx/kotlinx-io-bytestring-jvm/0.9.0/e73a7915234a8ea7954f32b715ef8e42b02f66a3/kotlinx-io-bytestring-jvm-0.9.0.jar:/home/arcady/.gradle/caches/modules-2/files-2.1/org.jetbrains.kotlin/kotlin-stdlib/2.4.10/8943c84ddc6d5cc00a10dbc3736c397066eeaab5/kotlin-stdlib-2.4.10.jar:/home/arcady/.gradle/caches/modules-2/files-2.1/net.java.dev.jna/jna/5.19.0/395436f40fa0822145c052342de69d85dfe9f9d3/jna-5.19.0.jar:/home/arcady/.gradle/caches/modules-2/files-2.1/org.jogamp.jogl/jogl-all/2.6.0/dc0dd5ce77cf31ea1dd8fc2c2c27592be76feb7c/jogl-all-2.6.0.jar:/home/arcady/.gradle/caches/modules-2/files-2.1/org.jogamp.jogl/jogl-all/2.6.0/9c5dcf644b3f8a32fc41e341381cf1a4a8684d48/jogl-all-2.6.0-natives-linux-amd64.jar:/home/arcady/.gradle/caches/modules-2/files-2.1/org.jogamp.gluegen/gluegen-rt/2.6.0/524e9cc0f1939e201ae548229c66bafca0e1ed24/gluegen-rt-2.6.0.jar:/home/arcady/.gradle/caches/modules-2/files-2.1/org.jogamp.gluegen/gluegen-rt/2.6.0/7a99a746281a6ac3e97134b589c2d8d13dc0378e/gluegen-rt-2.6.0-natives-linux-amd64.jar:/home/arcady/.gradle/caches/modules-2/files-2.1/org.jetbrains/annotations/23.0.0/8cc20c07506ec18e0834947b84a864bfc094484e/annotations-23.0.0.jar:/home/arcady/.gradle/caches/modules-2/files-2.1/com.frostwire/jlibtorrent/2.0.12.9/541c28a638936c4de35b9e66c42ccca22adc287d/jlibtorrent-2.0.12.9.jar:/home/arcady/.gradle/caches/modules-2/files-2.1/org.graalvm.js/js-community/25.0.2/a415eb59c88a2dda2a4e739214bb7111cffc5984/js-community-25.0.2.pom:/home/arcady/.gradle/caches/modules-2/files-2.1/org.graalvm.js/js/25.0.2/ec12bb5a8df20e7159b3239129d666460a89662c/js-25.0.2.pom:/home/arcady/.gradle/caches/modules-2/files-2.1/org.graalvm.js/js-language/25.0.2/1bab7bfeb0e853b22e01c170c5910ec3fed64bd7/js-language-25.0.2.jar:/home/arcady/.gradle/caches/modules-2/files-2.1/org.graalvm.truffle/truffle-runtime/25.0.2/e30b34b7bd3103b7b1b175021ec1ac2aa606d692/truffle-runtime-25.0.2.jar:/home/arcady/.gradle/caches/modules-2/files-2.1/org.graalvm.regex/regex/25.0.2/d9139554e05fbe619028745419850198249d0b24/regex-25.0.2.jar:/home/arcady/.gradle/caches/modules-2/files-2.1/org.graalvm.truffle/truffle-api/25.0.2/50b987c8860bd113be3c24e0e3e473c41467618f/truffle-api-25.0.2.jar:/home/arcady/.gradle/caches/modules-2/files-2.1/org.graalvm.polyglot/polyglot/25.0.2/ae7722e14f72efac7172bf66d92c3fd9266ed151/polyglot-25.0.2.jar:/home/arcady/.gradle/caches/modules-2/files-2.1/com.frostwire/jlibtorrent-linux-x86_64/2.0.12.9/5a9791cee2574387863a430f2a92b58ba7293a61/jlibtorrent-linux-x86_64-2.0.12.9.jar:/home/arcady/.gradle/caches/modules-2/files-2.1/antlr/antlr/2.7.7/83cd2cd674a217ade95a4bb83a8a14f351f48bd0/antlr-2.7.7.jar:/home/arcady/.gradle/caches/modules-2/files-2.1/org.xerial/sqlite-jdbc/3.51.3.0/a6a5177ff8d35028a8943129aa4a18e850fe1387/sqlite-jdbc-3.51.3.0.jar:/home/arcady/.gradle/caches/modules-2/files-2.1/org.graalvm.sdk/jniutils/25.0.2/bb775e33e75152b04e4000ecca87ce6341794cf2/jniutils-25.0.2.jar:/home/arcady/.gradle/caches/modules-2/files-2.1/org.graalvm.sdk/collections/25.0.2/6e921cc0f9986aff40cb6b96f17c669c18d858c7/collections-25.0.2.jar:/home/arcady/.gradle/caches/modules-2/files-2.1/org.graalvm.shadowed/icu4j/25.0.2/cadb4d511905a20f2dc0b61320e43736a49e1dfd/icu4j-25.0.2.jar:/home/arcady/.gradle/caches/modules-2/files-2.1/org.graalvm.sdk/nativeimage/25.0.2/51871243791b4ba45af46df4ad5e8a35393d1044/nativeimage-25.0.2.jar:/home/arcady/.gradle/caches/modules-2/files-2.1/org.slf4j/slf4j-api/2.0.18/78a9e7a37cd6360e0b818e86341b24123d28d4df/slf4j-api-2.0.18.jar:/home/arcady/.gradle/caches/modules-2/files-2.1/com.typesafe/config/1.4.9/fc87584fea1adcf5df899e58501a470329e59b52/config-1.4.9.jar:/home/arcady/.gradle/caches/modules-2/files-2.1/org.graalvm.sdk/word/25.0.2/2f4e3c92bba118d3adab969956e5ea3d66e96d18/word-25.0.2.jar:/home/arcady/.gradle/caches/modules-2/files-2.1/org.jetbrains.runtime/jbr-api/1.9.0/2bc161f5472b5fd5610740e4d6ebe896c811cb0e/jbr-api-1.9.0.jar:/home/arcady/.gradle/caches/modules-2/files-2.1/org.graalvm.truffle/truffle-compiler/25.0.2/4c61dfa49ba0d207f5df1fc410030fa256fee2ff/truffle-compiler-25.0.2.jar:/home/arcady/.gradle/caches/modules-2/files-2.1/org.graalvm.shadowed/xz/25.0.2/3a62dce96f476ff431800ec61d1807fd83c7c77b/xz-25.0.2.jar:/home/arcady/.gradle/caches/modules-2/files-2.1/org.jspecify/jspecify/1.0.0/7425a601c1c7ec76645a78d22b8c6a627edee507/jspecify-1.0.0.jar
Launcher Type: SUN_STANDARD

[Global flags]
     bool AllowEnhancedClassRedefinition           = true                                      {product} {command line}
     intx CICompilerCount                          = 4                                         {product} {ergonomic}
     uint ConcGCThreads                            = 3                                         {product} {ergonomic}
     uint G1ConcRefinementThreads                  = 10                                        {product} {ergonomic}
   size_t G1HeapRegionSize                         = 4194304                                   {product} {ergonomic}
    uintx GCDrainStackTargetSize                   = 64                                        {product} {ergonomic}
     bool IgnoreUnrecognizedVMOptions              = true                                      {product} {command line}
   size_t InitialHeapSize                          = 528482304                                 {product} {ergonomic}
   size_t MarkStackSize                            = 4194304                                   {product} {ergonomic}
   size_t MaxHeapSize                              = 8392802304                                {product} {ergonomic}
   size_t MaxNewSize                               = 5033164800                                {product} {ergonomic}
   size_t MinHeapDeltaBytes                        = 4194304                                   {product} {ergonomic}
   size_t MinHeapSize                              = 8388608                                   {product} {ergonomic}
    uintx NonNMethodCodeHeapSize                   = 5839372                                {pd product} {ergonomic}
    uintx NonProfiledCodeHeapSize                  = 122909434                              {pd product} {ergonomic}
    uintx ProfiledCodeHeapSize                     = 122909434                              {pd product} {ergonomic}
    uintx ReservedCodeCacheSize                    = 251658240                              {pd product} {ergonomic}
     bool SegmentedCodeCache                       = true                                      {product} {ergonomic}
   size_t SoftMaxHeapSize                          = 8392802304                             {manageable} {ergonomic}
     bool UseCompressedOops                        = true                           {product lp64_product} {ergonomic}
     bool UseG1GC                                  = true                                      {product} {ergonomic}

Logging:
Log output configuration:
 #0: stdout all=warning uptime,level,tags foldmultilines=false
 #1: stderr all=off uptime,level,tags foldmultilines=false

Release file:
JAVA_VERSION="21.0.11"
MODULES="java.base java.datatransfer java.xml java.prefs java.desktop gluegen.rt java.compiler java.instrument java.logging java.management java.security.sasl java.naming java.rmi java.management.rmi java.net.http java.scripting java.security.jgss java.transaction.xa java.sql java.sql.rowset java.xml.crypto java.se java.smartcardio jogl.all jcef jdk.accessibility jdk.internal.jvmstat jdk.attach jdk.charsets jdk.internal.opt jdk.zipfs jdk.compiler jdk.crypto.ec jdk.crypto.cryptoki jdk.dynalink jdk.internal.ed jdk.editpad jdk.hotspot.agent jdk.httpserver jdk.incubator.vector jdk.internal.le jdk.internal.vm.ci jdk.internal.vm.compiler jdk.internal.vm.compiler.management jdk.jartool jdk.javadoc jdk.jcmd jdk.management jdk.management.agent jdk.jconsole jdk.jdeps jdk.jdwp.agent jdk.jdi jdk.jfr jdk.jlink jdk.jpackage jdk.jshell jdk.jsobject jdk.jstatd jdk.localedata jdk.management.jfr jdk.naming.dns jdk.naming.rmi jdk.net jdk.nio.mapmode jdk.random jdk.sctp jdk.security.auth jdk.security.jgss jdk.unsupported jdk.unsupported.desktop jdk.xml.dom"
IMPLEMENTOR="JetBrains s.r.o."
IMPLEMENTOR_VERSION="JBRSDK-21.0.11+10-1163.116-jcef"
JAVA_RUNTIME_VERSION="21.0.11+10-b1163.116"
LIBC="gnu"
OS_ARCH="x86_64"
OS_NAME="Linux"
SOURCE=".:git:cf1f197170a0+ jcef_git:git:4a605f44671a"
JCEF_VERSION="137.0.17.1107+ge397b56"
JCEF_COMMIT_HASH="e397b569415d3c67b114495985454e5201955573"

Environment Variables:
PATH=/home/arcady/.local/bin:/home/arcady/loom-prefix/bin:/home/arcady/Documents/CoveQml/dist/bin:/home/arcady/go/bin:/home/arcady/.cargo/bin:/usr/local/bin:/usr/bin:/bin:/usr/local/sbin:/home/arcady/.local/share/flatpak/exports/bin:/var/lib/flatpak/exports/bin:/usr/lib/jvm/default/bin:/usr/bin/site_perl:/usr/bin/vendor_perl:/usr/bin/core_perl:/home/arcady/.local/share/JetBrains/Toolbox/scripts
SHELL=/bin/fish
DISPLAY=:0
WAYLAND_DISPLAY=wayland-1
LANG=en_US.UTF-8
LC_NUMERIC=tr_TR.UTF-8
LC_TIME=tr_TR.UTF-8

Active Locale:
LC_ALL=LC_CTYPE=en_US.UTF-8;LC_NUMERIC=C;LC_TIME=tr_TR.UTF-8;LC_COLLATE=en_US.UTF-8;LC_MONETARY=tr_TR.UTF-8;LC_MESSAGES=en_US.UTF-8;LC_PAPER=tr_TR.UTF-8;LC_NAME=tr_TR.UTF-8;LC_ADDRESS=tr_TR.UTF-8;LC_TELEPHONE=tr_TR.UTF-8;LC_MEASUREMENT=tr_TR.UTF-8;LC_IDENTIFICATION=tr_TR.UTF-8
LC_COLLATE=en_US.UTF-8
LC_CTYPE=en_US.UTF-8
LC_MESSAGES=en_US.UTF-8
LC_MONETARY=tr_TR.UTF-8
LC_NUMERIC=C
LC_TIME=tr_TR.UTF-8

Signal Handlers:
   SIGSEGV: crash_handler in libjvm.so, mask=11100100010111111101111111111110, flags=SA_RESTART|SA_SIGINFO, unblocked
    SIGBUS: crash_handler in libjvm.so, mask=11100100010111111101111111111110, flags=SA_RESTART|SA_SIGINFO, unblocked
    SIGFPE: crash_handler in libjvm.so, mask=11100100010111111101111111111110, flags=SA_RESTART|SA_SIGINFO, unblocked
   SIGPIPE: SIG_IGN, mask=00000000000010000000000000000000, flags=SA_RESTART, blocked
  *** Handler was modified!
  *** Expected: javaSignalHandler in libjvm.so, mask=11100100110111111111111111111110, flags=SA_RESTART|SA_SIGINFO
   SIGXFSZ: javaSignalHandler in libjvm.so, mask=11100100010111111101111111111110, flags=SA_RESTART|SA_SIGINFO, blocked
    SIGILL: crash_handler in libjvm.so, mask=11100100010111111101111111111110, flags=SA_RESTART|SA_SIGINFO, unblocked
   SIGUSR2: SR_handler in libjvm.so, mask=00000000000000000000000000000000, flags=SA_RESTART|SA_SIGINFO, blocked
    SIGHUP: UserHandler in libjvm.so, mask=11100100010111111101111111111110, flags=SA_RESTART|SA_SIGINFO, blocked
    SIGINT: UserHandler in libjvm.so, mask=11100100010111111101111111111110, flags=SA_RESTART|SA_SIGINFO, blocked
   SIGTERM: UserHandler in libjvm.so, mask=11100100010111111101111111111110, flags=SA_RESTART|SA_SIGINFO, blocked
   SIGQUIT: UserHandler in libjvm.so, mask=11100100010111111101111111111110, flags=SA_RESTART|SA_SIGINFO, blocked
   SIGTRAP: crash_handler in libjvm.so, mask=11100100010111111101111111111110, flags=SA_RESTART|SA_SIGINFO, unblocked


Periodic native trim disabled

JNI global refs:
JNI global refs: 123, weak refs: 63

JNI global refs memory usage: 1491, weak refs: 1489

Process memory usage:
Resident Set Size: 1546044K (4% of 32777736K total physical memory with 9782544K free physical memory)

OOME stack traces (most recent first):
Classloader memory used:
Loader jdk.internal.loader.ClassLoaders$AppClassLoader                                 : 57748K
Loader bootstrap                                                                       : 12846K
Loader jdk.internal.loader.ClassLoaders$PlatformClassLoader                            : 464K
Loader jdk.internal.reflect.DelegatingClassLoader                                      : 20336B

---------------  S Y S T E M  ---------------

OS:
DISTRIB_ID=cachyos
DISTRIB_RELEASE="rolling"
DISTRIB_DESCRIPTION="CachyOS"
uname: Linux 7.1.6-1-cachyos #1 SMP PREEMPT_DYNAMIC Wed, 05 Aug 2026 09:51:19 +0000 x86_64
OS uptime: 4 days 12:48 hours
libc: glibc 2.44 NPTL 2.44 
rlimit (soft/hard): STACK 8192k/infinity , CORE infinity/infinity , NPROC 127806/127806 , NOFILE 2097152/2097152 , AS infinity/infinity , CPU infinity/infinity , DATA infinity/infinity , FSIZE infinity/infinity , MEMLOCK 8192k/8192k
load average: 2.03 2.88 2.83

/proc/meminfo:
MemTotal:       32777736 kB
MemFree:         2061684 kB
MemAvailable:    9780748 kB
Buffers:          290528 kB
Cached:          7616672 kB
SwapCached:         9164 kB
Active:         17876896 kB
Inactive:        8143396 kB
Active(anon):   16215732 kB
Inactive(anon):  2119968 kB
Active(file):    1661164 kB
Inactive(file):  6023428 kB
Unevictable:       93140 kB
Mlocked:             864 kB
SwapTotal:      32777212 kB
SwapFree:       26359784 kB
Zswap:                 0 kB
Zswapped:              0 kB
Dirty:              3488 kB
Writeback:             0 kB
AnonPages:      18060024 kB
Mapped:          1704520 kB
Shmem:            130228 kB
KReclaimable:     499888 kB
Slab:             847164 kB
SReclaimable:     499888 kB
SUnreclaim:       347276 kB
KernelStack:       57568 kB
PageTables:       128336 kB
SecPageTables:      4464 kB
NFS_Unstable:          0 kB
Bounce:                0 kB
WritebackTmp:          0 kB
CommitLimit:    49166080 kB
Committed_AS:   52038864 kB
VmallocTotal:   34359738367 kB
VmallocUsed:      263612 kB
VmallocChunk:          0 kB
Percpu:            15616 kB
HardwareCorrupted:     0 kB
AnonHugePages:   5367808 kB
ShmemHugePages:        0 kB
ShmemPmdMapped:        0 kB
FileHugePages:    743424 kB
FilePmdMapped:    399360 kB
CmaTotal:              0 kB
CmaFree:               0 kB
Unaccepted:            0 kB
Balloon:               0 kB
GPUActive:        695784 kB
GPUReclaim:       179368 kB
HugePages_Total:       0
HugePages_Free:        0
HugePages_Rsvd:        0
HugePages_Surp:        0
Hugepagesize:       2048 kB
Hugetlb:               0 kB
DirectMap4k:    31331184 kB
DirectMap2M:     2144256 kB
DirectMap1G:           0 kB

/sys/kernel/mm/transparent_hugepage/enabled: [always] madvise never
/sys/kernel/mm/transparent_hugepage/hpage_pmd_size: 2097152
/sys/kernel/mm/transparent_hugepage/defrag (defrag/compaction efforts parameter): always defer [defer+madvise] madvise never

Process Memory:
Virtual Size: 12252760K (peak: 12314924K)
Resident Set Size: 1546028K (peak: 1595688K) (anon: 1364040K, file: 180816K, shmem: 1172K)
Swapped out: 0K
C-Heap outstanding allocations: 559120K, retained: 263603K
glibc malloc tunables: (default)

/proc/sys/kernel/threads-max (system-wide limit on the number of threads): 255613
/proc/sys/vm/max_map_count (maximum number of memory map areas a process may have): 1048576
/proc/sys/vm/swappiness (control to define how aggressively the kernel swaps out anonymous memory): 150
/proc/sys/kernel/pid_max (system-wide limit on number of process identifiers): 4194304

container information not found.
Steal ticks since vm start: 0
Steal ticks percentage since vm start:  0.000

CPU: total 12 (initial active 12) (12 cores per cpu, 2 threads per core) family 23 model 113 stepping 0 microcode 0x8701034, cx8, cmov, fxsr, ht, mmx, 3dnowpref, sse, sse2, sse3, ssse3, sse4a, sse4.1, sse4.2, popcnt, lzcnt, tsc, tscinvbit, avx, avx2, aes, clmul, bmi1, bmi2, adx, sha, fma, vzeroupper, clflush, clflushopt, rdtscp, rdpid, f16c
CPU Model and flags from /proc/cpuinfo:
model name	: AMD Ryzen 5 3600 6-Core Processor
flags		: fpu vme de pse tsc msr pae mce cx8 apic sep mtrr pge mca cmov pat pse36 clflush mmx fxsr sse sse2 ht syscall nx mmxext fxsr_opt pdpe1gb rdtscp lm constant_tsc rep_good nopl xtopology nonstop_tsc cpuid extd_apicid aperfmperf rapl pni pclmulqdq monitor ssse3 fma cx16 sse4_1 sse4_2 x2apic movbe popcnt aes xsave avx f16c rdrand lahf_lm cmp_legacy svm extapic cr8_legacy abm sse4a misalignsse 3dnowprefetch osvw ibs skinit wdt tce topoext perfctr_core perfctr_nb bpext perfctr_llc mwaitx cpb cat_l3 cdp_l3 hw_pstate ssbd mba ibpb stibp vmmcall fsgsbase bmi1 avx2 smep bmi2 cqm rdt_a rdseed adx smap clflushopt clwb sha_ni xsaveopt xsavec xgetbv1 cqm_llc cqm_occup_llc cqm_mbm_total cqm_mbm_local clzero irperf xsaveerptr rdpru wbnoinvd arat npt lbrv svm_lock nrip_save tsc_scale vmcb_clean flushbyasid decodeassists pausefilter pfthreshold avic v_vmsave_vmload vgif v_spec_ctrl umip rdpid overflow_recov succor smca sev sev_es

Online cpus: 0-11
Offline cpus: 
BIOS frequency limitation: <Not Available>
Frequency switch latency (ns): 0
Available cpu frequencies: <Not Available>
Current governor: performance
Core performance/turbo boost: 1

Memory: 4k page, physical 32777736k(9780748k free), swap 32777212k(26359784k free)
Page Sizes: 4k

vm_info: OpenJDK 64-Bit Server VM (21.0.11+10-b1163.116) for linux-amd64 JRE (21.0.11+10-b1163.116), built on 2026-04-30 by "builduser" with gcc 10.3.1 20210422 (Red Hat 10.3.1-1.2.0.1)

END.
